Class,Filename,Variable,Value,Q1,Q3,IQR,Lower_Bound,Upper_Bound
Benign,1811.jpg,Brightness_Mean,66.14367,146.58324,194.32744,47.744200000000006,74.96693999999998,265.94374
Benign,2089.jpg,Brightness_Mean,55.194855,146.58324,194.32744,47.744200000000006,74.96693999999998,265.94374
Benign,2279.jpg,Brightness_Mean,59.834217,146.58324,194.32744,47.744200000000006,74.96693999999998,265.94374
Benign,2588.jpg,Brightness_Mean,71.18691,146.58324,194.32744,47.744200000000006,74.96693999999998,265.94374
Benign,3032.jpg,Brightness_Mean,46.06387,146.58324,194.32744,47.744200000000006,74.96693999999998,265.94374
Benign,3514.jpg,Brightness_Mean,67.815216,146.58324,194.32744,47.744200000000006,74.96693999999998,265.94374
Benign,3528.jpg,Brightness_Mean,72.62031,146.58324,194.32744,47.744200000000006,74.96693999999998,265.94374
Benign,3573.jpg,Brightness_Mean,51.45265,146.58324,194.32744,47.744200000000006,74.96693999999998,265.94374
Benign,3662.jpg,Brightness_Mean,72.23184,146.58324,194.32744,47.744200000000006,74.96693999999998,265.94374
Benign,3733.jpg,Brightness_Mean,58.002125,146.58324,194.32744,47.744200000000006,74.96693999999998,265.94374
Benign,3746.jpg,Brightness_Mean,72.036896,146.58324,194.32744,47.744200000000006,74.96693999999998,265.94374
Benign,3862.jpg,Brightness_Mean,52.090714,146.58324,194.32744,47.744200000000006,74.96693999999998,265.94374
Benign,3996.jpg,Brightness_Mean,62.479168,146.58324,194.32744,47.744200000000006,74.96693999999998,265.94374
Benign,4362.jpg,Brightness_Mean,59.884613,146.58324,194.32744,47.744200000000006,74.96693999999998,265.94374
Benign,4367.jpg,Brightness_Mean,48.700954,146.58324,194.32744,47.744200000000006,74.96693999999998,265.94374
Benign,4473.jpg,Brightness_Mean,74.341896,146.58324,194.32744,47.744200000000006,74.96693999999998,265.94374
Benign,4578.jpg,Brightness_Mean,64.013664,146.58324,194.32744,47.744200000000006,74.96693999999998,265.94374
Benign,4615.jpg,Brightness_Mean,52.93168,146.58324,194.32744,47.744200000000006,74.96693999999998,265.94374
Benign,4627.jpg,Brightness_Mean,27.404821,146.58324,194.32744,47.744200000000006,74.96693999999998,265.94374
Benign,4857.jpg,Brightness_Mean,57.21895,146.58324,194.32744,47.744200000000006,74.96693999999998,265.94374
Benign,4875.jpg,Brightness_Mean,71.47862,146.58324,194.32744,47.744200000000006,74.96693999999998,265.94374
Benign,5160.jpg,Brightness_Mean,48.482967,146.58324,194.32744,47.744200000000006,74.96693999999998,265.94374
Benign,5211.jpg,Brightness_Mean,35.867706,146.58324,194.32744,47.744200000000006,74.96693999999998,265.94374
Benign,5478.jpg,Brightness_Mean,58.576584,146.58324,194.32744,47.744200000000006,74.96693999999998,265.94374
Benign,5688.jpg,Brightness_Mean,72.93037,146.58324,194.32744,47.744200000000006,74.96693999999998,265.94374
Benign,5974.jpg,Brightness_Mean,73.7207,146.58324,194.32744,47.744200000000006,74.96693999999998,265.94374
Benign,6248.jpg,Brightness_Mean,71.94935,146.58324,194.32744,47.744200000000006,74.96693999999998,265.94374
Benign,1034.jpg,Brightness_Std,78.12005,29.980288,46.011898,16.03161,5.932873000000001,70.059313
Benign,1159.jpg,Brightness_Std,70.338326,29.980288,46.011898,16.03161,5.932873000000001,70.059313
Benign,1231.jpg,Brightness_Std,70.28719,29.980288,46.011898,16.03161,5.932873000000001,70.059313
Benign,1240.jpg,Brightness_Std,75.66326,29.980288,46.011898,16.03161,5.932873000000001,70.059313
Benign,138.jpg,Brightness_Std,77.16506,29.980288,46.011898,16.03161,5.932873000000001,70.059313
Benign,1669.jpg,Brightness_Std,74.61179,29.980288,46.011898,16.03161,5.932873000000001,70.059313
Benign,1708.jpg,Brightness_Std,72.86493,29.980288,46.011898,16.03161,5.932873000000001,70.059313
Benign,1709.jpg,Brightness_Std,79.200165,29.980288,46.011898,16.03161,5.932873000000001,70.059313
Benign,1777.jpg,Brightness_Std,75.4046,29.980288,46.011898,16.03161,5.932873000000001,70.059313
Benign,1778.jpg,Brightness_Std,70.84931,29.980288,46.011898,16.03161,5.932873000000001,70.059313
Benign,180.jpg,Brightness_Std,74.54424,29.980288,46.011898,16.03161,5.932873000000001,70.059313
Benign,2363.jpg,Brightness_Std,73.61076,29.980288,46.011898,16.03161,5.932873000000001,70.059313
Benign,2375.jpg,Brightness_Std,78.02742,29.980288,46.011898,16.03161,5.932873000000001,70.059313
Benign,3314.jpg,Brightness_Std,83.299904,29.980288,46.011898,16.03161,5.932873000000001,70.059313
Benign,3324.jpg,Brightness_Std,75.29714,29.980288,46.011898,16.03161,5.932873000000001,70.059313
Benign,363.jpg,Brightness_Std,81.655075,29.980288,46.011898,16.03161,5.932873000000001,70.059313
Benign,4079.jpg,Brightness_Std,85.18603,29.980288,46.011898,16.03161,5.932873000000001,70.059313
Benign,4253.jpg,Brightness_Std,70.523476,29.980288,46.011898,16.03161,5.932873000000001,70.059313
Benign,4283.jpg,Brightness_Std,70.89828,29.980288,46.011898,16.03161,5.932873000000001,70.059313
Benign,4517.jpg,Brightness_Std,89.04572,29.980288,46.011898,16.03161,5.932873000000001,70.059313
Benign,452.jpg,Brightness_Std,71.56531,29.980288,46.011898,16.03161,5.932873000000001,70.059313
Benign,4661.jpg,Brightness_Std,78.78344,29.980288,46.011898,16.03161,5.932873000000001,70.059313
Benign,4908.jpg,Brightness_Std,84.57801,29.980288,46.011898,16.03161,5.932873000000001,70.059313
Benign,5583.jpg,Brightness_Std,75.84223,29.980288,46.011898,16.03161,5.932873000000001,70.059313
Benign,5590.jpg,Brightness_Std,73.389465,29.980288,46.011898,16.03161,5.932873000000001,70.059313
Benign,5614.jpg,Brightness_Std,71.36087,29.980288,46.011898,16.03161,5.932873000000001,70.059313
Benign,5642.jpg,Brightness_Std,72.11992,29.980288,46.011898,16.03161,5.932873000000001,70.059313
Benign,6266.jpg,Brightness_Std,79.03006,29.980288,46.011898,16.03161,5.932873000000001,70.059313
Benign,969.jpg,Brightness_Std,71.82062,29.980288,46.011898,16.03161,5.932873000000001,70.059313
Benign,1440.jpg,Red_Mean,116.38281,187.78491,228.75868,40.97377,126.324255,290.219335
Benign,1699.jpg,Red_Mean,120.94697,187.78491,228.75868,40.97377,126.324255,290.219335
Benign,180.jpg,Red_Mean,108.05319,187.78491,228.75868,40.97377,126.324255,290.219335
Benign,1811.jpg,Red_Mean,95.317604,187.78491,228.75868,40.97377,126.324255,290.219335
Benign,1894.jpg,Red_Mean,125.121254,187.78491,228.75868,40.97377,126.324255,290.219335
Benign,1955.jpg,Red_Mean,124.75953,187.78491,228.75868,40.97377,126.324255,290.219335
Benign,1975.jpg,Red_Mean,120.12215,187.78491,228.75868,40.97377,126.324255,290.219335
Benign,2089.jpg,Red_Mean,86.46243,187.78491,228.75868,40.97377,126.324255,290.219335
Benign,2125.jpg,Red_Mean,117.83632,187.78491,228.75868,40.97377,126.324255,290.219335
Benign,2201.jpg,Red_Mean,123.902405,187.78491,228.75868,40.97377,126.324255,290.219335
Benign,2279.jpg,Red_Mean,103.322945,187.78491,228.75868,40.97377,126.324255,290.219335
Benign,2418.jpg,Red_Mean,110.6583,187.78491,228.75868,40.97377,126.324255,290.219335
Benign,2541.jpg,Red_Mean,120.47315,187.78491,228.75868,40.97377,126.324255,290.219335
Benign,2588.jpg,Red_Mean,116.124146,187.78491,228.75868,40.97377,126.324255,290.219335
Benign,2620.jpg,Red_Mean,113.62532,187.78491,228.75868,40.97377,126.324255,290.219335
Benign,2959.jpg,Red_Mean,119.27858,187.78491,228.75868,40.97377,126.324255,290.219335
Benign,3032.jpg,Red_Mean,103.560684,187.78491,228.75868,40.97377,126.324255,290.219335
Benign,3269.jpg,Red_Mean,125.4276,187.78491,228.75868,40.97377,126.324255,290.219335
Benign,3514.jpg,Red_Mean,113.095505,187.78491,228.75868,40.97377,126.324255,290.219335
Benign,3528.jpg,Red_Mean,120.47393,187.78491,228.75868,40.97377,126.324255,290.219335
Benign,3536.jpg,Red_Mean,122.3848,187.78491,228.75868,40.97377,126.324255,290.219335
Benign,3573.jpg,Red_Mean,67.57003,187.78491,228.75868,40.97377,126.324255,290.219335
Benign,3662.jpg,Red_Mean,112.41311,187.78491,228.75868,40.97377,126.324255,290.219335
Benign,3733.jpg,Red_Mean,97.24261,187.78491,228.75868,40.97377,126.324255,290.219335
Benign,3743.jpg,Red_Mean,123.22305,187.78491,228.75868,40.97377,126.324255,290.219335
Benign,3746.jpg,Red_Mean,93.93188,187.78491,228.75868,40.97377,126.324255,290.219335
Benign,3814.jpg,Red_Mean,94.58694,187.78491,228.75868,40.97377,126.324255,290.219335
Benign,3862.jpg,Red_Mean,97.84321,187.78491,228.75868,40.97377,126.324255,290.219335
Benign,3883.jpg,Red_Mean,113.51226,187.78491,228.75868,40.97377,126.324255,290.219335
Benign,3996.jpg,Red_Mean,91.22649,187.78491,228.75868,40.97377,126.324255,290.219335
Benign,4144.jpg,Red_Mean,112.181,187.78491,228.75868,40.97377,126.324255,290.219335
Benign,4297.jpg,Red_Mean,117.15912,187.78491,228.75868,40.97377,126.324255,290.219335
Benign,4307.jpg,Red_Mean,121.54958,187.78491,228.75868,40.97377,126.324255,290.219335
Benign,4362.jpg,Red_Mean,93.29885,187.78491,228.75868,40.97377,126.324255,290.219335
Benign,4367.jpg,Red_Mean,104.98571,187.78491,228.75868,40.97377,126.324255,290.219335
Benign,4473.jpg,Red_Mean,120.61866,187.78491,228.75868,40.97377,126.324255,290.219335
Benign,4578.jpg,Red_Mean,107.379265,187.78491,228.75868,40.97377,126.324255,290.219335
Benign,4615.jpg,Red_Mean,110.92572,187.78491,228.75868,40.97377,126.324255,290.219335
Benign,4627.jpg,Red_Mean,38.28133,187.78491,228.75868,40.97377,126.324255,290.219335
Benign,4765.jpg,Red_Mean,119.12187,187.78491,228.75868,40.97377,126.324255,290.219335
Benign,4857.jpg,Red_Mean,89.28119,187.78491,228.75868,40.97377,126.324255,290.219335
Benign,4875.jpg,Red_Mean,123.776245,187.78491,228.75868,40.97377,126.324255,290.219335
Benign,4921.jpg,Red_Mean,116.93166,187.78491,228.75868,40.97377,126.324255,290.219335
Benign,4954.jpg,Red_Mean,107.3941,187.78491,228.75868,40.97377,126.324255,290.219335
Benign,4980.jpg,Red_Mean,123.03661,187.78491,228.75868,40.97377,126.324255,290.219335
Benign,4981.jpg,Red_Mean,108.804665,187.78491,228.75868,40.97377,126.324255,290.219335
Benign,5109.jpg,Red_Mean,121.5236,187.78491,228.75868,40.97377,126.324255,290.219335
Benign,5160.jpg,Red_Mean,87.75759,187.78491,228.75868,40.97377,126.324255,290.219335
Benign,5211.jpg,Red_Mean,73.1195,187.78491,228.75868,40.97377,126.324255,290.219335
Benign,5216.jpg,Red_Mean,117.95954,187.78491,228.75868,40.97377,126.324255,290.219335
Benign,5468.jpg,Red_Mean,122.97864,187.78491,228.75868,40.97377,126.324255,290.219335
Benign,5478.jpg,Red_Mean,81.574776,187.78491,228.75868,40.97377,126.324255,290.219335
Benign,5662.jpg,Red_Mean,110.47403,187.78491,228.75868,40.97377,126.324255,290.219335
Benign,5688.jpg,Red_Mean,96.228,187.78491,228.75868,40.97377,126.324255,290.219335
Benign,5974.jpg,Red_Mean,107.44362,187.78491,228.75868,40.97377,126.324255,290.219335
Benign,6009.jpg,Red_Mean,101.95745,187.78491,228.75868,40.97377,126.324255,290.219335
Benign,6075.jpg,Red_Mean,118.753525,187.78491,228.75868,40.97377,126.324255,290.219335
Benign,6101.jpg,Red_Mean,113.76606,187.78491,228.75868,40.97377,126.324255,290.219335
Benign,6135.jpg,Red_Mean,121.58026,187.78491,228.75868,40.97377,126.324255,290.219335
Benign,6151.jpg,Red_Mean,122.8976,187.78491,228.75868,40.97377,126.324255,290.219335
Benign,6248.jpg,Red_Mean,114.7455,187.78491,228.75868,40.97377,126.324255,290.219335
Benign,661.jpg,Red_Mean,122.515884,187.78491,228.75868,40.97377,126.324255,290.219335
Benign,3032.jpg,Green_Mean,29.960081,126.55244,181.27678,54.72434,44.46593,263.36329
Benign,3514.jpg,Green_Mean,36.87807,126.55244,181.27678,54.72434,44.46593,263.36329
Benign,3733.jpg,Green_Mean,43.581852,126.55244,181.27678,54.72434,44.46593,263.36329
Benign,3862.jpg,Green_Mean,37.6541,126.55244,181.27678,54.72434,44.46593,263.36329
Benign,4367.jpg,Green_Mean,33.82368,126.55244,181.27678,54.72434,44.46593,263.36329
Benign,4615.jpg,Green_Mean,40.643116,126.55244,181.27678,54.72434,44.46593,263.36329
Benign,4627.jpg,Green_Mean,25.269033,126.55244,181.27678,54.72434,44.46593,263.36329
Benign,5160.jpg,Green_Mean,38.171497,126.55244,181.27678,54.72434,44.46593,263.36329
Benign,5211.jpg,Green_Mean,22.726841,126.55244,181.27678,54.72434,44.46593,263.36329
Benign,2089.jpg,Blue_Mean,30.96889,122.02848,177.08153,55.053049999999985,39.448905000000025,259.66110499999996
Benign,2278.jpg,Blue_Mean,36.72979,122.02848,177.08153,55.053049999999985,39.448905000000025,259.66110499999996
Benign,2279.jpg,Blue_Mean,26.428213,122.02848,177.08153,55.053049999999985,39.448905000000025,259.66110499999996
Benign,2588.jpg,Blue_Mean,37.052593,122.02848,177.08153,55.053049999999985,39.448905000000025,259.66110499999996
Benign,3020.jpg,Blue_Mean,31.31852,122.02848,177.08153,55.053049999999985,39.448905000000025,259.66110499999996
Benign,3032.jpg,Blue_Mean,4.670839,122.02848,177.08153,55.053049999999985,39.448905000000025,259.66110499999996
Benign,3733.jpg,Blue_Mean,33.18192,122.02848,177.08153,55.053049999999985,39.448905000000025,259.66110499999996
Benign,3862.jpg,Blue_Mean,20.774832,122.02848,177.08153,55.053049999999985,39.448905000000025,259.66110499999996
Benign,4362.jpg,Blue_Mean,31.600567,122.02848,177.08153,55.053049999999985,39.448905000000025,259.66110499999996
Benign,4367.jpg,Blue_Mean,7.293467,122.02848,177.08153,55.053049999999985,39.448905000000025,259.66110499999996
Benign,4473.jpg,Blue_Mean,37.297253,122.02848,177.08153,55.053049999999985,39.448905000000025,259.66110499999996
Benign,4578.jpg,Blue_Mean,28.683853,122.02848,177.08153,55.053049999999985,39.448905000000025,259.66110499999996
Benign,4615.jpg,Blue_Mean,7.226204,122.02848,177.08153,55.053049999999985,39.448905000000025,259.66110499999996
Benign,4627.jpg,Blue_Mean,18.664103,122.02848,177.08153,55.053049999999985,39.448905000000025,259.66110499999996
Benign,4857.jpg,Blue_Mean,31.792332,122.02848,177.08153,55.053049999999985,39.448905000000025,259.66110499999996
Benign,4875.jpg,Blue_Mean,34.20452,122.02848,177.08153,55.053049999999985,39.448905000000025,259.66110499999996
Benign,5160.jpg,Blue_Mean,19.51981,122.02848,177.08153,55.053049999999985,39.448905000000025,259.66110499999996
Benign,5211.jpg,Blue_Mean,11.756776,122.02848,177.08153,55.053049999999985,39.448905000000025,259.66110499999996
Benign,5478.jpg,Blue_Mean,37.57328,122.02848,177.08153,55.053049999999985,39.448905000000025,259.66110499999996
Malignant,1028.jpg,Brightness_Mean,222.47855,123.36917,159.00376,35.63459,69.91728499999999,212.455645
Malignant,1125.jpg,Brightness_Mean,33.612137,123.36917,159.00376,35.63459,69.91728499999999,212.455645
Malignant,1245.jpg,Brightness_Mean,218.96233,123.36917,159.00376,35.63459,69.91728499999999,212.455645
Malignant,1428.jpg,Brightness_Mean,63.62732,123.36917,159.00376,35.63459,69.91728499999999,212.455645
Malignant,147.jpg,Brightness_Mean,213.7605,123.36917,159.00376,35.63459,69.91728499999999,212.455645
Malignant,1553.jpg,Brightness_Mean,62.75603,123.36917,159.00376,35.63459,69.91728499999999,212.455645
Malignant,1581.jpg,Brightness_Mean,43.554955,123.36917,159.00376,35.63459,69.91728499999999,212.455645
Malignant,1584.jpg,Brightness_Mean,66.77913,123.36917,159.00376,35.63459,69.91728499999999,212.455645
Malignant,1587.jpg,Brightness_Mean,58.729797,123.36917,159.00376,35.63459,69.91728499999999,212.455645
Malignant,1593.jpg,Brightness_Mean,66.1249,123.36917,159.00376,35.63459,69.91728499999999,212.455645
Malignant,1597.jpg,Brightness_Mean,62.65761,123.36917,159.00376,35.63459,69.91728499999999,212.455645
Malignant,1626.jpg,Brightness_Mean,65.04952,123.36917,159.00376,35.63459,69.91728499999999,212.455645
Malignant,1632.jpg,Brightness_Mean,52.437054,123.36917,159.00376,35.63459,69.91728499999999,212.455645
Malignant,1634.jpg,Brightness_Mean,39.665817,123.36917,159.00376,35.63459,69.91728499999999,212.455645
Malignant,1646.jpg,Brightness_Mean,58.02022,123.36917,159.00376,35.63459,69.91728499999999,212.455645
Malignant,1647.jpg,Brightness_Mean,51.762436,123.36917,159.00376,35.63459,69.91728499999999,212.455645
Malignant,1653.jpg,Brightness_Mean,68.24716,123.36917,159.00376,35.63459,69.91728499999999,212.455645
Malignant,1663.jpg,Brightness_Mean,61.86091,123.36917,159.00376,35.63459,69.91728499999999,212.455645
Malignant,1664.jpg,Brightness_Mean,61.485207,123.36917,159.00376,35.63459,69.91728499999999,212.455645
Malignant,1676.jpg,Brightness_Mean,56.647533,123.36917,159.00376,35.63459,69.91728499999999,212.455645
Malignant,1721.jpg,Brightness_Mean,61.490288,123.36917,159.00376,35.63459,69.91728499999999,212.455645
Malignant,1728.jpg,Brightness_Mean,60.36625,123.36917,159.00376,35.63459,69.91728499999999,212.455645
Malignant,1729.jpg,Brightness_Mean,63.970585,123.36917,159.00376,35.63459,69.91728499999999,212.455645
Malignant,1733.jpg,Brightness_Mean,61.95581,123.36917,159.00376,35.63459,69.91728499999999,212.455645
Malignant,1734.jpg,Brightness_Mean,60.985596,123.36917,159.00376,35.63459,69.91728499999999,212.455645
Malignant,1755.jpg,Brightness_Mean,53.189648,123.36917,159.00376,35.63459,69.91728499999999,212.455645
Malignant,1757.jpg,Brightness_Mean,54.94756,123.36917,159.00376,35.63459,69.91728499999999,212.455645
Malignant,1763.jpg,Brightness_Mean,53.446968,123.36917,159.00376,35.63459,69.91728499999999,212.455645
Malignant,1766.jpg,Brightness_Mean,59.86718,123.36917,159.00376,35.63459,69.91728499999999,212.455645
Malignant,1774.jpg,Brightness_Mean,60.474392,123.36917,159.00376,35.63459,69.91728499999999,212.455645
Malignant,1775.jpg,Brightness_Mean,52.989,123.36917,159.00376,35.63459,69.91728499999999,212.455645
Malignant,1793.jpg,Brightness_Mean,52.255947,123.36917,159.00376,35.63459,69.91728499999999,212.455645
Malignant,1799.jpg,Brightness_Mean,67.731026,123.36917,159.00376,35.63459,69.91728499999999,212.455645
Malignant,1814.jpg,Brightness_Mean,52.021603,123.36917,159.00376,35.63459,69.91728499999999,212.455645
Malignant,1839.jpg,Brightness_Mean,67.058464,123.36917,159.00376,35.63459,69.91728499999999,212.455645
Malignant,1841.jpg,Brightness_Mean,55.94789,123.36917,159.00376,35.63459,69.91728499999999,212.455645
Malignant,1846.jpg,Brightness_Mean,63.33703,123.36917,159.00376,35.63459,69.91728499999999,212.455645
Malignant,1850.jpg,Brightness_Mean,52.919525,123.36917,159.00376,35.63459,69.91728499999999,212.455645
Malignant,1863.jpg,Brightness_Mean,43.09902,123.36917,159.00376,35.63459,69.91728499999999,212.455645
Malignant,1868.jpg,Brightness_Mean,65.57555,123.36917,159.00376,35.63459,69.91728499999999,212.455645
Malignant,1871.jpg,Brightness_Mean,52.639576,123.36917,159.00376,35.63459,69.91728499999999,212.455645
Malignant,1890.jpg,Brightness_Mean,56.97237,123.36917,159.00376,35.63459,69.91728499999999,212.455645
Malignant,1891.jpg,Brightness_Mean,50.50258,123.36917,159.00376,35.63459,69.91728499999999,212.455645
Malignant,1893.jpg,Brightness_Mean,54.168533,123.36917,159.00376,35.63459,69.91728499999999,212.455645
Malignant,1899.jpg,Brightness_Mean,67.383415,123.36917,159.00376,35.63459,69.91728499999999,212.455645
Malignant,1914.jpg,Brightness_Mean,58.660755,123.36917,159.00376,35.63459,69.91728499999999,212.455645
Malignant,1925.jpg,Brightness_Mean,51.45894,123.36917,159.00376,35.63459,69.91728499999999,212.455645
Malignant,1927.jpg,Brightness_Mean,60.764023,123.36917,159.00376,35.63459,69.91728499999999,212.455645
Malignant,1931.jpg,Brightness_Mean,59.159126,123.36917,159.00376,35.63459,69.91728499999999,212.455645
Malignant,1932.jpg,Brightness_Mean,63.201782,123.36917,159.00376,35.63459,69.91728499999999,212.455645
Malignant,1942.jpg,Brightness_Mean,58.522343,123.36917,159.00376,35.63459,69.91728499999999,212.455645
Malignant,1980.jpg,Brightness_Mean,213.93652,123.36917,159.00376,35.63459,69.91728499999999,212.455645
Malignant,2128.jpg,Brightness_Mean,63.60742,123.36917,159.00376,35.63459,69.91728499999999,212.455645
Malignant,2181.jpg,Brightness_Mean,215.0182,123.36917,159.00376,35.63459,69.91728499999999,212.455645
Malignant,2288.jpg,Brightness_Mean,32.883324,123.36917,159.00376,35.63459,69.91728499999999,212.455645
Malignant,2433.jpg,Brightness_Mean,220.70297,123.36917,159.00376,35.63459,69.91728499999999,212.455645
Malignant,2474.jpg,Brightness_Mean,224.03476,123.36917,159.00376,35.63459,69.91728499999999,212.455645
Malignant,2581.jpg,Brightness_Mean,221.25423,123.36917,159.00376,35.63459,69.91728499999999,212.455645
Malignant,2647.jpg,Brightness_Mean,57.66753,123.36917,159.00376,35.63459,69.91728499999999,212.455645
Malignant,2651.jpg,Brightness_Mean,52.505287,123.36917,159.00376,35.63459,69.91728499999999,212.455645
Malignant,2664.jpg,Brightness_Mean,66.62935,123.36917,159.00376,35.63459,69.91728499999999,212.455645
Malignant,2668.jpg,Brightness_Mean,61.775784,123.36917,159.00376,35.63459,69.91728499999999,212.455645
Malignant,2678.jpg,Brightness_Mean,67.258446,123.36917,159.00376,35.63459,69.91728499999999,212.455645
Malignant,2685.jpg,Brightness_Mean,38.746414,123.36917,159.00376,35.63459,69.91728499999999,212.455645
Malignant,2686.jpg,Brightness_Mean,65.32977,123.36917,159.00376,35.63459,69.91728499999999,212.455645
Malignant,2716.jpg,Brightness_Mean,55.010723,123.36917,159.00376,35.63459,69.91728499999999,212.455645
Malignant,2745.jpg,Brightness_Mean,58.478363,123.36917,159.00376,35.63459,69.91728499999999,212.455645
Malignant,2780.jpg,Brightness_Mean,55.03376,123.36917,159.00376,35.63459,69.91728499999999,212.455645
Malignant,2781.jpg,Brightness_Mean,66.13121,123.36917,159.00376,35.63459,69.91728499999999,212.455645
Malignant,2783.jpg,Brightness_Mean,67.28511,123.36917,159.00376,35.63459,69.91728499999999,212.455645
Malignant,2797.jpg,Brightness_Mean,67.89429,123.36917,159.00376,35.63459,69.91728499999999,212.455645
Malignant,2819.jpg,Brightness_Mean,61.677216,123.36917,159.00376,35.63459,69.91728499999999,212.455645
Malignant,2837.jpg,Brightness_Mean,60.238754,123.36917,159.00376,35.63459,69.91728499999999,212.455645
Malignant,2850.jpg,Brightness_Mean,57.797966,123.36917,159.00376,35.63459,69.91728499999999,212.455645
Malignant,2863.jpg,Brightness_Mean,63.28578,123.36917,159.00376,35.63459,69.91728499999999,212.455645
Malignant,2868.jpg,Brightness_Mean,52.46264,123.36917,159.00376,35.63459,69.91728499999999,212.455645
Malignant,2870.jpg,Brightness_Mean,55.318287,123.36917,159.00376,35.63459,69.91728499999999,212.455645
Malignant,2878.jpg,Brightness_Mean,49.811882,123.36917,159.00376,35.63459,69.91728499999999,212.455645
Malignant,2881.jpg,Brightness_Mean,59.720535,123.36917,159.00376,35.63459,69.91728499999999,212.455645
Malignant,2883.jpg,Brightness_Mean,68.86128,123.36917,159.00376,35.63459,69.91728499999999,212.455645
Malignant,2891.jpg,Brightness_Mean,53.82049,123.36917,159.00376,35.63459,69.91728499999999,212.455645
Malignant,29.jpg,Brightness_Mean,221.3703,123.36917,159.00376,35.63459,69.91728499999999,212.455645
Malignant,2937.jpg,Brightness_Mean,61.45936,123.36917,159.00376,35.63459,69.91728499999999,212.455645
Malignant,2952.jpg,Brightness_Mean,60.455116,123.36917,159.00376,35.63459,69.91728499999999,212.455645
Malignant,2957.jpg,Brightness_Mean,56.432034,123.36917,159.00376,35.63459,69.91728499999999,212.455645
Malignant,2975.jpg,Brightness_Mean,57.896164,123.36917,159.00376,35.63459,69.91728499999999,212.455645
Malignant,2984.jpg,Brightness_Mean,55.234592,123.36917,159.00376,35.63459,69.91728499999999,212.455645
Malignant,2990.jpg,Brightness_Mean,61.448063,123.36917,159.00376,35.63459,69.91728499999999,212.455645
Malignant,2991.jpg,Brightness_Mean,57.229294,123.36917,159.00376,35.63459,69.91728499999999,212.455645
Malignant,2997.jpg,Brightness_Mean,56.680725,123.36917,159.00376,35.63459,69.91728499999999,212.455645
Malignant,3002.jpg,Brightness_Mean,48.09957,123.36917,159.00376,35.63459,69.91728499999999,212.455645
Malignant,3023.jpg,Brightness_Mean,32.627686,123.36917,159.00376,35.63459,69.91728499999999,212.455645
Malignant,3046.jpg,Brightness_Mean,55.730988,123.36917,159.00376,35.63459,69.91728499999999,212.455645
Malignant,3050.jpg,Brightness_Mean,64.815674,123.36917,159.00376,35.63459,69.91728499999999,212.455645
Malignant,3055.jpg,Brightness_Mean,63.399834,123.36917,159.00376,35.63459,69.91728499999999,212.455645
Malignant,3083.jpg,Brightness_Mean,66.19544,123.36917,159.00376,35.63459,69.91728499999999,212.455645
Malignant,3114.jpg,Brightness_Mean,54.275402,123.36917,159.00376,35.63459,69.91728499999999,212.455645
Malignant,3117.jpg,Brightness_Mean,59.744186,123.36917,159.00376,35.63459,69.91728499999999,212.455645
Malignant,3125.jpg,Brightness_Mean,55.11709,123.36917,159.00376,35.63459,69.91728499999999,212.455645
Malignant,3141.jpg,Brightness_Mean,50.49644,123.36917,159.00376,35.63459,69.91728499999999,212.455645
Malignant,3202.jpg,Brightness_Mean,49.521896,123.36917,159.00376,35.63459,69.91728499999999,212.455645
Malignant,3203.jpg,Brightness_Mean,47.50398,123.36917,159.00376,35.63459,69.91728499999999,212.455645
Malignant,3206.jpg,Brightness_Mean,60.736008,123.36917,159.00376,35.63459,69.91728499999999,212.455645
Malignant,3208.jpg,Brightness_Mean,41.39858,123.36917,159.00376,35.63459,69.91728499999999,212.455645
Malignant,3211.jpg,Brightness_Mean,59.66589,123.36917,159.00376,35.63459,69.91728499999999,212.455645
Malignant,3216.jpg,Brightness_Mean,54.885975,123.36917,159.00376,35.63459,69.91728499999999,212.455645
Malignant,3234.jpg,Brightness_Mean,64.18239,123.36917,159.00376,35.63459,69.91728499999999,212.455645
Malignant,3235.jpg,Brightness_Mean,68.23392,123.36917,159.00376,35.63459,69.91728499999999,212.455645
Malignant,3248.jpg,Brightness_Mean,65.91522,123.36917,159.00376,35.63459,69.91728499999999,212.455645
Malignant,3283.jpg,Brightness_Mean,53.878654,123.36917,159.00376,35.63459,69.91728499999999,212.455645
Malignant,3287.jpg,Brightness_Mean,68.18186,123.36917,159.00376,35.63459,69.91728499999999,212.455645
Malignant,3291.jpg,Brightness_Mean,66.37986,123.36917,159.00376,35.63459,69.91728499999999,212.455645
Malignant,3298.jpg,Brightness_Mean,59.43782,123.36917,159.00376,35.63459,69.91728499999999,212.455645
Malignant,3303.jpg,Brightness_Mean,51.14247,123.36917,159.00376,35.63459,69.91728499999999,212.455645
Malignant,3357.jpg,Brightness_Mean,65.91676,123.36917,159.00376,35.63459,69.91728499999999,212.455645
Malignant,3363.jpg,Brightness_Mean,55.96671,123.36917,159.00376,35.63459,69.91728499999999,212.455645
Malignant,3369.jpg,Brightness_Mean,58.424625,123.36917,159.00376,35.63459,69.91728499999999,212.455645
Malignant,3383.jpg,Brightness_Mean,51.799606,123.36917,159.00376,35.63459,69.91728499999999,212.455645
Malignant,3387.jpg,Brightness_Mean,59.037727,123.36917,159.00376,35.63459,69.91728499999999,212.455645
Malignant,3394.jpg,Brightness_Mean,61.900166,123.36917,159.00376,35.63459,69.91728499999999,212.455645
Malignant,3420.jpg,Brightness_Mean,68.66532,123.36917,159.00376,35.63459,69.91728499999999,212.455645
Malignant,3439.jpg,Brightness_Mean,40.340675,123.36917,159.00376,35.63459,69.91728499999999,212.455645
Malignant,3457.jpg,Brightness_Mean,50.354992,123.36917,159.00376,35.63459,69.91728499999999,212.455645
Malignant,3462.jpg,Brightness_Mean,66.36936,123.36917,159.00376,35.63459,69.91728499999999,212.455645
Malignant,3489.jpg,Brightness_Mean,56.88927,123.36917,159.00376,35.63459,69.91728499999999,212.455645
Malignant,3496.jpg,Brightness_Mean,57.681496,123.36917,159.00376,35.63459,69.91728499999999,212.455645
Malignant,3513.jpg,Brightness_Mean,59.309765,123.36917,159.00376,35.63459,69.91728499999999,212.455645
Malignant,3534.jpg,Brightness_Mean,48.614983,123.36917,159.00376,35.63459,69.91728499999999,212.455645
Malignant,3541.jpg,Brightness_Mean,61.24824,123.36917,159.00376,35.63459,69.91728499999999,212.455645
Malignant,3542.jpg,Brightness_Mean,56.407497,123.36917,159.00376,35.63459,69.91728499999999,212.455645
Malignant,3554.jpg,Brightness_Mean,67.78222,123.36917,159.00376,35.63459,69.91728499999999,212.455645
Malignant,3556.jpg,Brightness_Mean,65.98642,123.36917,159.00376,35.63459,69.91728499999999,212.455645
Malignant,3569.jpg,Brightness_Mean,50.325188,123.36917,159.00376,35.63459,69.91728499999999,212.455645
Malignant,3571.jpg,Brightness_Mean,68.21602,123.36917,159.00376,35.63459,69.91728499999999,212.455645
Malignant,3580.jpg,Brightness_Mean,54.412262,123.36917,159.00376,35.63459,69.91728499999999,212.455645
Malignant,3583.jpg,Brightness_Mean,54.97455,123.36917,159.00376,35.63459,69.91728499999999,212.455645
Malignant,3606.jpg,Brightness_Mean,67.639725,123.36917,159.00376,35.63459,69.91728499999999,212.455645
Malignant,3613.jpg,Brightness_Mean,65.415,123.36917,159.00376,35.63459,69.91728499999999,212.455645
Malignant,3615.jpg,Brightness_Mean,65.59366,123.36917,159.00376,35.63459,69.91728499999999,212.455645
Malignant,3619.jpg,Brightness_Mean,66.76627,123.36917,159.00376,35.63459,69.91728499999999,212.455645
Malignant,3631.jpg,Brightness_Mean,68.09335,123.36917,159.00376,35.63459,69.91728499999999,212.455645
Malignant,3637.jpg,Brightness_Mean,64.13134,123.36917,159.00376,35.63459,69.91728499999999,212.455645
Malignant,3642.jpg,Brightness_Mean,48.604736,123.36917,159.00376,35.63459,69.91728499999999,212.455645
Malignant,3646.jpg,Brightness_Mean,48.90504,123.36917,159.00376,35.63459,69.91728499999999,212.455645
Malignant,3659.jpg,Brightness_Mean,51.905174,123.36917,159.00376,35.63459,69.91728499999999,212.455645
Malignant,3660.jpg,Brightness_Mean,68.91368,123.36917,159.00376,35.63459,69.91728499999999,212.455645
Malignant,3689.jpg,Brightness_Mean,59.702793,123.36917,159.00376,35.63459,69.91728499999999,212.455645
Malignant,369.jpg,Brightness_Mean,219.7852,123.36917,159.00376,35.63459,69.91728499999999,212.455645
Malignant,3698.jpg,Brightness_Mean,46.020905,123.36917,159.00376,35.63459,69.91728499999999,212.455645
Malignant,3714.jpg,Brightness_Mean,61.246292,123.36917,159.00376,35.63459,69.91728499999999,212.455645
Malignant,3718.jpg,Brightness_Mean,55.968544,123.36917,159.00376,35.63459,69.91728499999999,212.455645
Malignant,3723.jpg,Brightness_Mean,52.966644,123.36917,159.00376,35.63459,69.91728499999999,212.455645
Malignant,3752.jpg,Brightness_Mean,57.48863,123.36917,159.00376,35.63459,69.91728499999999,212.455645
Malignant,3760.jpg,Brightness_Mean,51.260517,123.36917,159.00376,35.63459,69.91728499999999,212.455645
Malignant,3763.jpg,Brightness_Mean,53.559895,123.36917,159.00376,35.63459,69.91728499999999,212.455645
Malignant,3767.jpg,Brightness_Mean,57.300404,123.36917,159.00376,35.63459,69.91728499999999,212.455645
Malignant,3779.jpg,Brightness_Mean,50.944023,123.36917,159.00376,35.63459,69.91728499999999,212.455645
Malignant,3797.jpg,Brightness_Mean,56.55791,123.36917,159.00376,35.63459,69.91728499999999,212.455645
Malignant,3803.jpg,Brightness_Mean,54.332535,123.36917,159.00376,35.63459,69.91728499999999,212.455645
Malignant,3816.jpg,Brightness_Mean,52.503296,123.36917,159.00376,35.63459,69.91728499999999,212.455645
Malignant,3861.jpg,Brightness_Mean,53.684643,123.36917,159.00376,35.63459,69.91728499999999,212.455645
Malignant,3871.jpg,Brightness_Mean,64.96081,123.36917,159.00376,35.63459,69.91728499999999,212.455645
Malignant,3877.jpg,Brightness_Mean,64.60261,123.36917,159.00376,35.63459,69.91728499999999,212.455645
Malignant,3883.jpg,Brightness_Mean,65.014595,123.36917,159.00376,35.63459,69.91728499999999,212.455645
Malignant,3892.jpg,Brightness_Mean,68.92716,123.36917,159.00376,35.63459,69.91728499999999,212.455645
Malignant,3905.jpg,Brightness_Mean,63.632187,123.36917,159.00376,35.63459,69.91728499999999,212.455645
Malignant,3907.jpg,Brightness_Mean,68.43639,123.36917,159.00376,35.63459,69.91728499999999,212.455645
Malignant,3927.jpg,Brightness_Mean,38.219772,123.36917,159.00376,35.63459,69.91728499999999,212.455645
Malignant,3959.jpg,Brightness_Mean,59.631744,123.36917,159.00376,35.63459,69.91728499999999,212.455645
Malignant,3964.jpg,Brightness_Mean,62.695965,123.36917,159.00376,35.63459,69.91728499999999,212.455645
Malignant,3992.jpg,Brightness_Mean,58.27076,123.36917,159.00376,35.63459,69.91728499999999,212.455645
Malignant,4012.jpg,Brightness_Mean,62.34726,123.36917,159.00376,35.63459,69.91728499999999,212.455645
Malignant,4026.jpg,Brightness_Mean,59.04496,123.36917,159.00376,35.63459,69.91728499999999,212.455645
Malignant,4027.jpg,Brightness_Mean,59.28426,123.36917,159.00376,35.63459,69.91728499999999,212.455645
Malignant,4037.jpg,Brightness_Mean,54.82041,123.36917,159.00376,35.63459,69.91728499999999,212.455645
Malignant,4039.jpg,Brightness_Mean,67.4341,123.36917,159.00376,35.63459,69.91728499999999,212.455645
Malignant,4042.jpg,Brightness_Mean,53.32526,123.36917,159.00376,35.63459,69.91728499999999,212.455645
Malignant,4048.jpg,Brightness_Mean,61.87265,123.36917,159.00376,35.63459,69.91728499999999,212.455645
Malignant,4085.jpg,Brightness_Mean,59.11107,123.36917,159.00376,35.63459,69.91728499999999,212.455645
Malignant,4091.jpg,Brightness_Mean,60.833355,123.36917,159.00376,35.63459,69.91728499999999,212.455645
Malignant,4095.jpg,Brightness_Mean,55.888992,123.36917,159.00376,35.63459,69.91728499999999,212.455645
Malignant,4115.jpg,Brightness_Mean,51.01893,123.36917,159.00376,35.63459,69.91728499999999,212.455645
Malignant,4136.jpg,Brightness_Mean,51.87417,123.36917,159.00376,35.63459,69.91728499999999,212.455645
Malignant,4139.jpg,Brightness_Mean,64.09696,123.36917,159.00376,35.63459,69.91728499999999,212.455645
Malignant,4140.jpg,Brightness_Mean,57.877563,123.36917,159.00376,35.63459,69.91728499999999,212.455645
Malignant,4151.jpg,Brightness_Mean,58.98393,123.36917,159.00376,35.63459,69.91728499999999,212.455645
Malignant,4171.jpg,Brightness_Mean,53.16357,123.36917,159.00376,35.63459,69.91728499999999,212.455645
Malignant,4172.jpg,Brightness_Mean,55.994274,123.36917,159.00376,35.63459,69.91728499999999,212.455645
Malignant,4183.jpg,Brightness_Mean,59.683773,123.36917,159.00376,35.63459,69.91728499999999,212.455645
Malignant,4184.jpg,Brightness_Mean,55.486473,123.36917,159.00376,35.63459,69.91728499999999,212.455645
Malignant,4190.jpg,Brightness_Mean,64.045296,123.36917,159.00376,35.63459,69.91728499999999,212.455645
Malignant,4199.jpg,Brightness_Mean,55.692238,123.36917,159.00376,35.63459,69.91728499999999,212.455645
Malignant,4203.jpg,Brightness_Mean,64.66517,123.36917,159.00376,35.63459,69.91728499999999,212.455645
Malignant,4220.jpg,Brightness_Mean,47.06114,123.36917,159.00376,35.63459,69.91728499999999,212.455645
Malignant,4249.jpg,Brightness_Mean,57.587803,123.36917,159.00376,35.63459,69.91728499999999,212.455645
Malignant,4271.jpg,Brightness_Mean,59.782425,123.36917,159.00376,35.63459,69.91728499999999,212.455645
Malignant,4301.jpg,Brightness_Mean,61.83726,123.36917,159.00376,35.63459,69.91728499999999,212.455645
Malignant,4312.jpg,Brightness_Mean,62.876602,123.36917,159.00376,35.63459,69.91728499999999,212.455645
Malignant,4318.jpg,Brightness_Mean,60.88208,123.36917,159.00376,35.63459,69.91728499999999,212.455645
Malignant,4331.jpg,Brightness_Mean,53.282898,123.36917,159.00376,35.63459,69.91728499999999,212.455645
Malignant,4340.jpg,Brightness_Mean,57.856174,123.36917,159.00376,35.63459,69.91728499999999,212.455645
Malignant,4359.jpg,Brightness_Mean,60.274147,123.36917,159.00376,35.63459,69.91728499999999,212.455645
Malignant,4382.jpg,Brightness_Mean,68.81292,123.36917,159.00376,35.63459,69.91728499999999,212.455645
Malignant,4408.jpg,Brightness_Mean,54.040012,123.36917,159.00376,35.63459,69.91728499999999,212.455645
Malignant,4425.jpg,Brightness_Mean,63.461456,123.36917,159.00376,35.63459,69.91728499999999,212.455645
Malignant,4452.jpg,Brightness_Mean,215.40076,123.36917,159.00376,35.63459,69.91728499999999,212.455645
Malignant,4456.jpg,Brightness_Mean,68.257225,123.36917,159.00376,35.63459,69.91728499999999,212.455645
Malignant,4471.jpg,Brightness_Mean,55.46586,123.36917,159.00376,35.63459,69.91728499999999,212.455645
Malignant,4474.jpg,Brightness_Mean,60.461807,123.36917,159.00376,35.63459,69.91728499999999,212.455645
Malignant,4487.jpg,Brightness_Mean,57.061596,123.36917,159.00376,35.63459,69.91728499999999,212.455645
Malignant,4517.jpg,Brightness_Mean,67.05855,123.36917,159.00376,35.63459,69.91728499999999,212.455645
Malignant,4537.jpg,Brightness_Mean,57.186684,123.36917,159.00376,35.63459,69.91728499999999,212.455645
Malignant,4545.jpg,Brightness_Mean,53.603237,123.36917,159.00376,35.63459,69.91728499999999,212.455645
Malignant,4567.jpg,Brightness_Mean,63.813736,123.36917,159.00376,35.63459,69.91728499999999,212.455645
Malignant,4615.jpg,Brightness_Mean,56.265465,123.36917,159.00376,35.63459,69.91728499999999,212.455645
Malignant,4627.jpg,Brightness_Mean,54.19912,123.36917,159.00376,35.63459,69.91728499999999,212.455645
Malignant,4635.jpg,Brightness_Mean,48.925953,123.36917,159.00376,35.63459,69.91728499999999,212.455645
Malignant,4687.jpg,Brightness_Mean,66.5626,123.36917,159.00376,35.63459,69.91728499999999,212.455645
Malignant,4703.jpg,Brightness_Mean,54.77969,123.36917,159.00376,35.63459,69.91728499999999,212.455645
Malignant,4716.jpg,Brightness_Mean,52.90443,123.36917,159.00376,35.63459,69.91728499999999,212.455645
Malignant,4719.jpg,Brightness_Mean,51.223812,123.36917,159.00376,35.63459,69.91728499999999,212.455645
Malignant,4722.jpg,Brightness_Mean,47.555084,123.36917,159.00376,35.63459,69.91728499999999,212.455645
Malignant,4740.jpg,Brightness_Mean,65.36361,123.36917,159.00376,35.63459,69.91728499999999,212.455645
Malignant,4758.jpg,Brightness_Mean,55.23656,123.36917,159.00376,35.63459,69.91728499999999,212.455645
Malignant,4785.jpg,Brightness_Mean,55.58858,123.36917,159.00376,35.63459,69.91728499999999,212.455645
Malignant,4791.jpg,Brightness_Mean,43.185375,123.36917,159.00376,35.63459,69.91728499999999,212.455645
Malignant,4793.jpg,Brightness_Mean,67.935356,123.36917,159.00376,35.63459,69.91728499999999,212.455645
Malignant,4800.jpg,Brightness_Mean,57.542908,123.36917,159.00376,35.63459,69.91728499999999,212.455645
Malignant,4807.jpg,Brightness_Mean,62.949684,123.36917,159.00376,35.63459,69.91728499999999,212.455645
Malignant,4847.jpg,Brightness_Mean,52.182884,123.36917,159.00376,35.63459,69.91728499999999,212.455645
Malignant,4851.jpg,Brightness_Mean,56.08528,123.36917,159.00376,35.63459,69.91728499999999,212.455645
Malignant,4877.jpg,Brightness_Mean,63.86915,123.36917,159.00376,35.63459,69.91728499999999,212.455645
Malignant,4881.jpg,Brightness_Mean,60.814014,123.36917,159.00376,35.63459,69.91728499999999,212.455645
Malignant,4883.jpg,Brightness_Mean,38.729374,123.36917,159.00376,35.63459,69.91728499999999,212.455645
Malignant,4885.jpg,Brightness_Mean,42.99133,123.36917,159.00376,35.63459,69.91728499999999,212.455645
Malignant,4902.jpg,Brightness_Mean,59.538292,123.36917,159.00376,35.63459,69.91728499999999,212.455645
Malignant,4915.jpg,Brightness_Mean,56.082504,123.36917,159.00376,35.63459,69.91728499999999,212.455645
Malignant,4929.jpg,Brightness_Mean,62.678173,123.36917,159.00376,35.63459,69.91728499999999,212.455645
Malignant,4933.jpg,Brightness_Mean,53.95025,123.36917,159.00376,35.63459,69.91728499999999,212.455645
Malignant,4957.jpg,Brightness_Mean,50.4284,123.36917,159.00376,35.63459,69.91728499999999,212.455645
Malignant,4959.jpg,Brightness_Mean,216.77522,123.36917,159.00376,35.63459,69.91728499999999,212.455645
Malignant,5008.jpg,Brightness_Mean,66.050606,123.36917,159.00376,35.63459,69.91728499999999,212.455645
Malignant,5019.jpg,Brightness_Mean,58.692677,123.36917,159.00376,35.63459,69.91728499999999,212.455645
Malignant,5038.jpg,Brightness_Mean,51.548935,123.36917,159.00376,35.63459,69.91728499999999,212.455645
Malignant,5048.jpg,Brightness_Mean,61.45266,123.36917,159.00376,35.63459,69.91728499999999,212.455645
Malignant,5064.jpg,Brightness_Mean,56.27023,123.36917,159.00376,35.63459,69.91728499999999,212.455645
Malignant,5071.jpg,Brightness_Mean,64.20016,123.36917,159.00376,35.63459,69.91728499999999,212.455645
Malignant,5075.jpg,Brightness_Mean,58.386585,123.36917,159.00376,35.63459,69.91728499999999,212.455645
Malignant,5078.jpg,Brightness_Mean,65.312935,123.36917,159.00376,35.63459,69.91728499999999,212.455645
Malignant,5099.jpg,Brightness_Mean,53.67638,123.36917,159.00376,35.63459,69.91728499999999,212.455645
Malignant,5105.jpg,Brightness_Mean,49.039196,123.36917,159.00376,35.63459,69.91728499999999,212.455645
Malignant,5119.jpg,Brightness_Mean,223.65479,123.36917,159.00376,35.63459,69.91728499999999,212.455645
Malignant,5128.jpg,Brightness_Mean,51.4178,123.36917,159.00376,35.63459,69.91728499999999,212.455645
Malignant,5129.jpg,Brightness_Mean,62.981785,123.36917,159.00376,35.63459,69.91728499999999,212.455645
Malignant,5132.jpg,Brightness_Mean,219.19403,123.36917,159.00376,35.63459,69.91728499999999,212.455645
Malignant,5133.jpg,Brightness_Mean,62.694855,123.36917,159.00376,35.63459,69.91728499999999,212.455645
Malignant,5134.jpg,Brightness_Mean,69.037895,123.36917,159.00376,35.63459,69.91728499999999,212.455645
Malignant,5137.jpg,Brightness_Mean,68.42892,123.36917,159.00376,35.63459,69.91728499999999,212.455645
Malignant,5149.jpg,Brightness_Mean,64.68844,123.36917,159.00376,35.63459,69.91728499999999,212.455645
Malignant,5161.jpg,Brightness_Mean,54.57121,123.36917,159.00376,35.63459,69.91728499999999,212.455645
Malignant,5168.jpg,Brightness_Mean,42.36589,123.36917,159.00376,35.63459,69.91728499999999,212.455645
Malignant,5195.jpg,Brightness_Mean,66.41695,123.36917,159.00376,35.63459,69.91728499999999,212.455645
Malignant,5197.jpg,Brightness_Mean,64.05266,123.36917,159.00376,35.63459,69.91728499999999,212.455645
Malignant,52.jpg,Brightness_Mean,221.49602,123.36917,159.00376,35.63459,69.91728499999999,212.455645
Malignant,5204.jpg,Brightness_Mean,214.58487,123.36917,159.00376,35.63459,69.91728499999999,212.455645
Malignant,5216.jpg,Brightness_Mean,49.06015,123.36917,159.00376,35.63459,69.91728499999999,212.455645
Malignant,5229.jpg,Brightness_Mean,63.618324,123.36917,159.00376,35.63459,69.91728499999999,212.455645
Malignant,5233.jpg,Brightness_Mean,54.506874,123.36917,159.00376,35.63459,69.91728499999999,212.455645
Malignant,5252.jpg,Brightness_Mean,54.848335,123.36917,159.00376,35.63459,69.91728499999999,212.455645
Malignant,5274.jpg,Brightness_Mean,50.027515,123.36917,159.00376,35.63459,69.91728499999999,212.455645
Malignant,5284.jpg,Brightness_Mean,56.381622,123.36917,159.00376,35.63459,69.91728499999999,212.455645
Malignant,5291.jpg,Brightness_Mean,221.87323,123.36917,159.00376,35.63459,69.91728499999999,212.455645
Malignant,5381.jpg,Brightness_Mean,36.03486,123.36917,159.00376,35.63459,69.91728499999999,212.455645
Malignant,5406.jpg,Brightness_Mean,64.77351,123.36917,159.00376,35.63459,69.91728499999999,212.455645
Malignant,5415.jpg,Brightness_Mean,214.34206,123.36917,159.00376,35.63459,69.91728499999999,212.455645
Malignant,5427.jpg,Brightness_Mean,213.1346,123.36917,159.00376,35.63459,69.91728499999999,212.455645
Malignant,5433.jpg,Brightness_Mean,53.66124,123.36917,159.00376,35.63459,69.91728499999999,212.455645
Malignant,5455.jpg,Brightness_Mean,217.46841,123.36917,159.00376,35.63459,69.91728499999999,212.455645
Malignant,5459.jpg,Brightness_Mean,218.83759,123.36917,159.00376,35.63459,69.91728499999999,212.455645
Malignant,5511.jpg,Brightness_Mean,66.38235,123.36917,159.00376,35.63459,69.91728499999999,212.455645
Malignant,5534.jpg,Brightness_Mean,66.10279,123.36917,159.00376,35.63459,69.91728499999999,212.455645
Malignant,5557.jpg,Brightness_Mean,58.772266,123.36917,159.00376,35.63459,69.91728499999999,212.455645
Malignant,5565.jpg,Brightness_Mean,41.18603,123.36917,159.00376,35.63459,69.91728499999999,212.455645
Malignant,622.jpg,Brightness_Mean,218.0671,123.36917,159.00376,35.63459,69.91728499999999,212.455645
Malignant,623.jpg,Brightness_Mean,217.45506,123.36917,159.00376,35.63459,69.91728499999999,212.455645
Malignant,635.jpg,Brightness_Mean,214.11322,123.36917,159.00376,35.63459,69.91728499999999,212.455645
Malignant,636.jpg,Brightness_Mean,214.14664,123.36917,159.00376,35.63459,69.91728499999999,212.455645
Malignant,658.jpg,Brightness_Mean,213.67622,123.36917,159.00376,35.63459,69.91728499999999,212.455645
Malignant,777.jpg,Brightness_Mean,64.20623,123.36917,159.00376,35.63459,69.91728499999999,212.455645
Malignant,797.jpg,Brightness_Mean,69.66248,123.36917,159.00376,35.63459,69.91728499999999,212.455645
Malignant,1125.jpg,Red_Mean,49.714943,144.205635,185.383055,41.17742000000001,82.43950499999998,247.14918500000005
Malignant,1372.jpg,Red_Mean,72.61986,144.205635,185.383055,41.17742000000001,82.43950499999998,247.14918500000005
Malignant,1428.jpg,Red_Mean,63.024593,144.205635,185.383055,41.17742000000001,82.43950499999998,247.14918500000005
Malignant,1553.jpg,Red_Mean,69.647,144.205635,185.383055,41.17742000000001,82.43950499999998,247.14918500000005
Malignant,1581.jpg,Red_Mean,42.416695,144.205635,185.383055,41.17742000000001,82.43950499999998,247.14918500000005
Malignant,1583.jpg,Red_Mean,77.68232,144.205635,185.383055,41.17742000000001,82.43950499999998,247.14918500000005
Malignant,1584.jpg,Red_Mean,76.09072,144.205635,185.383055,41.17742000000001,82.43950499999998,247.14918500000005
Malignant,1587.jpg,Red_Mean,62.572285,144.205635,185.383055,41.17742000000001,82.43950499999998,247.14918500000005
Malignant,1593.jpg,Red_Mean,74.39007,144.205635,185.383055,41.17742000000001,82.43950499999998,247.14918500000005
Malignant,1597.jpg,Red_Mean,67.94352,144.205635,185.383055,41.17742000000001,82.43950499999998,247.14918500000005
Malignant,1626.jpg,Red_Mean,72.8574,144.205635,185.383055,41.17742000000001,82.43950499999998,247.14918500000005
Malignant,1632.jpg,Red_Mean,60.35505,144.205635,185.383055,41.17742000000001,82.43950499999998,247.14918500000005
Malignant,1634.jpg,Red_Mean,39.23814,144.205635,185.383055,41.17742000000001,82.43950499999998,247.14918500000005
Malignant,1646.jpg,Red_Mean,66.49,144.205635,185.383055,41.17742000000001,82.43950499999998,247.14918500000005
Malignant,1647.jpg,Red_Mean,63.24404,144.205635,185.383055,41.17742000000001,82.43950499999998,247.14918500000005
Malignant,1653.jpg,Red_Mean,75.22016,144.205635,185.383055,41.17742000000001,82.43950499999998,247.14918500000005
Malignant,1663.jpg,Red_Mean,68.42349,144.205635,185.383055,41.17742000000001,82.43950499999998,247.14918500000005
Malignant,1664.jpg,Red_Mean,60.43176,144.205635,185.383055,41.17742000000001,82.43950499999998,247.14918500000005
Malignant,1676.jpg,Red_Mean,58.77266,144.205635,185.383055,41.17742000000001,82.43950499999998,247.14918500000005
Malignant,1721.jpg,Red_Mean,63.951054,144.205635,185.383055,41.17742000000001,82.43950499999998,247.14918500000005
Malignant,1728.jpg,Red_Mean,64.45978,144.205635,185.383055,41.17742000000001,82.43950499999998,247.14918500000005
Malignant,1729.jpg,Red_Mean,72.20384,144.205635,185.383055,41.17742000000001,82.43950499999998,247.14918500000005
Malignant,1733.jpg,Red_Mean,65.46096,144.205635,185.383055,41.17742000000001,82.43950499999998,247.14918500000005
Malignant,1734.jpg,Red_Mean,71.125595,144.205635,185.383055,41.17742000000001,82.43950499999998,247.14918500000005
Malignant,1755.jpg,Red_Mean,62.300182,144.205635,185.383055,41.17742000000001,82.43950499999998,247.14918500000005
Malignant,1757.jpg,Red_Mean,52.606285,144.205635,185.383055,41.17742000000001,82.43950499999998,247.14918500000005
Malignant,1763.jpg,Red_Mean,62.481884,144.205635,185.383055,41.17742000000001,82.43950499999998,247.14918500000005
Malignant,1766.jpg,Red_Mean,62.359795,144.205635,185.383055,41.17742000000001,82.43950499999998,247.14918500000005
Malignant,1774.jpg,Red_Mean,70.618805,144.205635,185.383055,41.17742000000001,82.43950499999998,247.14918500000005
Malignant,1775.jpg,Red_Mean,68.73975,144.205635,185.383055,41.17742000000001,82.43950499999998,247.14918500000005
Malignant,1793.jpg,Red_Mean,55.747528,144.205635,185.383055,41.17742000000001,82.43950499999998,247.14918500000005
Malignant,1799.jpg,Red_Mean,78.22897,144.205635,185.383055,41.17742000000001,82.43950499999998,247.14918500000005
Malignant,1814.jpg,Red_Mean,53.31579,144.205635,185.383055,41.17742000000001,82.43950499999998,247.14918500000005
Malignant,1839.jpg,Red_Mean,70.76455,144.205635,185.383055,41.17742000000001,82.43950499999998,247.14918500000005
Malignant,1841.jpg,Red_Mean,74.92478,144.205635,185.383055,41.17742000000001,82.43950499999998,247.14918500000005
Malignant,1846.jpg,Red_Mean,67.981384,144.205635,185.383055,41.17742000000001,82.43950499999998,247.14918500000005
Malignant,1850.jpg,Red_Mean,70.62486,144.205635,185.383055,41.17742000000001,82.43950499999998,247.14918500000005
Malignant,1863.jpg,Red_Mean,55.7104,144.205635,185.383055,41.17742000000001,82.43950499999998,247.14918500000005
Malignant,1868.jpg,Red_Mean,73.37077,144.205635,185.383055,41.17742000000001,82.43950499999998,247.14918500000005
Malignant,1871.jpg,Red_Mean,59.39128,144.205635,185.383055,41.17742000000001,82.43950499999998,247.14918500000005
Malignant,1890.jpg,Red_Mean,68.26319,144.205635,185.383055,41.17742000000001,82.43950499999998,247.14918500000005
Malignant,1891.jpg,Red_Mean,60.657585,144.205635,185.383055,41.17742000000001,82.43950499999998,247.14918500000005
Malignant,1893.jpg,Red_Mean,62.237682,144.205635,185.383055,41.17742000000001,82.43950499999998,247.14918500000005
Malignant,1899.jpg,Red_Mean,76.91448,144.205635,185.383055,41.17742000000001,82.43950499999998,247.14918500000005
Malignant,1914.jpg,Red_Mean,61.236366,144.205635,185.383055,41.17742000000001,82.43950499999998,247.14918500000005
Malignant,1925.jpg,Red_Mean,59.304787,144.205635,185.383055,41.17742000000001,82.43950499999998,247.14918500000005
Malignant,1927.jpg,Red_Mean,60.676975,144.205635,185.383055,41.17742000000001,82.43950499999998,247.14918500000005
Malignant,1931.jpg,Red_Mean,62.12506,144.205635,185.383055,41.17742000000001,82.43950499999998,247.14918500000005
Malignant,1932.jpg,Red_Mean,71.598236,144.205635,185.383055,41.17742000000001,82.43950499999998,247.14918500000005
Malignant,1942.jpg,Red_Mean,61.16675,144.205635,185.383055,41.17742000000001,82.43950499999998,247.14918500000005
Malignant,2128.jpg,Red_Mean,63.108875,144.205635,185.383055,41.17742000000001,82.43950499999998,247.14918500000005
Malignant,2288.jpg,Red_Mean,48.972816,144.205635,185.383055,41.17742000000001,82.43950499999998,247.14918500000005
Malignant,2515.jpg,Red_Mean,79.16933,144.205635,185.383055,41.17742000000001,82.43950499999998,247.14918500000005
Malignant,2647.jpg,Red_Mean,69.65607,144.205635,185.383055,41.17742000000001,82.43950499999998,247.14918500000005
Malignant,2651.jpg,Red_Mean,70.030075,144.205635,185.383055,41.17742000000001,82.43950499999998,247.14918500000005
Malignant,2664.jpg,Red_Mean,73.00973,144.205635,185.383055,41.17742000000001,82.43950499999998,247.14918500000005
Malignant,2668.jpg,Red_Mean,64.704895,144.205635,185.383055,41.17742000000001,82.43950499999998,247.14918500000005
Malignant,2671.jpg,Red_Mean,81.84238,144.205635,185.383055,41.17742000000001,82.43950499999998,247.14918500000005
Malignant,2678.jpg,Red_Mean,75.79785,144.205635,185.383055,41.17742000000001,82.43950499999998,247.14918500000005
Malignant,2685.jpg,Red_Mean,45.60495,144.205635,185.383055,41.17742000000001,82.43950499999998,247.14918500000005
Malignant,2686.jpg,Red_Mean,71.71373,144.205635,185.383055,41.17742000000001,82.43950499999998,247.14918500000005
Malignant,2716.jpg,Red_Mean,54.927338,144.205635,185.383055,41.17742000000001,82.43950499999998,247.14918500000005
Malignant,2745.jpg,Red_Mean,64.0101,144.205635,185.383055,41.17742000000001,82.43950499999998,247.14918500000005
Malignant,2763.jpg,Red_Mean,74.45886,144.205635,185.383055,41.17742000000001,82.43950499999998,247.14918500000005
Malignant,2780.jpg,Red_Mean,57.226322,144.205635,185.383055,41.17742000000001,82.43950499999998,247.14918500000005
Malignant,2781.jpg,Red_Mean,77.90639,144.205635,185.383055,41.17742000000001,82.43950499999998,247.14918500000005
Malignant,2783.jpg,Red_Mean,77.960556,144.205635,185.383055,41.17742000000001,82.43950499999998,247.14918500000005
Malignant,2797.jpg,Red_Mean,72.02069,144.205635,185.383055,41.17742000000001,82.43950499999998,247.14918500000005
Malignant,2819.jpg,Red_Mean,75.81846,144.205635,185.383055,41.17742000000001,82.43950499999998,247.14918500000005
Malignant,2837.jpg,Red_Mean,71.39174,144.205635,185.383055,41.17742000000001,82.43950499999998,247.14918500000005
Malignant,2845.jpg,Red_Mean,82.08259,144.205635,185.383055,41.17742000000001,82.43950499999998,247.14918500000005
Malignant,2850.jpg,Red_Mean,60.589207,144.205635,185.383055,41.17742000000001,82.43950499999998,247.14918500000005
Malignant,2855.jpg,Red_Mean,82.06615,144.205635,185.383055,41.17742000000001,82.43950499999998,247.14918500000005
Malignant,2863.jpg,Red_Mean,74.07055,144.205635,185.383055,41.17742000000001,82.43950499999998,247.14918500000005
Malignant,2868.jpg,Red_Mean,70.65452,144.205635,185.383055,41.17742000000001,82.43950499999998,247.14918500000005
Malignant,2870.jpg,Red_Mean,63.38032,144.205635,185.383055,41.17742000000001,82.43950499999998,247.14918500000005
Malignant,2878.jpg,Red_Mean,53.231304,144.205635,185.383055,41.17742000000001,82.43950499999998,247.14918500000005
Malignant,2881.jpg,Red_Mean,65.020546,144.205635,185.383055,41.17742000000001,82.43950499999998,247.14918500000005
Malignant,2882.jpg,Red_Mean,81.70853,144.205635,185.383055,41.17742000000001,82.43950499999998,247.14918500000005
Malignant,2886.jpg,Red_Mean,71.64754,144.205635,185.383055,41.17742000000001,82.43950499999998,247.14918500000005
Malignant,2891.jpg,Red_Mean,67.048965,144.205635,185.383055,41.17742000000001,82.43950499999998,247.14918500000005
Malignant,2908.jpg,Red_Mean,72.539604,144.205635,185.383055,41.17742000000001,82.43950499999998,247.14918500000005
Malignant,2937.jpg,Red_Mean,75.11783,144.205635,185.383055,41.17742000000001,82.43950499999998,247.14918500000005
Malignant,2952.jpg,Red_Mean,63.97196,144.205635,185.383055,41.17742000000001,82.43950499999998,247.14918500000005
Malignant,2957.jpg,Red_Mean,62.168964,144.205635,185.383055,41.17742000000001,82.43950499999998,247.14918500000005
Malignant,2975.jpg,Red_Mean,53.84022,144.205635,185.383055,41.17742000000001,82.43950499999998,247.14918500000005
Malignant,2984.jpg,Red_Mean,66.97746,144.205635,185.383055,41.17742000000001,82.43950499999998,247.14918500000005
Malignant,2990.jpg,Red_Mean,65.198784,144.205635,185.383055,41.17742000000001,82.43950499999998,247.14918500000005
Malignant,2991.jpg,Red_Mean,68.336235,144.205635,185.383055,41.17742000000001,82.43950499999998,247.14918500000005
Malignant,2997.jpg,Red_Mean,60.778957,144.205635,185.383055,41.17742000000001,82.43950499999998,247.14918500000005
Malignant,3002.jpg,Red_Mean,63.08558,144.205635,185.383055,41.17742000000001,82.43950499999998,247.14918500000005
Malignant,3023.jpg,Red_Mean,32.214863,144.205635,185.383055,41.17742000000001,82.43950499999998,247.14918500000005
Malignant,3046.jpg,Red_Mean,71.129265,144.205635,185.383055,41.17742000000001,82.43950499999998,247.14918500000005
Malignant,3050.jpg,Red_Mean,65.31041,144.205635,185.383055,41.17742000000001,82.43950499999998,247.14918500000005
Malignant,3055.jpg,Red_Mean,67.42136,144.205635,185.383055,41.17742000000001,82.43950499999998,247.14918500000005
Malignant,3083.jpg,Red_Mean,71.830315,144.205635,185.383055,41.17742000000001,82.43950499999998,247.14918500000005
Malignant,3104.jpg,Red_Mean,81.5068,144.205635,185.383055,41.17742000000001,82.43950499999998,247.14918500000005
Malignant,3114.jpg,Red_Mean,77.88505,144.205635,185.383055,41.17742000000001,82.43950499999998,247.14918500000005
Malignant,3117.jpg,Red_Mean,63.360092,144.205635,185.383055,41.17742000000001,82.43950499999998,247.14918500000005
Malignant,3125.jpg,Red_Mean,63.040516,144.205635,185.383055,41.17742000000001,82.43950499999998,247.14918500000005
Malignant,3141.jpg,Red_Mean,55.77316,144.205635,185.383055,41.17742000000001,82.43950499999998,247.14918500000005
Malignant,3156.jpg,Red_Mean,76.50576,144.205635,185.383055,41.17742000000001,82.43950499999998,247.14918500000005
Malignant,3202.jpg,Red_Mean,48.08803,144.205635,185.383055,41.17742000000001,82.43950499999998,247.14918500000005
Malignant,3203.jpg,Red_Mean,51.17277,144.205635,185.383055,41.17742000000001,82.43950499999998,247.14918500000005
Malignant,3206.jpg,Red_Mean,65.15035,144.205635,185.383055,41.17742000000001,82.43950499999998,247.14918500000005
Malignant,3208.jpg,Red_Mean,47.137096,144.205635,185.383055,41.17742000000001,82.43950499999998,247.14918500000005
Malignant,3211.jpg,Red_Mean,68.79171,144.205635,185.383055,41.17742000000001,82.43950499999998,247.14918500000005
Malignant,3216.jpg,Red_Mean,51.109932,144.205635,185.383055,41.17742000000001,82.43950499999998,247.14918500000005
Malignant,3234.jpg,Red_Mean,68.44733,144.205635,185.383055,41.17742000000001,82.43950499999998,247.14918500000005
Malignant,3235.jpg,Red_Mean,79.45027,144.205635,185.383055,41.17742000000001,82.43950499999998,247.14918500000005
Malignant,3248.jpg,Red_Mean,73.23392,144.205635,185.383055,41.17742000000001,82.43950499999998,247.14918500000005
Malignant,3283.jpg,Red_Mean,59.842155,144.205635,185.383055,41.17742000000001,82.43950499999998,247.14918500000005
Malignant,3287.jpg,Red_Mean,71.05969,144.205635,185.383055,41.17742000000001,82.43950499999998,247.14918500000005
Malignant,3291.jpg,Red_Mean,76.07217,144.205635,185.383055,41.17742000000001,82.43950499999998,247.14918500000005
Malignant,3298.jpg,Red_Mean,65.49408,144.205635,185.383055,41.17742000000001,82.43950499999998,247.14918500000005
Malignant,3303.jpg,Red_Mean,61.483616,144.205635,185.383055,41.17742000000001,82.43950499999998,247.14918500000005
Malignant,3318.jpg,Red_Mean,78.38951,144.205635,185.383055,41.17742000000001,82.43950499999998,247.14918500000005
Malignant,3357.jpg,Red_Mean,70.38114,144.205635,185.383055,41.17742000000001,82.43950499999998,247.14918500000005
Malignant,3363.jpg,Red_Mean,68.73035,144.205635,185.383055,41.17742000000001,82.43950499999998,247.14918500000005
Malignant,3369.jpg,Red_Mean,59.686443,144.205635,185.383055,41.17742000000001,82.43950499999998,247.14918500000005
Malignant,3383.jpg,Red_Mean,54.413303,144.205635,185.383055,41.17742000000001,82.43950499999998,247.14918500000005
Malignant,3387.jpg,Red_Mean,66.247986,144.205635,185.383055,41.17742000000001,82.43950499999998,247.14918500000005
Malignant,3394.jpg,Red_Mean,63.58279,144.205635,185.383055,41.17742000000001,82.43950499999998,247.14918500000005
Malignant,3420.jpg,Red_Mean,75.92226,144.205635,185.383055,41.17742000000001,82.43950499999998,247.14918500000005
Malignant,3429.jpg,Red_Mean,76.63427,144.205635,185.383055,41.17742000000001,82.43950499999998,247.14918500000005
Malignant,3457.jpg,Red_Mean,59.130898,144.205635,185.383055,41.17742000000001,82.43950499999998,247.14918500000005
Malignant,3462.jpg,Red_Mean,71.01104,144.205635,185.383055,41.17742000000001,82.43950499999998,247.14918500000005
Malignant,3489.jpg,Red_Mean,60.09385,144.205635,185.383055,41.17742000000001,82.43950499999998,247.14918500000005
Malignant,3496.jpg,Red_Mean,60.28175,144.205635,185.383055,41.17742000000001,82.43950499999998,247.14918500000005
Malignant,3513.jpg,Red_Mean,59.515266,144.205635,185.383055,41.17742000000001,82.43950499999998,247.14918500000005
Malignant,3523.jpg,Red_Mean,76.08098,144.205635,185.383055,41.17742000000001,82.43950499999998,247.14918500000005
Malignant,3534.jpg,Red_Mean,51.95996,144.205635,185.383055,41.17742000000001,82.43950499999998,247.14918500000005
Malignant,3541.jpg,Red_Mean,68.70167,144.205635,185.383055,41.17742000000001,82.43950499999998,247.14918500000005
Malignant,3542.jpg,Red_Mean,68.10585,144.205635,185.383055,41.17742000000001,82.43950499999998,247.14918500000005
Malignant,3554.jpg,Red_Mean,72.23844,144.205635,185.383055,41.17742000000001,82.43950499999998,247.14918500000005
Malignant,3556.jpg,Red_Mean,73.41907,144.205635,185.383055,41.17742000000001,82.43950499999998,247.14918500000005
Malignant,3569.jpg,Red_Mean,56.519135,144.205635,185.383055,41.17742000000001,82.43950499999998,247.14918500000005
Malignant,3571.jpg,Red_Mean,73.109535,144.205635,185.383055,41.17742000000001,82.43950499999998,247.14918500000005
Malignant,3580.jpg,Red_Mean,56.903797,144.205635,185.383055,41.17742000000001,82.43950499999998,247.14918500000005
Malignant,3583.jpg,Red_Mean,66.51859,144.205635,185.383055,41.17742000000001,82.43950499999998,247.14918500000005
Malignant,3598.jpg,Red_Mean,77.89716,144.205635,185.383055,41.17742000000001,82.43950499999998,247.14918500000005
Malignant,3606.jpg,Red_Mean,72.86468,144.205635,185.383055,41.17742000000001,82.43950499999998,247.14918500000005
Malignant,3613.jpg,Red_Mean,71.23174,144.205635,185.383055,41.17742000000001,82.43950499999998,247.14918500000005
Malignant,3615.jpg,Red_Mean,71.412506,144.205635,185.383055,41.17742000000001,82.43950499999998,247.14918500000005
Malignant,3619.jpg,Red_Mean,71.8129,144.205635,185.383055,41.17742000000001,82.43950499999998,247.14918500000005
Malignant,3631.jpg,Red_Mean,72.41494,144.205635,185.383055,41.17742000000001,82.43950499999998,247.14918500000005
Malignant,3637.jpg,Red_Mean,70.603775,144.205635,185.383055,41.17742000000001,82.43950499999998,247.14918500000005
Malignant,3642.jpg,Red_Mean,52.591877,144.205635,185.383055,41.17742000000001,82.43950499999998,247.14918500000005
Malignant,3646.jpg,Red_Mean,50.393475,144.205635,185.383055,41.17742000000001,82.43950499999998,247.14918500000005
Malignant,3659.jpg,Red_Mean,51.44396,144.205635,185.383055,41.17742000000001,82.43950499999998,247.14918500000005
Malignant,3660.jpg,Red_Mean,75.64798,144.205635,185.383055,41.17742000000001,82.43950499999998,247.14918500000005
Malignant,3689.jpg,Red_Mean,67.77812,144.205635,185.383055,41.17742000000001,82.43950499999998,247.14918500000005
Malignant,3695.jpg,Red_Mean,78.26921,144.205635,185.383055,41.17742000000001,82.43950499999998,247.14918500000005
Malignant,3698.jpg,Red_Mean,51.146683,144.205635,185.383055,41.17742000000001,82.43950499999998,247.14918500000005
Malignant,3699.jpg,Red_Mean,77.36238,144.205635,185.383055,41.17742000000001,82.43950499999998,247.14918500000005
Malignant,3714.jpg,Red_Mean,67.19091,144.205635,185.383055,41.17742000000001,82.43950499999998,247.14918500000005
Malignant,3718.jpg,Red_Mean,63.230507,144.205635,185.383055,41.17742000000001,82.43950499999998,247.14918500000005
Malignant,3723.jpg,Red_Mean,58.326054,144.205635,185.383055,41.17742000000001,82.43950499999998,247.14918500000005
Malignant,3730.jpg,Red_Mean,77.40914,144.205635,185.383055,41.17742000000001,82.43950499999998,247.14918500000005
Malignant,3738.jpg,Red_Mean,81.52167,144.205635,185.383055,41.17742000000001,82.43950499999998,247.14918500000005
Malignant,3752.jpg,Red_Mean,64.34148,144.205635,185.383055,41.17742000000001,82.43950499999998,247.14918500000005
Malignant,3760.jpg,Red_Mean,54.04863,144.205635,185.383055,41.17742000000001,82.43950499999998,247.14918500000005
Malignant,3763.jpg,Red_Mean,60.959564,144.205635,185.383055,41.17742000000001,82.43950499999998,247.14918500000005
Malignant,3767.jpg,Red_Mean,56.55465,144.205635,185.383055,41.17742000000001,82.43950499999998,247.14918500000005
Malignant,3779.jpg,Red_Mean,55.259148,144.205635,185.383055,41.17742000000001,82.43950499999998,247.14918500000005
Malignant,3797.jpg,Red_Mean,59.626934,144.205635,185.383055,41.17742000000001,82.43950499999998,247.14918500000005
Malignant,3803.jpg,Red_Mean,66.098755,144.205635,185.383055,41.17742000000001,82.43950499999998,247.14918500000005
Malignant,3816.jpg,Red_Mean,50.871235,144.205635,185.383055,41.17742000000001,82.43950499999998,247.14918500000005
Malignant,3861.jpg,Red_Mean,61.221043,144.205635,185.383055,41.17742000000001,82.43950499999998,247.14918500000005
Malignant,3871.jpg,Red_Mean,72.37582,144.205635,185.383055,41.17742000000001,82.43950499999998,247.14918500000005
Malignant,3874.jpg,Red_Mean,79.90155,144.205635,185.383055,41.17742000000001,82.43950499999998,247.14918500000005
Malignant,3877.jpg,Red_Mean,72.64893,144.205635,185.383055,41.17742000000001,82.43950499999998,247.14918500000005
Malignant,3883.jpg,Red_Mean,78.29921,144.205635,185.383055,41.17742000000001,82.43950499999998,247.14918500000005
Malignant,3892.jpg,Red_Mean,72.53043,144.205635,185.383055,41.17742000000001,82.43950499999998,247.14918500000005
Malignant,3905.jpg,Red_Mean,71.54652,144.205635,185.383055,41.17742000000001,82.43950499999998,247.14918500000005
Malignant,3907.jpg,Red_Mean,77.024376,144.205635,185.383055,41.17742000000001,82.43950499999998,247.14918500000005
Malignant,3927.jpg,Red_Mean,44.37181,144.205635,185.383055,41.17742000000001,82.43950499999998,247.14918500000005
Malignant,3959.jpg,Red_Mean,67.935684,144.205635,185.383055,41.17742000000001,82.43950499999998,247.14918500000005
Malignant,3964.jpg,Red_Mean,67.04309,144.205635,185.383055,41.17742000000001,82.43950499999998,247.14918500000005
Malignant,3992.jpg,Red_Mean,70.086975,144.205635,185.383055,41.17742000000001,82.43950499999998,247.14918500000005
Malignant,4012.jpg,Red_Mean,64.505165,144.205635,185.383055,41.17742000000001,82.43950499999998,247.14918500000005
Malignant,4026.jpg,Red_Mean,69.33086,144.205635,185.383055,41.17742000000001,82.43950499999998,247.14918500000005
Malignant,4027.jpg,Red_Mean,67.43587,144.205635,185.383055,41.17742000000001,82.43950499999998,247.14918500000005
Malignant,4037.jpg,Red_Mean,63.960796,144.205635,185.383055,41.17742000000001,82.43950499999998,247.14918500000005
Malignant,4039.jpg,Red_Mean,73.49635,144.205635,185.383055,41.17742000000001,82.43950499999998,247.14918500000005
Malignant,4042.jpg,Red_Mean,72.78418,144.205635,185.383055,41.17742000000001,82.43950499999998,247.14918500000005
Malignant,4048.jpg,Red_Mean,67.06852,144.205635,185.383055,41.17742000000001,82.43950499999998,247.14918500000005
Malignant,4067.jpg,Red_Mean,79.4601,144.205635,185.383055,41.17742000000001,82.43950499999998,247.14918500000005
Malignant,4085.jpg,Red_Mean,63.50343,144.205635,185.383055,41.17742000000001,82.43950499999998,247.14918500000005
Malignant,4091.jpg,Red_Mean,67.63845,144.205635,185.383055,41.17742000000001,82.43950499999998,247.14918500000005
Malignant,4095.jpg,Red_Mean,68.52639,144.205635,185.383055,41.17742000000001,82.43950499999998,247.14918500000005
Malignant,4115.jpg,Red_Mean,53.88393,144.205635,185.383055,41.17742000000001,82.43950499999998,247.14918500000005
Malignant,4136.jpg,Red_Mean,65.65934,144.205635,185.383055,41.17742000000001,82.43950499999998,247.14918500000005
Malignant,4139.jpg,Red_Mean,67.02551,144.205635,185.383055,41.17742000000001,82.43950499999998,247.14918500000005
Malignant,4140.jpg,Red_Mean,63.444138,144.205635,185.383055,41.17742000000001,82.43950499999998,247.14918500000005
Malignant,4151.jpg,Red_Mean,66.30146,144.205635,185.383055,41.17742000000001,82.43950499999998,247.14918500000005
Malignant,4164.jpg,Red_Mean,78.945595,144.205635,185.383055,41.17742000000001,82.43950499999998,247.14918500000005
Malignant,4165.jpg,Red_Mean,72.68236,144.205635,185.383055,41.17742000000001,82.43950499999998,247.14918500000005
Malignant,4171.jpg,Red_Mean,72.114235,144.205635,185.383055,41.17742000000001,82.43950499999998,247.14918500000005
Malignant,4172.jpg,Red_Mean,61.26646,144.205635,185.383055,41.17742000000001,82.43950499999998,247.14918500000005
Malignant,4183.jpg,Red_Mean,65.91992,144.205635,185.383055,41.17742000000001,82.43950499999998,247.14918500000005
Malignant,4184.jpg,Red_Mean,58.34963,144.205635,185.383055,41.17742000000001,82.43950499999998,247.14918500000005
Malignant,4190.jpg,Red_Mean,66.35323,144.205635,185.383055,41.17742000000001,82.43950499999998,247.14918500000005
Malignant,4193.jpg,Red_Mean,80.71965,144.205635,185.383055,41.17742000000001,82.43950499999998,247.14918500000005
Malignant,4199.jpg,Red_Mean,59.83867,144.205635,185.383055,41.17742000000001,82.43950499999998,247.14918500000005
Malignant,4203.jpg,Red_Mean,78.325935,144.205635,185.383055,41.17742000000001,82.43950499999998,247.14918500000005
Malignant,4207.jpg,Red_Mean,79.01842,144.205635,185.383055,41.17742000000001,82.43950499999998,247.14918500000005
Malignant,4220.jpg,Red_Mean,51.933952,144.205635,185.383055,41.17742000000001,82.43950499999998,247.14918500000005
Malignant,4249.jpg,Red_Mean,69.738464,144.205635,185.383055,41.17742000000001,82.43950499999998,247.14918500000005
Malignant,4271.jpg,Red_Mean,64.54785,144.205635,185.383055,41.17742000000001,82.43950499999998,247.14918500000005
Malignant,4301.jpg,Red_Mean,70.97597,144.205635,185.383055,41.17742000000001,82.43950499999998,247.14918500000005
Malignant,4312.jpg,Red_Mean,67.381996,144.205635,185.383055,41.17742000000001,82.43950499999998,247.14918500000005
Malignant,4318.jpg,Red_Mean,66.47266,144.205635,185.383055,41.17742000000001,82.43950499999998,247.14918500000005
Malignant,4331.jpg,Red_Mean,67.1649,144.205635,185.383055,41.17742000000001,82.43950499999998,247.14918500000005
Malignant,4340.jpg,Red_Mean,61.74233,144.205635,185.383055,41.17742000000001,82.43950499999998,247.14918500000005
Malignant,4359.jpg,Red_Mean,63.8299,144.205635,185.383055,41.17742000000001,82.43950499999998,247.14918500000005
Malignant,4361.jpg,Red_Mean,79.915436,144.205635,185.383055,41.17742000000001,82.43950499999998,247.14918500000005
Malignant,4378.jpg,Red_Mean,76.938896,144.205635,185.383055,41.17742000000001,82.43950499999998,247.14918500000005
Malignant,4382.jpg,Red_Mean,72.45368,144.205635,185.383055,41.17742000000001,82.43950499999998,247.14918500000005
Malignant,4408.jpg,Red_Mean,57.06035,144.205635,185.383055,41.17742000000001,82.43950499999998,247.14918500000005
Malignant,4423.jpg,Red_Mean,81.84825,144.205635,185.383055,41.17742000000001,82.43950499999998,247.14918500000005
Malignant,4425.jpg,Red_Mean,68.75095,144.205635,185.383055,41.17742000000001,82.43950499999998,247.14918500000005
Malignant,4454.jpg,Red_Mean,81.417114,144.205635,185.383055,41.17742000000001,82.43950499999998,247.14918500000005
Malignant,4456.jpg,Red_Mean,75.04109,144.205635,185.383055,41.17742000000001,82.43950499999998,247.14918500000005
Malignant,4471.jpg,Red_Mean,73.36045,144.205635,185.383055,41.17742000000001,82.43950499999998,247.14918500000005
Malignant,4474.jpg,Red_Mean,65.84052,144.205635,185.383055,41.17742000000001,82.43950499999998,247.14918500000005
Malignant,4486.jpg,Red_Mean,72.85166,144.205635,185.383055,41.17742000000001,82.43950499999998,247.14918500000005
Malignant,4487.jpg,Red_Mean,65.23476,144.205635,185.383055,41.17742000000001,82.43950499999998,247.14918500000005
Malignant,4517.jpg,Red_Mean,77.93017,144.205635,185.383055,41.17742000000001,82.43950499999998,247.14918500000005
Malignant,4520.jpg,Red_Mean,71.310326,144.205635,185.383055,41.17742000000001,82.43950499999998,247.14918500000005
Malignant,4524.jpg,Red_Mean,79.02382,144.205635,185.383055,41.17742000000001,82.43950499999998,247.14918500000005
Malignant,4537.jpg,Red_Mean,63.57053,144.205635,185.383055,41.17742000000001,82.43950499999998,247.14918500000005
Malignant,4545.jpg,Red_Mean,56.276627,144.205635,185.383055,41.17742000000001,82.43950499999998,247.14918500000005
Malignant,4567.jpg,Red_Mean,65.36095,144.205635,185.383055,41.17742000000001,82.43950499999998,247.14918500000005
Malignant,4582.jpg,Red_Mean,73.240555,144.205635,185.383055,41.17742000000001,82.43950499999998,247.14918500000005
Malignant,4590.jpg,Red_Mean,73.802216,144.205635,185.383055,41.17742000000001,82.43950499999998,247.14918500000005
Malignant,4615.jpg,Red_Mean,70.8869,144.205635,185.383055,41.17742000000001,82.43950499999998,247.14918500000005
Malignant,4627.jpg,Red_Mean,71.33197,144.205635,185.383055,41.17742000000001,82.43950499999998,247.14918500000005
Malignant,4635.jpg,Red_Mean,53.044743,144.205635,185.383055,41.17742000000001,82.43950499999998,247.14918500000005
Malignant,4658.jpg,Red_Mean,77.72638,144.205635,185.383055,41.17742000000001,82.43950499999998,247.14918500000005
Malignant,4687.jpg,Red_Mean,72.96195,144.205635,185.383055,41.17742000000001,82.43950499999998,247.14918500000005
Malignant,4703.jpg,Red_Mean,70.36569,144.205635,185.383055,41.17742000000001,82.43950499999998,247.14918500000005
Malignant,4716.jpg,Red_Mean,56.976482,144.205635,185.383055,41.17742000000001,82.43950499999998,247.14918500000005
Malignant,4719.jpg,Red_Mean,72.15242,144.205635,185.383055,41.17742000000001,82.43950499999998,247.14918500000005
Malignant,4722.jpg,Red_Mean,49.645725,144.205635,185.383055,41.17742000000001,82.43950499999998,247.14918500000005
Malignant,4740.jpg,Red_Mean,69.40033,144.205635,185.383055,41.17742000000001,82.43950499999998,247.14918500000005
Malignant,4758.jpg,Red_Mean,62.081234,144.205635,185.383055,41.17742000000001,82.43950499999998,247.14918500000005
Malignant,4785.jpg,Red_Mean,63.735092,144.205635,185.383055,41.17742000000001,82.43950499999998,247.14918500000005
Malignant,4791.jpg,Red_Mean,51.976242,144.205635,185.383055,41.17742000000001,82.43950499999998,247.14918500000005
Malignant,4793.jpg,Red_Mean,77.6872,144.205635,185.383055,41.17742000000001,82.43950499999998,247.14918500000005
Malignant,4800.jpg,Red_Mean,54.50845,144.205635,185.383055,41.17742000000001,82.43950499999998,247.14918500000005
Malignant,4807.jpg,Red_Mean,67.07015,144.205635,185.383055,41.17742000000001,82.43950499999998,247.14918500000005
Malignant,4826.jpg,Red_Mean,82.335815,144.205635,185.383055,41.17742000000001,82.43950499999998,247.14918500000005
Malignant,4847.jpg,Red_Mean,57.640167,144.205635,185.383055,41.17742000000001,82.43950499999998,247.14918500000005
Malignant,4851.jpg,Red_Mean,71.96953,144.205635,185.383055,41.17742000000001,82.43950499999998,247.14918500000005
Malignant,4877.jpg,Red_Mean,68.610535,144.205635,185.383055,41.17742000000001,82.43950499999998,247.14918500000005
Malignant,4881.jpg,Red_Mean,61.160915,144.205635,185.383055,41.17742000000001,82.43950499999998,247.14918500000005
Malignant,4883.jpg,Red_Mean,46.171715,144.205635,185.383055,41.17742000000001,82.43950499999998,247.14918500000005
Malignant,4885.jpg,Red_Mean,51.33833,144.205635,185.383055,41.17742000000001,82.43950499999998,247.14918500000005
Malignant,4902.jpg,Red_Mean,66.59044,144.205635,185.383055,41.17742000000001,82.43950499999998,247.14918500000005
Malignant,4915.jpg,Red_Mean,56.370773,144.205635,185.383055,41.17742000000001,82.43950499999998,247.14918500000005
Malignant,4925.jpg,Red_Mean,81.242546,144.205635,185.383055,41.17742000000001,82.43950499999998,247.14918500000005
Malignant,4929.jpg,Red_Mean,65.71399,144.205635,185.383055,41.17742000000001,82.43950499999998,247.14918500000005
Malignant,4933.jpg,Red_Mean,54.892776,144.205635,185.383055,41.17742000000001,82.43950499999998,247.14918500000005
Malignant,4957.jpg,Red_Mean,57.82384,144.205635,185.383055,41.17742000000001,82.43950499999998,247.14918500000005
Malignant,4973.jpg,Red_Mean,78.08737,144.205635,185.383055,41.17742000000001,82.43950499999998,247.14918500000005
Malignant,4979.jpg,Red_Mean,82.23738,144.205635,185.383055,41.17742000000001,82.43950499999998,247.14918500000005
Malignant,5019.jpg,Red_Mean,59.212032,144.205635,185.383055,41.17742000000001,82.43950499999998,247.14918500000005
Malignant,5022.jpg,Red_Mean,76.415,144.205635,185.383055,41.17742000000001,82.43950499999998,247.14918500000005
Malignant,5038.jpg,Red_Mean,59.828724,144.205635,185.383055,41.17742000000001,82.43950499999998,247.14918500000005
Malignant,5048.jpg,Red_Mean,69.373985,144.205635,185.383055,41.17742000000001,82.43950499999998,247.14918500000005
Malignant,5064.jpg,Red_Mean,59.377373,144.205635,185.383055,41.17742000000001,82.43950499999998,247.14918500000005
Malignant,5071.jpg,Red_Mean,76.00889,144.205635,185.383055,41.17742000000001,82.43950499999998,247.14918500000005
Malignant,5075.jpg,Red_Mean,64.21744,144.205635,185.383055,41.17742000000001,82.43950499999998,247.14918500000005
Malignant,5078.jpg,Red_Mean,74.112785,144.205635,185.383055,41.17742000000001,82.43950499999998,247.14918500000005
Malignant,5099.jpg,Red_Mean,71.73152,144.205635,185.383055,41.17742000000001,82.43950499999998,247.14918500000005
Malignant,5105.jpg,Red_Mean,54.47708,144.205635,185.383055,41.17742000000001,82.43950499999998,247.14918500000005
Malignant,5128.jpg,Red_Mean,58.677376,144.205635,185.383055,41.17742000000001,82.43950499999998,247.14918500000005
Malignant,5129.jpg,Red_Mean,69.14457,144.205635,185.383055,41.17742000000001,82.43950499999998,247.14918500000005
Malignant,5130.jpg,Red_Mean,71.89384,144.205635,185.383055,41.17742000000001,82.43950499999998,247.14918500000005
Malignant,5133.jpg,Red_Mean,66.41458,144.205635,185.383055,41.17742000000001,82.43950499999998,247.14918500000005
Malignant,5134.jpg,Red_Mean,72.127075,144.205635,185.383055,41.17742000000001,82.43950499999998,247.14918500000005
Malignant,5137.jpg,Red_Mean,76.93975,144.205635,185.383055,41.17742000000001,82.43950499999998,247.14918500000005
Malignant,5149.jpg,Red_Mean,70.1131,144.205635,185.383055,41.17742000000001,82.43950499999998,247.14918500000005
Malignant,5161.jpg,Red_Mean,58.697784,144.205635,185.383055,41.17742000000001,82.43950499999998,247.14918500000005
Malignant,5168.jpg,Red_Mean,58.172333,144.205635,185.383055,41.17742000000001,82.43950499999998,247.14918500000005
Malignant,5195.jpg,Red_Mean,78.65798,144.205635,185.383055,41.17742000000001,82.43950499999998,247.14918500000005
Malignant,5197.jpg,Red_Mean,70.846085,144.205635,185.383055,41.17742000000001,82.43950499999998,247.14918500000005
Malignant,5211.jpg,Red_Mean,76.245476,144.205635,185.383055,41.17742000000001,82.43950499999998,247.14918500000005
Malignant,5216.jpg,Red_Mean,51.879704,144.205635,185.383055,41.17742000000001,82.43950499999998,247.14918500000005
Malignant,5229.jpg,Red_Mean,68.66783,144.205635,185.383055,41.17742000000001,82.43950499999998,247.14918500000005
Malignant,5231.jpg,Red_Mean,75.33241,144.205635,185.383055,41.17742000000001,82.43950499999998,247.14918500000005
Malignant,5233.jpg,Red_Mean,54.220943,144.205635,185.383055,41.17742000000001,82.43950499999998,247.14918500000005
Malignant,5252.jpg,Red_Mean,63.256916,144.205635,185.383055,41.17742000000001,82.43950499999998,247.14918500000005
Malignant,5274.jpg,Red_Mean,71.575356,144.205635,185.383055,41.17742000000001,82.43950499999998,247.14918500000005
Malignant,5284.jpg,Red_Mean,56.725086,144.205635,185.383055,41.17742000000001,82.43950499999998,247.14918500000005
Malignant,5381.jpg,Red_Mean,53.421814,144.205635,185.383055,41.17742000000001,82.43950499999998,247.14918500000005
Malignant,5406.jpg,Red_Mean,73.64744,144.205635,185.383055,41.17742000000001,82.43950499999998,247.14918500000005
Malignant,5433.jpg,Red_Mean,63.98328,144.205635,185.383055,41.17742000000001,82.43950499999998,247.14918500000005
Malignant,5557.jpg,Red_Mean,61.012695,144.205635,185.383055,41.17742000000001,82.43950499999998,247.14918500000005
Malignant,5565.jpg,Red_Mean,59.03659,144.205635,185.383055,41.17742000000001,82.43950499999998,247.14918500000005
Malignant,1028.jpg,Green_Mean,215.95985,113.5554275,150.171735,36.61630750000002,58.630966249999965,205.09619625000005
Malignant,1124.jpg,Green_Mean,207.89458,113.5554275,150.171735,36.61630750000002,58.630966249999965,205.09619625000005
Malignant,1125.jpg,Green_Mean,27.611547,113.5554275,150.171735,36.61630750000002,58.630966249999965,205.09619625000005
Malignant,1245.jpg,Green_Mean,218.87943,113.5554275,150.171735,36.61630750000002,58.630966249999965,205.09619625000005
Malignant,1428.jpg,Green_Mean,52.407604,113.5554275,150.171735,36.61630750000002,58.630966249999965,205.09619625000005
Malignant,147.jpg,Green_Mean,215.37294,113.5554275,150.171735,36.61630750000002,58.630966249999965,205.09619625000005
Malignant,1501.jpg,Green_Mean,212.68175,113.5554275,150.171735,36.61630750000002,58.630966249999965,205.09619625000005
Malignant,1502.jpg,Green_Mean,212.53212,113.5554275,150.171735,36.61630750000002,58.630966249999965,205.09619625000005
Malignant,1581.jpg,Green_Mean,42.96596,113.5554275,150.171735,36.61630750000002,58.630966249999965,205.09619625000005
Malignant,1587.jpg,Green_Mean,57.00562,113.5554275,150.171735,36.61630750000002,58.630966249999965,205.09619625000005
Malignant,1597.jpg,Green_Mean,58.568798,113.5554275,150.171735,36.61630750000002,58.630966249999965,205.09619625000005
Malignant,1626.jpg,Green_Mean,58.271744,113.5554275,150.171735,36.61630750000002,58.630966249999965,205.09619625000005
Malignant,1632.jpg,Green_Mean,48.415718,113.5554275,150.171735,36.61630750000002,58.630966249999965,205.09619625000005
Malignant,1634.jpg,Green_Mean,39.119797,113.5554275,150.171735,36.61630750000002,58.630966249999965,205.09619625000005
Malignant,1646.jpg,Green_Mean,56.839188,113.5554275,150.171735,36.61630750000002,58.630966249999965,205.09619625000005
Malignant,1647.jpg,Green_Mean,47.955715,113.5554275,150.171735,36.61630750000002,58.630966249999965,205.09619625000005
Malignant,1663.jpg,Green_Mean,55.064274,113.5554275,150.171735,36.61630750000002,58.630966249999965,205.09619625000005
Malignant,1676.jpg,Green_Mean,56.194675,113.5554275,150.171735,36.61630750000002,58.630966249999965,205.09619625000005
Malignant,1755.jpg,Green_Mean,54.311462,113.5554275,150.171735,36.61630750000002,58.630966249999965,205.09619625000005
Malignant,1757.jpg,Green_Mean,53.97427,113.5554275,150.171735,36.61630750000002,58.630966249999965,205.09619625000005
Malignant,1763.jpg,Green_Mean,50.49197,113.5554275,150.171735,36.61630750000002,58.630966249999965,205.09619625000005
Malignant,1766.jpg,Green_Mean,58.15069,113.5554275,150.171735,36.61630750000002,58.630966249999965,205.09619625000005
Malignant,1775.jpg,Green_Mean,52.516163,113.5554275,150.171735,36.61630750000002,58.630966249999965,205.09619625000005
Malignant,1793.jpg,Green_Mean,51.163544,113.5554275,150.171735,36.61630750000002,58.630966249999965,205.09619625000005
Malignant,1814.jpg,Green_Mean,50.777702,113.5554275,150.171735,36.61630750000002,58.630966249999965,205.09619625000005
Malignant,1841.jpg,Green_Mean,48.791134,113.5554275,150.171735,36.61630750000002,58.630966249999965,205.09619625000005
Malignant,1850.jpg,Green_Mean,52.869938,113.5554275,150.171735,36.61630750000002,58.630966249999965,205.09619625000005
Malignant,1863.jpg,Green_Mean,40.758152,113.5554275,150.171735,36.61630750000002,58.630966249999965,205.09619625000005
Malignant,1871.jpg,Green_Mean,53.419823,113.5554275,150.171735,36.61630750000002,58.630966249999965,205.09619625000005
Malignant,1890.jpg,Green_Mean,57.414402,113.5554275,150.171735,36.61630750000002,58.630966249999965,205.09619625000005
Malignant,1891.jpg,Green_Mean,47.430084,113.5554275,150.171735,36.61630750000002,58.630966249999965,205.09619625000005
Malignant,1893.jpg,Green_Mean,53.85254,113.5554275,150.171735,36.61630750000002,58.630966249999965,205.09619625000005
Malignant,1914.jpg,Green_Mean,57.780792,113.5554275,150.171735,36.61630750000002,58.630966249999965,205.09619625000005
Malignant,1925.jpg,Green_Mean,47.2442,113.5554275,150.171735,36.61630750000002,58.630966249999965,205.09619625000005
Malignant,1932.jpg,Green_Mean,58.12526,113.5554275,150.171735,36.61630750000002,58.630966249999965,205.09619625000005
Malignant,1980.jpg,Green_Mean,213.24657,113.5554275,150.171735,36.61630750000002,58.630966249999965,205.09619625000005
Malignant,1983.jpg,Green_Mean,56.814415,113.5554275,150.171735,36.61630750000002,58.630966249999965,205.09619625000005
Malignant,202.jpg,Green_Mean,209.46179,113.5554275,150.171735,36.61630750000002,58.630966249999965,205.09619625000005
Malignant,2128.jpg,Green_Mean,52.28657,113.5554275,150.171735,36.61630750000002,58.630966249999965,205.09619625000005
Malignant,2181.jpg,Green_Mean,214.50705,113.5554275,150.171735,36.61630750000002,58.630966249999965,205.09619625000005
Malignant,2288.jpg,Green_Mean,26.830297,113.5554275,150.171735,36.61630750000002,58.630966249999965,205.09619625000005
Malignant,2380.jpg,Green_Mean,213.15382,113.5554275,150.171735,36.61630750000002,58.630966249999965,205.09619625000005
Malignant,2433.jpg,Green_Mean,207.53429,113.5554275,150.171735,36.61630750000002,58.630966249999965,205.09619625000005
Malignant,2474.jpg,Green_Mean,213.50385,113.5554275,150.171735,36.61630750000002,58.630966249999965,205.09619625000005
Malignant,2647.jpg,Green_Mean,53.72772,113.5554275,150.171735,36.61630750000002,58.630966249999965,205.09619625000005
Malignant,2651.jpg,Green_Mean,51.309532,113.5554275,150.171735,36.61630750000002,58.630966249999965,205.09619625000005
Malignant,2685.jpg,Green_Mean,36.512913,113.5554275,150.171735,36.61630750000002,58.630966249999965,205.09619625000005
Malignant,2716.jpg,Green_Mean,54.083206,113.5554275,150.171735,36.61630750000002,58.630966249999965,205.09619625000005
Malignant,2745.jpg,Green_Mean,52.145348,113.5554275,150.171735,36.61630750000002,58.630966249999965,205.09619625000005
Malignant,2780.jpg,Green_Mean,53.1244,113.5554275,150.171735,36.61630750000002,58.630966249999965,205.09619625000005
Malignant,2819.jpg,Green_Mean,52.884647,113.5554275,150.171735,36.61630750000002,58.630966249999965,205.09619625000005
Malignant,2850.jpg,Green_Mean,56.66968,113.5554275,150.171735,36.61630750000002,58.630966249999965,205.09619625000005
Malignant,2863.jpg,Green_Mean,55.794323,113.5554275,150.171735,36.61630750000002,58.630966249999965,205.09619625000005
Malignant,2868.jpg,Green_Mean,53.27643,113.5554275,150.171735,36.61630750000002,58.630966249999965,205.09619625000005
Malignant,2870.jpg,Green_Mean,56.045937,113.5554275,150.171735,36.61630750000002,58.630966249999965,205.09619625000005
Malignant,2878.jpg,Green_Mean,48.953743,113.5554275,150.171735,36.61630750000002,58.630966249999965,205.09619625000005
Malignant,2881.jpg,Green_Mean,57.5222,113.5554275,150.171735,36.61630750000002,58.630966249999965,205.09619625000005
Malignant,2891.jpg,Green_Mean,48.712852,113.5554275,150.171735,36.61630750000002,58.630966249999965,205.09619625000005
Malignant,2937.jpg,Green_Mean,52.638832,113.5554275,150.171735,36.61630750000002,58.630966249999965,205.09619625000005
Malignant,2957.jpg,Green_Mean,54.047314,113.5554275,150.171735,36.61630750000002,58.630966249999965,205.09619625000005
Malignant,2975.jpg,Green_Mean,56.393215,113.5554275,150.171735,36.61630750000002,58.630966249999965,205.09619625000005
Malignant,2984.jpg,Green_Mean,55.16709,113.5554275,150.171735,36.61630750000002,58.630966249999965,205.09619625000005
Malignant,2991.jpg,Green_Mean,56.832687,113.5554275,150.171735,36.61630750000002,58.630966249999965,205.09619625000005
Malignant,2997.jpg,Green_Mean,55.330276,113.5554275,150.171735,36.61630750000002,58.630966249999965,205.09619625000005
Malignant,3002.jpg,Green_Mean,42.765686,113.5554275,150.171735,36.61630750000002,58.630966249999965,205.09619625000005
Malignant,3023.jpg,Green_Mean,32.193817,113.5554275,150.171735,36.61630750000002,58.630966249999965,205.09619625000005
Malignant,3046.jpg,Green_Mean,51.744698,113.5554275,150.171735,36.61630750000002,58.630966249999965,205.09619625000005
Malignant,3114.jpg,Green_Mean,45.296017,113.5554275,150.171735,36.61630750000002,58.630966249999965,205.09619625000005
Malignant,3125.jpg,Green_Mean,52.347935,113.5554275,150.171735,36.61630750000002,58.630966249999965,205.09619625000005
Malignant,3141.jpg,Green_Mean,46.907585,113.5554275,150.171735,36.61630750000002,58.630966249999965,205.09619625000005
Malignant,3202.jpg,Green_Mean,49.231285,113.5554275,150.171735,36.61630750000002,58.630966249999965,205.09619625000005
Malignant,3203.jpg,Green_Mean,46.153,113.5554275,150.171735,36.61630750000002,58.630966249999965,205.09619625000005
Malignant,3208.jpg,Green_Mean,39.34736,113.5554275,150.171735,36.61630750000002,58.630966249999965,205.09619625000005
Malignant,3211.jpg,Green_Mean,58.337513,113.5554275,150.171735,36.61630750000002,58.630966249999965,205.09619625000005
Malignant,3216.jpg,Green_Mean,54.191307,113.5554275,150.171735,36.61630750000002,58.630966249999965,205.09619625000005
Malignant,3234.jpg,Green_Mean,58.085518,113.5554275,150.171735,36.61630750000002,58.630966249999965,205.09619625000005
Malignant,3280.jpg,Green_Mean,208.37715,113.5554275,150.171735,36.61630750000002,58.630966249999965,205.09619625000005
Malignant,3283.jpg,Green_Mean,52.212612,113.5554275,150.171735,36.61630750000002,58.630966249999965,205.09619625000005
Malignant,3298.jpg,Green_Mean,57.95789,113.5554275,150.171735,36.61630750000002,58.630966249999965,205.09619625000005
Malignant,3303.jpg,Green_Mean,48.046417,113.5554275,150.171735,36.61630750000002,58.630966249999965,205.09619625000005
Malignant,3363.jpg,Green_Mean,48.484375,113.5554275,150.171735,36.61630750000002,58.630966249999965,205.09619625000005
Malignant,3369.jpg,Green_Mean,56.24468,113.5554275,150.171735,36.61630750000002,58.630966249999965,205.09619625000005
Malignant,3383.jpg,Green_Mean,50.82163,113.5554275,150.171735,36.61630750000002,58.630966249999965,205.09619625000005
Malignant,3439.jpg,Green_Mean,18.023855,113.5554275,150.171735,36.61630750000002,58.630966249999965,205.09619625000005
Malignant,3457.jpg,Green_Mean,48.39465,113.5554275,150.171735,36.61630750000002,58.630966249999965,205.09619625000005
Malignant,3464.jpg,Green_Mean,211.26537,113.5554275,150.171735,36.61630750000002,58.630966249999965,205.09619625000005
Malignant,3489.jpg,Green_Mean,52.725307,113.5554275,150.171735,36.61630750000002,58.630966249999965,205.09619625000005
Malignant,3496.jpg,Green_Mean,56.586754,113.5554275,150.171735,36.61630750000002,58.630966249999965,205.09619625000005
Malignant,3534.jpg,Green_Mean,46.416195,113.5554275,150.171735,36.61630750000002,58.630966249999965,205.09619625000005
Malignant,3541.jpg,Green_Mean,57.907764,113.5554275,150.171735,36.61630750000002,58.630966249999965,205.09619625000005
Malignant,3542.jpg,Green_Mean,52.655872,113.5554275,150.171735,36.61630750000002,58.630966249999965,205.09619625000005
Malignant,3569.jpg,Green_Mean,48.976242,113.5554275,150.171735,36.61630750000002,58.630966249999965,205.09619625000005
Malignant,358.jpg,Green_Mean,212.63963,113.5554275,150.171735,36.61630750000002,58.630966249999965,205.09619625000005
Malignant,3580.jpg,Green_Mean,53.598713,113.5554275,150.171735,36.61630750000002,58.630966249999965,205.09619625000005
Malignant,3583.jpg,Green_Mean,54.978195,113.5554275,150.171735,36.61630750000002,58.630966249999965,205.09619625000005
Malignant,3642.jpg,Green_Mean,45.450615,113.5554275,150.171735,36.61630750000002,58.630966249999965,205.09619625000005
Malignant,3646.jpg,Green_Mean,48.066647,113.5554275,150.171735,36.61630750000002,58.630966249999965,205.09619625000005
Malignant,3659.jpg,Green_Mean,50.888195,113.5554275,150.171735,36.61630750000002,58.630966249999965,205.09619625000005
Malignant,369.jpg,Green_Mean,214.3722,113.5554275,150.171735,36.61630750000002,58.630966249999965,205.09619625000005
Malignant,3698.jpg,Green_Mean,42.493423,113.5554275,150.171735,36.61630750000002,58.630966249999965,205.09619625000005
Malignant,3718.jpg,Green_Mean,53.842255,113.5554275,150.171735,36.61630750000002,58.630966249999965,205.09619625000005
Malignant,3723.jpg,Green_Mean,51.55931,113.5554275,150.171735,36.61630750000002,58.630966249999965,205.09619625000005
Malignant,3752.jpg,Green_Mean,53.69679,113.5554275,150.171735,36.61630750000002,58.630966249999965,205.09619625000005
Malignant,3760.jpg,Green_Mean,50.112423,113.5554275,150.171735,36.61630750000002,58.630966249999965,205.09619625000005
Malignant,3763.jpg,Green_Mean,49.981564,113.5554275,150.171735,36.61630750000002,58.630966249999965,205.09619625000005
Malignant,3767.jpg,Green_Mean,56.032085,113.5554275,150.171735,36.61630750000002,58.630966249999965,205.09619625000005
Malignant,3779.jpg,Green_Mean,49.39774,113.5554275,150.171735,36.61630750000002,58.630966249999965,205.09619625000005
Malignant,3797.jpg,Green_Mean,55.76997,113.5554275,150.171735,36.61630750000002,58.630966249999965,205.09619625000005
Malignant,3803.jpg,Green_Mean,51.285137,113.5554275,150.171735,36.61630750000002,58.630966249999965,205.09619625000005
Malignant,3816.jpg,Green_Mean,52.10272,113.5554275,150.171735,36.61630750000002,58.630966249999965,205.09619625000005
Malignant,3861.jpg,Green_Mean,45.56282,113.5554275,150.171735,36.61630750000002,58.630966249999965,205.09619625000005
Malignant,3871.jpg,Green_Mean,57.635025,113.5554275,150.171735,36.61630750000002,58.630966249999965,205.09619625000005
Malignant,3877.jpg,Green_Mean,58.20671,113.5554275,150.171735,36.61630750000002,58.630966249999965,205.09619625000005
Malignant,3883.jpg,Green_Mean,58.365654,113.5554275,150.171735,36.61630750000002,58.630966249999965,205.09619625000005
Malignant,3927.jpg,Green_Mean,36.243343,113.5554275,150.171735,36.61630750000002,58.630966249999965,205.09619625000005
Malignant,3958.jpg,Green_Mean,52.175102,113.5554275,150.171735,36.61630750000002,58.630966249999965,205.09619625000005
Malignant,3959.jpg,Green_Mean,58.558453,113.5554275,150.171735,36.61630750000002,58.630966249999965,205.09619625000005
Malignant,3992.jpg,Green_Mean,53.54255,113.5554275,150.171735,36.61630750000002,58.630966249999965,205.09619625000005
Malignant,4026.jpg,Green_Mean,56.470562,113.5554275,150.171735,36.61630750000002,58.630966249999965,205.09619625000005
Malignant,4027.jpg,Green_Mean,57.760624,113.5554275,150.171735,36.61630750000002,58.630966249999965,205.09619625000005
Malignant,4037.jpg,Green_Mean,52.200375,113.5554275,150.171735,36.61630750000002,58.630966249999965,205.09619625000005
Malignant,4042.jpg,Green_Mean,48.53721,113.5554275,150.171735,36.61630750000002,58.630966249999965,205.09619625000005
Malignant,4048.jpg,Green_Mean,56.61296,113.5554275,150.171735,36.61630750000002,58.630966249999965,205.09619625000005
Malignant,4095.jpg,Green_Mean,51.27314,113.5554275,150.171735,36.61630750000002,58.630966249999965,205.09619625000005
Malignant,4115.jpg,Green_Mean,47.400948,113.5554275,150.171735,36.61630750000002,58.630966249999965,205.09619625000005
Malignant,4136.jpg,Green_Mean,48.861168,113.5554275,150.171735,36.61630750000002,58.630966249999965,205.09619625000005
Malignant,4140.jpg,Green_Mean,54.931084,113.5554275,150.171735,36.61630750000002,58.630966249999965,205.09619625000005
Malignant,4171.jpg,Green_Mean,48.231407,113.5554275,150.171735,36.61630750000002,58.630966249999965,205.09619625000005
Malignant,4172.jpg,Green_Mean,53.76461,113.5554275,150.171735,36.61630750000002,58.630966249999965,205.09619625000005
Malignant,4184.jpg,Green_Mean,54.35417,113.5554275,150.171735,36.61630750000002,58.630966249999965,205.09619625000005
Malignant,4199.jpg,Green_Mean,55.992188,113.5554275,150.171735,36.61630750000002,58.630966249999965,205.09619625000005
Malignant,4220.jpg,Green_Mean,44.52358,113.5554275,150.171735,36.61630750000002,58.630966249999965,205.09619625000005
Malignant,4249.jpg,Green_Mean,53.969826,113.5554275,150.171735,36.61630750000002,58.630966249999965,205.09619625000005
Malignant,4312.jpg,Green_Mean,56.155235,113.5554275,150.171735,36.61630750000002,58.630966249999965,205.09619625000005
Malignant,4331.jpg,Green_Mean,49.972397,113.5554275,150.171735,36.61630750000002,58.630966249999965,205.09619625000005
Malignant,4340.jpg,Green_Mean,51.966698,113.5554275,150.171735,36.61630750000002,58.630966249999965,205.09619625000005
Malignant,4408.jpg,Green_Mean,52.772022,113.5554275,150.171735,36.61630750000002,58.630966249999965,205.09619625000005
Malignant,4452.jpg,Green_Mean,217.11621,113.5554275,150.171735,36.61630750000002,58.630966249999965,205.09619625000005
Malignant,4471.jpg,Green_Mean,46.061802,113.5554275,150.171735,36.61630750000002,58.630966249999965,205.09619625000005
Malignant,4474.jpg,Green_Mean,56.815968,113.5554275,150.171735,36.61630750000002,58.630966249999965,205.09619625000005
Malignant,4487.jpg,Green_Mean,55.515045,113.5554275,150.171735,36.61630750000002,58.630966249999965,205.09619625000005
Malignant,4537.jpg,Green_Mean,52.023994,113.5554275,150.171735,36.61630750000002,58.630966249999965,205.09619625000005
Malignant,4545.jpg,Green_Mean,50.617348,113.5554275,150.171735,36.61630750000002,58.630966249999965,205.09619625000005
Malignant,4615.jpg,Green_Mean,51.452705,113.5554275,150.171735,36.61630750000002,58.630966249999965,205.09619625000005
Malignant,4627.jpg,Green_Mean,48.325893,113.5554275,150.171735,36.61630750000002,58.630966249999965,205.09619625000005
Malignant,4635.jpg,Green_Mean,48.751354,113.5554275,150.171735,36.61630750000002,58.630966249999965,205.09619625000005
Malignant,4703.jpg,Green_Mean,49.611526,113.5554275,150.171735,36.61630750000002,58.630966249999965,205.09619625000005
Malignant,4716.jpg,Green_Mean,51.378807,113.5554275,150.171735,36.61630750000002,58.630966249999965,205.09619625000005
Malignant,4719.jpg,Green_Mean,44.34929,113.5554275,150.171735,36.61630750000002,58.630966249999965,205.09619625000005
Malignant,4722.jpg,Green_Mean,46.45781,113.5554275,150.171735,36.61630750000002,58.630966249999965,205.09619625000005
Malignant,4758.jpg,Green_Mean,55.73272,113.5554275,150.171735,36.61630750000002,58.630966249999965,205.09619625000005
Malignant,4785.jpg,Green_Mean,51.999123,113.5554275,150.171735,36.61630750000002,58.630966249999965,205.09619625000005
Malignant,4791.jpg,Green_Mean,43.35469,113.5554275,150.171735,36.61630750000002,58.630966249999965,205.09619625000005
Malignant,4800.jpg,Green_Mean,57.293526,113.5554275,150.171735,36.61630750000002,58.630966249999965,205.09619625000005
Malignant,4847.jpg,Green_Mean,49.771305,113.5554275,150.171735,36.61630750000002,58.630966249999965,205.09619625000005
Malignant,4851.jpg,Green_Mean,48.40627,113.5554275,150.171735,36.61630750000002,58.630966249999965,205.09619625000005
Malignant,4877.jpg,Green_Mean,57.941986,113.5554275,150.171735,36.61630750000002,58.630966249999965,205.09619625000005
Malignant,4883.jpg,Green_Mean,36.826153,113.5554275,150.171735,36.61630750000002,58.630966249999965,205.09619625000005
Malignant,4885.jpg,Green_Mean,42.88642,113.5554275,150.171735,36.61630750000002,58.630966249999965,205.09619625000005
Malignant,4902.jpg,Green_Mean,56.03468,113.5554275,150.171735,36.61630750000002,58.630966249999965,205.09619625000005
Malignant,4915.jpg,Green_Mean,54.922314,113.5554275,150.171735,36.61630750000002,58.630966249999965,205.09619625000005
Malignant,4933.jpg,Green_Mean,53.072086,113.5554275,150.171735,36.61630750000002,58.630966249999965,205.09619625000005
Malignant,4957.jpg,Green_Mean,46.68501,113.5554275,150.171735,36.61630750000002,58.630966249999965,205.09619625000005
Malignant,5008.jpg,Green_Mean,56.947903,113.5554275,150.171735,36.61630750000002,58.630966249999965,205.09619625000005
Malignant,5019.jpg,Green_Mean,57.20705,113.5554275,150.171735,36.61630750000002,58.630966249999965,205.09619625000005
Malignant,5038.jpg,Green_Mean,51.138092,113.5554275,150.171735,36.61630750000002,58.630966249999965,205.09619625000005
Malignant,5064.jpg,Green_Mean,52.85794,113.5554275,150.171735,36.61630750000002,58.630966249999965,205.09619625000005
Malignant,5069.jpg,Green_Mean,208.46603,113.5554275,150.171735,36.61630750000002,58.630966249999965,205.09619625000005
Malignant,5075.jpg,Green_Mean,55.62261,113.5554275,150.171735,36.61630750000002,58.630966249999965,205.09619625000005
Malignant,5099.jpg,Green_Mean,52.77272,113.5554275,150.171735,36.61630750000002,58.630966249999965,205.09619625000005
Malignant,5105.jpg,Green_Mean,48.13889,113.5554275,150.171735,36.61630750000002,58.630966249999965,205.09619625000005
Malignant,5128.jpg,Green_Mean,47.810307,113.5554275,150.171735,36.61630750000002,58.630966249999965,205.09619625000005
Malignant,5129.jpg,Green_Mean,56.330715,113.5554275,150.171735,36.61630750000002,58.630966249999965,205.09619625000005
Malignant,5132.jpg,Green_Mean,213.96002,113.5554275,150.171735,36.61630750000002,58.630966249999965,205.09619625000005
Malignant,5161.jpg,Green_Mean,53.791615,113.5554275,150.171735,36.61630750000002,58.630966249999965,205.09619625000005
Malignant,5168.jpg,Green_Mean,34.85208,113.5554275,150.171735,36.61630750000002,58.630966249999965,205.09619625000005
Malignant,5204.jpg,Green_Mean,214.37056,113.5554275,150.171735,36.61630750000002,58.630966249999965,205.09619625000005
Malignant,5216.jpg,Green_Mean,45.13162,113.5554275,150.171735,36.61630750000002,58.630966249999965,205.09619625000005
Malignant,5233.jpg,Green_Mean,53.427135,113.5554275,150.171735,36.61630750000002,58.630966249999965,205.09619625000005
Malignant,5252.jpg,Green_Mean,52.915955,113.5554275,150.171735,36.61630750000002,58.630966249999965,205.09619625000005
Malignant,5274.jpg,Green_Mean,42.82765,113.5554275,150.171735,36.61630750000002,58.630966249999965,205.09619625000005
Malignant,5284.jpg,Green_Mean,55.055943,113.5554275,150.171735,36.61630750000002,58.630966249999965,205.09619625000005
Malignant,5291.jpg,Green_Mean,206.38918,113.5554275,150.171735,36.61630750000002,58.630966249999965,205.09619625000005
Malignant,5353.jpg,Green_Mean,209.76869,113.5554275,150.171735,36.61630750000002,58.630966249999965,205.09619625000005
Malignant,5377.jpg,Green_Mean,208.52391,113.5554275,150.171735,36.61630750000002,58.630966249999965,205.09619625000005
Malignant,5381.jpg,Green_Mean,34.449238,113.5554275,150.171735,36.61630750000002,58.630966249999965,205.09619625000005
Malignant,5415.jpg,Green_Mean,217.04991,113.5554275,150.171735,36.61630750000002,58.630966249999965,205.09619625000005
Malignant,5427.jpg,Green_Mean,208.87798,113.5554275,150.171735,36.61630750000002,58.630966249999965,205.09619625000005
Malignant,5433.jpg,Green_Mean,52.785236,113.5554275,150.171735,36.61630750000002,58.630966249999965,205.09619625000005
Malignant,5436.jpg,Green_Mean,208.03816,113.5554275,150.171735,36.61630750000002,58.630966249999965,205.09619625000005
Malignant,5455.jpg,Green_Mean,220.49194,113.5554275,150.171735,36.61630750000002,58.630966249999965,205.09619625000005
Malignant,5459.jpg,Green_Mean,219.12532,113.5554275,150.171735,36.61630750000002,58.630966249999965,205.09619625000005
Malignant,5557.jpg,Green_Mean,57.70109,113.5554275,150.171735,36.61630750000002,58.630966249999965,205.09619625000005
Malignant,5565.jpg,Green_Mean,37.314434,113.5554275,150.171735,36.61630750000002,58.630966249999965,205.09619625000005
Malignant,557.jpg,Green_Mean,207.7741,113.5554275,150.171735,36.61630750000002,58.630966249999965,205.09619625000005
Malignant,590.jpg,Green_Mean,206.53244,113.5554275,150.171735,36.61630750000002,58.630966249999965,205.09619625000005
Malignant,615.jpg,Green_Mean,208.51263,113.5554275,150.171735,36.61630750000002,58.630966249999965,205.09619625000005
Malignant,622.jpg,Green_Mean,217.18565,113.5554275,150.171735,36.61630750000002,58.630966249999965,205.09619625000005
Malignant,623.jpg,Green_Mean,220.48111,113.5554275,150.171735,36.61630750000002,58.630966249999965,205.09619625000005
Malignant,629.jpg,Green_Mean,206.75371,113.5554275,150.171735,36.61630750000002,58.630966249999965,205.09619625000005
Malignant,635.jpg,Green_Mean,207.4312,113.5554275,150.171735,36.61630750000002,58.630966249999965,205.09619625000005
Malignant,636.jpg,Green_Mean,207.09067,113.5554275,150.171735,36.61630750000002,58.630966249999965,205.09619625000005
Malignant,658.jpg,Green_Mean,207.42365,113.5554275,150.171735,36.61630750000002,58.630966249999965,205.09619625000005
Malignant,796.jpg,Green_Mean,54.207172,113.5554275,150.171735,36.61630750000002,58.630966249999965,205.09619625000005
Malignant,797.jpg,Green_Mean,53.94559,113.5554275,150.171735,36.61630750000002,58.630966249999965,205.09619625000005
Malignant,80.jpg,Green_Mean,207.90204,113.5554275,150.171735,36.61630750000002,58.630966249999965,205.09619625000005
Malignant,91.jpg,Green_Mean,209.31718,113.5554275,150.171735,36.61630750000002,58.630966249999965,205.09619625000005
Malignant,1028.jpg,Blue_Mean,217.70247,105.0077545,147.950605,42.94285049999999,40.59347875000002,212.36488075
Malignant,1125.jpg,Blue_Mean,23.509926,105.0077545,147.950605,42.94285049999999,40.59347875000002,212.36488075
Malignant,1775.jpg,Blue_Mean,37.71108,105.0077545,147.950605,42.94285049999999,40.59347875000002,212.36488075
Malignant,1850.jpg,Blue_Mean,35.26377,105.0077545,147.950605,42.94285049999999,40.59347875000002,212.36488075
Malignant,1863.jpg,Blue_Mean,32.828503,105.0077545,147.950605,42.94285049999999,40.59347875000002,212.36488075
Malignant,2288.jpg,Blue_Mean,22.846859,105.0077545,147.950605,42.94285049999999,40.59347875000002,212.36488075
Malignant,2474.jpg,Blue_Mean,218.8522,105.0077545,147.950605,42.94285049999999,40.59347875000002,212.36488075
Malignant,2581.jpg,Blue_Mean,222.00827,105.0077545,147.950605,42.94285049999999,40.59347875000002,212.36488075
Malignant,2651.jpg,Blue_Mean,36.176258,105.0077545,147.950605,42.94285049999999,40.59347875000002,212.36488075
Malignant,2685.jpg,Blue_Mean,34.121372,105.0077545,147.950605,42.94285049999999,40.59347875000002,212.36488075
Malignant,2868.jpg,Blue_Mean,33.45697,105.0077545,147.950605,42.94285049999999,40.59347875000002,212.36488075
Malignant,29.jpg,Blue_Mean,222.09135,105.0077545,147.950605,42.94285049999999,40.59347875000002,212.36488075
Malignant,3002.jpg,Blue_Mean,38.447445,105.0077545,147.950605,42.94285049999999,40.59347875000002,212.36488075
Malignant,3023.jpg,Blue_Mean,33.47437,105.0077545,147.950605,42.94285049999999,40.59347875000002,212.36488075
Malignant,3114.jpg,Blue_Mean,39.64515,105.0077545,147.950605,42.94285049999999,40.59347875000002,212.36488075
Malignant,3208.jpg,Blue_Mean,37.711277,105.0077545,147.950605,42.94285049999999,40.59347875000002,212.36488075
Malignant,3439.jpg,Blue_Mean,7.072744,105.0077545,147.950605,42.94285049999999,40.59347875000002,212.36488075
Malignant,3927.jpg,Blue_Mean,34.044163,105.0077545,147.950605,42.94285049999999,40.59347875000002,212.36488075
Malignant,4042.jpg,Blue_Mean,38.654396,105.0077545,147.950605,42.94285049999999,40.59347875000002,212.36488075
Malignant,4057.jpg,Blue_Mean,36.56782,105.0077545,147.950605,42.94285049999999,40.59347875000002,212.36488075
Malignant,4171.jpg,Blue_Mean,39.14507,105.0077545,147.950605,42.94285049999999,40.59347875000002,212.36488075
Malignant,4719.jpg,Blue_Mean,37.169724,105.0077545,147.950605,42.94285049999999,40.59347875000002,212.36488075
Malignant,4791.jpg,Blue_Mean,34.22519,105.0077545,147.950605,42.94285049999999,40.59347875000002,212.36488075
Malignant,4883.jpg,Blue_Mean,33.19025,105.0077545,147.950605,42.94285049999999,40.59347875000002,212.36488075
Malignant,4885.jpg,Blue_Mean,34.74924,105.0077545,147.950605,42.94285049999999,40.59347875000002,212.36488075
Malignant,5008.jpg,Blue_Mean,34.086674,105.0077545,147.950605,42.94285049999999,40.59347875000002,212.36488075
Malignant,5099.jpg,Blue_Mean,36.52489,105.0077545,147.950605,42.94285049999999,40.59347875000002,212.36488075
Malignant,5119.jpg,Blue_Mean,229.1339,105.0077545,147.950605,42.94285049999999,40.59347875000002,212.36488075
Malignant,5168.jpg,Blue_Mean,34.07326,105.0077545,147.950605,42.94285049999999,40.59347875000002,212.36488075
Malignant,52.jpg,Blue_Mean,222.19585,105.0077545,147.950605,42.94285049999999,40.59347875000002,212.36488075
Malignant,5274.jpg,Blue_Mean,35.679546,105.0077545,147.950605,42.94285049999999,40.59347875000002,212.36488075
Malignant,5291.jpg,Blue_Mean,219.4993,105.0077545,147.950605,42.94285049999999,40.59347875000002,212.36488075
Malignant,5381.jpg,Blue_Mean,20.233519,105.0077545,147.950605,42.94285049999999,40.59347875000002,212.36488075
Malignant,5459.jpg,Blue_Mean,212.75923,105.0077545,147.950605,42.94285049999999,40.59347875000002,212.36488075
Malignant,5534.jpg,Blue_Mean,26.490614,105.0077545,147.950605,42.94285049999999,40.59347875000002,212.36488075
Malignant,5565.jpg,Blue_Mean,27.207071,105.0077545,147.950605,42.94285049999999,40.59347875000002,212.36488075
