filepath,class,label
D:/university/summer 26/Data Mining/research project/archive\train\Benign\2752.jpg,Benign,0
D:/university/summer 26/Data Mining/research project/archive\train\Malignant\696.jpg,Malignant,1
D:/university/summer 26/Data Mining/research project/archive\train\Malignant\2492.jpg,Malignant,1
D:/university/summer 26/Data Mining/research project/archive\train\Benign\4879.jpg,Benign,0
D:/university/summer 26/Data Mining/research project/archive\train\Benign\5075.jpg,Benign,0
D:/university/summer 26/Data Mining/research project/archive\train\Benign\2848.jpg,Benign,0
D:/university/summer 26/Data Mining/research project/archive\train\Benign\929.jpg,Benign,0
D:/university/summer 26/Data Mining/research project/archive\train\Benign\5063.jpg,Benign,0
D:/university/summer 26/Data Mining/research project/archive\train\Benign\5038.jpg,Benign,0
D:/university/summer 26/Data Mining/research project/archive\train\Malignant\1170.jpg,Malignant,1
D:/university/summer 26/Data Mining/research project/archive\train\Malignant\3802.jpg,Malignant,1
D:/university/summer 26/Data Mining/research project/archive\train\Malignant\2002.jpg,Malignant,1
D:/university/summer 26/Data Mining/research project/archive\train\Benign\3252.jpg,Benign,0
D:/university/summer 26/Data Mining/research project/archive\train\Benign\5077.jpg,Benign,0
D:/university/summer 26/Data Mining/research project/archive\train\Malignant\958.jpg,Malignant,1
D:/university/summer 26/Data Mining/research project/archive\train\Benign\4179.jpg,Benign,0
D:/university/summer 26/Data Mining/research project/archive\train\Malignant\4407.jpg,Malignant,1
D:/university/summer 26/Data Mining/research project/archive\train\Malignant\5096.jpg,Malignant,1
D:/university/summer 26/Data Mining/research project/archive\train\Benign\3250.jpg,Benign,0
D:/university/summer 26/Data Mining/research project/archive\train\Benign\4264.jpg,Benign,0
D:/university/summer 26/Data Mining/research project/archive\train\Benign\5801.jpg,Benign,0
D:/university/summer 26/Data Mining/research project/archive\train\Malignant\4442.jpg,Malignant,1
D:/university/summer 26/Data Mining/research project/archive\train\Malignant\2521.jpg,Malignant,1
D:/university/summer 26/Data Mining/research project/archive\train\Malignant\4261.jpg,Malignant,1
D:/university/summer 26/Data Mining/research project/archive\train\Malignant\3042.jpg,Malignant,1
D:/university/summer 26/Data Mining/research project/archive\train\Benign\4855.jpg,Benign,0
D:/university/summer 26/Data Mining/research project/archive\train\Malignant\1904.jpg,Malignant,1
D:/university/summer 26/Data Mining/research project/archive\train\Malignant\1195.jpg,Malignant,1
D:/university/summer 26/Data Mining/research project/archive\train\Malignant\1793.jpg,Malignant,1
D:/university/summer 26/Data Mining/research project/archive\train\Benign\5099.jpg,Benign,0
D:/university/summer 26/Data Mining/research project/archive\train\Benign\5123.jpg,Benign,0
D:/university/summer 26/Data Mining/research project/archive\train\Benign\249.jpg,Benign,0
D:/university/summer 26/Data Mining/research project/archive\train\Benign\3741.jpg,Benign,0
D:/university/summer 26/Data Mining/research project/archive\train\Benign\1444.jpg,Benign,0
D:/university/summer 26/Data Mining/research project/archive\train\Benign\3752.jpg,Benign,0
D:/university/summer 26/Data Mining/research project/archive\train\Malignant\3995.jpg,Malignant,1
D:/university/summer 26/Data Mining/research project/archive\train\Malignant\880.jpg,Malignant,1
D:/university/summer 26/Data Mining/research project/archive\train\Malignant\2040.jpg,Malignant,1
D:/university/summer 26/Data Mining/research project/archive\train\Malignant\688.jpg,Malignant,1
D:/university/summer 26/Data Mining/research project/archive\train\Benign\3062.jpg,Benign,0
D:/university/summer 26/Data Mining/research project/archive\train\Benign\6054.jpg,Benign,0
D:/university/summer 26/Data Mining/research project/archive\train\Malignant\73.jpg,Malignant,1
D:/university/summer 26/Data Mining/research project/archive\train\Benign\6158.jpg,Benign,0
D:/university/summer 26/Data Mining/research project/archive\train\Malignant\1572.jpg,Malignant,1
D:/university/summer 26/Data Mining/research project/archive\train\Benign\3304.jpg,Benign,0
D:/university/summer 26/Data Mining/research project/archive\train\Malignant\1145.jpg,Malignant,1
D:/university/summer 26/Data Mining/research project/archive\train\Benign\4408.jpg,Benign,0
D:/university/summer 26/Data Mining/research project/archive\train\Malignant\1840.jpg,Malignant,1
D:/university/summer 26/Data Mining/research project/archive\train\Malignant\700.jpg,Malignant,1
D:/university/summer 26/Data Mining/research project/archive\train\Malignant\1666.jpg,Malignant,1
D:/university/summer 26/Data Mining/research project/archive\train\Benign\238.jpg,Benign,0
D:/university/summer 26/Data Mining/research project/archive\train\Malignant\1888.jpg,Malignant,1
D:/university/summer 26/Data Mining/research project/archive\train\Benign\4798.jpg,Benign,0
D:/university/summer 26/Data Mining/research project/archive\train\Malignant\1344.jpg,Malignant,1
D:/university/summer 26/Data Mining/research project/archive\train\Malignant\5232.jpg,Malignant,1
D:/university/summer 26/Data Mining/research project/archive\train\Benign\5277.jpg,Benign,0
D:/university/summer 26/Data Mining/research project/archive\train\Benign\5335.jpg,Benign,0
D:/university/summer 26/Data Mining/research project/archive\train\Malignant\202.jpg,Malignant,1
D:/university/summer 26/Data Mining/research project/archive\train\Malignant\950.jpg,Malignant,1
D:/university/summer 26/Data Mining/research project/archive\train\Benign\4909.jpg,Benign,0
D:/university/summer 26/Data Mining/research project/archive\train\Malignant\5117.jpg,Malignant,1
D:/university/summer 26/Data Mining/research project/archive\train\Malignant\1624.jpg,Malignant,1
D:/university/summer 26/Data Mining/research project/archive\train\Benign\3647.jpg,Benign,0
D:/university/summer 26/Data Mining/research project/archive\train\Malignant\1008.jpg,Malignant,1
D:/university/summer 26/Data Mining/research project/archive\train\Benign\371.jpg,Benign,0
D:/university/summer 26/Data Mining/research project/archive\train\Malignant\5056.jpg,Malignant,1
D:/university/summer 26/Data Mining/research project/archive\train\Malignant\1841.jpg,Malignant,1
D:/university/summer 26/Data Mining/research project/archive\train\Malignant\937.jpg,Malignant,1
D:/university/summer 26/Data Mining/research project/archive\train\Malignant\3830.jpg,Malignant,1
D:/university/summer 26/Data Mining/research project/archive\train\Benign\5248.jpg,Benign,0
D:/university/summer 26/Data Mining/research project/archive\train\Malignant\3741.jpg,Malignant,1
D:/university/summer 26/Data Mining/research project/archive\train\Benign\2001.jpg,Benign,0
D:/university/summer 26/Data Mining/research project/archive\train\Benign\588.jpg,Benign,0
D:/university/summer 26/Data Mining/research project/archive\train\Malignant\2814.jpg,Malignant,1
D:/university/summer 26/Data Mining/research project/archive\train\Benign\3287.jpg,Benign,0
D:/university/summer 26/Data Mining/research project/archive\train\Benign\4504.jpg,Benign,0
D:/university/summer 26/Data Mining/research project/archive\train\Benign\340.jpg,Benign,0
D:/university/summer 26/Data Mining/research project/archive\train\Malignant\4856.jpg,Malignant,1
D:/university/summer 26/Data Mining/research project/archive\train\Malignant\5364.jpg,Malignant,1
D:/university/summer 26/Data Mining/research project/archive\train\Benign\2882.jpg,Benign,0
D:/university/summer 26/Data Mining/research project/archive\train\Malignant\5569.jpg,Malignant,1
D:/university/summer 26/Data Mining/research project/archive\train\Malignant\2029.jpg,Malignant,1
D:/university/summer 26/Data Mining/research project/archive\train\Benign\4015.jpg,Benign,0
D:/university/summer 26/Data Mining/research project/archive\train\Malignant\4553.jpg,Malignant,1
D:/university/summer 26/Data Mining/research project/archive\train\Benign\1575.jpg,Benign,0
D:/university/summer 26/Data Mining/research project/archive\train\Benign\1521.jpg,Benign,0
D:/university/summer 26/Data Mining/research project/archive\train\Malignant\4698.jpg,Malignant,1
D:/university/summer 26/Data Mining/research project/archive\train\Benign\478.jpg,Benign,0
D:/university/summer 26/Data Mining/research project/archive\train\Malignant\1974.jpg,Malignant,1
D:/university/summer 26/Data Mining/research project/archive\train\Benign\1500.jpg,Benign,0
D:/university/summer 26/Data Mining/research project/archive\train\Benign\3894.jpg,Benign,0
D:/university/summer 26/Data Mining/research project/archive\train\Benign\4095.jpg,Benign,0
D:/university/summer 26/Data Mining/research project/archive\train\Benign\4279.jpg,Benign,0
D:/university/summer 26/Data Mining/research project/archive\train\Malignant\3868.jpg,Malignant,1
D:/university/summer 26/Data Mining/research project/archive\train\Benign\2357.jpg,Benign,0
D:/university/summer 26/Data Mining/research project/archive\train\Malignant\2131.jpg,Malignant,1
D:/university/summer 26/Data Mining/research project/archive\train\Malignant\2641.jpg,Malignant,1
D:/university/summer 26/Data Mining/research project/archive\train\Benign\3711.jpg,Benign,0
D:/university/summer 26/Data Mining/research project/archive\train\Malignant\923.jpg,Malignant,1
D:/university/summer 26/Data Mining/research project/archive\train\Benign\2101.jpg,Benign,0
D:/university/summer 26/Data Mining/research project/archive\train\Malignant\4859.jpg,Malignant,1
D:/university/summer 26/Data Mining/research project/archive\train\Benign\4152.jpg,Benign,0
D:/university/summer 26/Data Mining/research project/archive\train\Benign\1981.jpg,Benign,0
D:/university/summer 26/Data Mining/research project/archive\train\Benign\5160.jpg,Benign,0
D:/university/summer 26/Data Mining/research project/archive\train\Malignant\3848.jpg,Malignant,1
D:/university/summer 26/Data Mining/research project/archive\train\Malignant\5207.jpg,Malignant,1
D:/university/summer 26/Data Mining/research project/archive\train\Malignant\282.jpg,Malignant,1
D:/university/summer 26/Data Mining/research project/archive\train\Benign\2237.jpg,Benign,0
D:/university/summer 26/Data Mining/research project/archive\train\Benign\1781.jpg,Benign,0
D:/university/summer 26/Data Mining/research project/archive\train\Benign\4939.jpg,Benign,0
D:/university/summer 26/Data Mining/research project/archive\train\Malignant\240.jpg,Malignant,1
D:/university/summer 26/Data Mining/research project/archive\train\Benign\2588.jpg,Benign,0
D:/university/summer 26/Data Mining/research project/archive\train\Malignant\2557.jpg,Malignant,1
D:/university/summer 26/Data Mining/research project/archive\train\Malignant\862.jpg,Malignant,1
D:/university/summer 26/Data Mining/research project/archive\train\Malignant\1112.jpg,Malignant,1
D:/university/summer 26/Data Mining/research project/archive\train\Malignant\3440.jpg,Malignant,1
D:/university/summer 26/Data Mining/research project/archive\train\Benign\2931.jpg,Benign,0
D:/university/summer 26/Data Mining/research project/archive\train\Benign\1139.jpg,Benign,0
D:/university/summer 26/Data Mining/research project/archive\train\Benign\3908.jpg,Benign,0
D:/university/summer 26/Data Mining/research project/archive\train\Malignant\4910.jpg,Malignant,1
D:/university/summer 26/Data Mining/research project/archive\train\Malignant\4403.jpg,Malignant,1
D:/university/summer 26/Data Mining/research project/archive\train\Malignant\1169.jpg,Malignant,1
D:/university/summer 26/Data Mining/research project/archive\train\Benign\4646.jpg,Benign,0
D:/university/summer 26/Data Mining/research project/archive\train\Malignant\381.jpg,Malignant,1
D:/university/summer 26/Data Mining/research project/archive\train\Benign\3400.jpg,Benign,0
D:/university/summer 26/Data Mining/research project/archive\train\Malignant\1079.jpg,Malignant,1
D:/university/summer 26/Data Mining/research project/archive\train\Benign\3121.jpg,Benign,0
D:/university/summer 26/Data Mining/research project/archive\train\Malignant\5107.jpg,Malignant,1
D:/university/summer 26/Data Mining/research project/archive\train\Benign\1225.jpg,Benign,0
D:/university/summer 26/Data Mining/research project/archive\train\Benign\506.jpg,Benign,0
D:/university/summer 26/Data Mining/research project/archive\train\Benign\4672.jpg,Benign,0
D:/university/summer 26/Data Mining/research project/archive\train\Benign\3731.jpg,Benign,0
D:/university/summer 26/Data Mining/research project/archive\train\Benign\2773.jpg,Benign,0
D:/university/summer 26/Data Mining/research project/archive\train\Malignant\2398.jpg,Malignant,1
D:/university/summer 26/Data Mining/research project/archive\train\Benign\1353.jpg,Benign,0
D:/university/summer 26/Data Mining/research project/archive\train\Benign\4516.jpg,Benign,0
D:/university/summer 26/Data Mining/research project/archive\train\Benign\3763.jpg,Benign,0
D:/university/summer 26/Data Mining/research project/archive\train\Benign\821.jpg,Benign,0
D:/university/summer 26/Data Mining/research project/archive\train\Malignant\4098.jpg,Malignant,1
D:/university/summer 26/Data Mining/research project/archive\train\Malignant\268.jpg,Malignant,1
D:/university/summer 26/Data Mining/research project/archive\train\Benign\5055.jpg,Benign,0
D:/university/summer 26/Data Mining/research project/archive\train\Malignant\5423.jpg,Malignant,1
D:/university/summer 26/Data Mining/research project/archive\train\Benign\4157.jpg,Benign,0
D:/university/summer 26/Data Mining/research project/archive\train\Benign\190.jpg,Benign,0
D:/university/summer 26/Data Mining/research project/archive\train\Benign\1196.jpg,Benign,0
D:/university/summer 26/Data Mining/research project/archive\train\Malignant\3481.jpg,Malignant,1
D:/university/summer 26/Data Mining/research project/archive\train\Benign\5929.jpg,Benign,0
D:/university/summer 26/Data Mining/research project/archive\train\Benign\5682.jpg,Benign,0
D:/university/summer 26/Data Mining/research project/archive\train\Malignant\3226.jpg,Malignant,1
D:/university/summer 26/Data Mining/research project/archive\train\Malignant\1710.jpg,Malignant,1
D:/university/summer 26/Data Mining/research project/archive\train\Malignant\3386.jpg,Malignant,1
D:/university/summer 26/Data Mining/research project/archive\train\Benign\1322.jpg,Benign,0
D:/university/summer 26/Data Mining/research project/archive\train\Benign\2348.jpg,Benign,0
D:/university/summer 26/Data Mining/research project/archive\train\Benign\2607.jpg,Benign,0
D:/university/summer 26/Data Mining/research project/archive\train\Benign\2713.jpg,Benign,0
D:/university/summer 26/Data Mining/research project/archive\train\Malignant\5341.jpg,Malignant,1
D:/university/summer 26/Data Mining/research project/archive\train\Malignant\1279.jpg,Malignant,1
D:/university/summer 26/Data Mining/research project/archive\train\Benign\4394.jpg,Benign,0
D:/university/summer 26/Data Mining/research project/archive\train\Benign\687.jpg,Benign,0
D:/university/summer 26/Data Mining/research project/archive\train\Benign\2635.jpg,Benign,0
D:/university/summer 26/Data Mining/research project/archive\train\Benign\2.jpg,Benign,0
D:/university/summer 26/Data Mining/research project/archive\train\Malignant\4280.jpg,Malignant,1
D:/university/summer 26/Data Mining/research project/archive\train\Benign\1828.jpg,Benign,0
D:/university/summer 26/Data Mining/research project/archive\train\Benign\3512.jpg,Benign,0
D:/university/summer 26/Data Mining/research project/archive\train\Benign\826.jpg,Benign,0
D:/university/summer 26/Data Mining/research project/archive\train\Malignant\1410.jpg,Malignant,1
D:/university/summer 26/Data Mining/research project/archive\train\Benign\4323.jpg,Benign,0
D:/university/summer 26/Data Mining/research project/archive\train\Malignant\3181.jpg,Malignant,1
D:/university/summer 26/Data Mining/research project/archive\train\Malignant\5501.jpg,Malignant,1
D:/university/summer 26/Data Mining/research project/archive\train\Benign\4215.jpg,Benign,0
D:/university/summer 26/Data Mining/research project/archive\train\Benign\366.jpg,Benign,0
D:/university/summer 26/Data Mining/research project/archive\train\Benign\4946.jpg,Benign,0
D:/university/summer 26/Data Mining/research project/archive\train\Benign\284.jpg,Benign,0
D:/university/summer 26/Data Mining/research project/archive\train\Malignant\4513.jpg,Malignant,1
D:/university/summer 26/Data Mining/research project/archive\train\Malignant\622.jpg,Malignant,1
D:/university/summer 26/Data Mining/research project/archive\train\Malignant\3589.jpg,Malignant,1
D:/university/summer 26/Data Mining/research project/archive\train\Malignant\3155.jpg,Malignant,1
D:/university/summer 26/Data Mining/research project/archive\train\Malignant\5435.jpg,Malignant,1
D:/university/summer 26/Data Mining/research project/archive\train\Benign\837.jpg,Benign,0
D:/university/summer 26/Data Mining/research project/archive\train\Benign\1099.jpg,Benign,0
D:/university/summer 26/Data Mining/research project/archive\train\Benign\3294.jpg,Benign,0
D:/university/summer 26/Data Mining/research project/archive\train\Benign\4944.jpg,Benign,0
D:/university/summer 26/Data Mining/research project/archive\train\Malignant\1513.jpg,Malignant,1
D:/university/summer 26/Data Mining/research project/archive\train\Malignant\4313.jpg,Malignant,1
D:/university/summer 26/Data Mining/research project/archive\train\Benign\3065.jpg,Benign,0
D:/university/summer 26/Data Mining/research project/archive\train\Benign\686.jpg,Benign,0
D:/university/summer 26/Data Mining/research project/archive\train\Malignant\1698.jpg,Malignant,1
D:/university/summer 26/Data Mining/research project/archive\train\Malignant\4561.jpg,Malignant,1
D:/university/summer 26/Data Mining/research project/archive\train\Malignant\2962.jpg,Malignant,1
D:/university/summer 26/Data Mining/research project/archive\train\Malignant\2114.jpg,Malignant,1
D:/university/summer 26/Data Mining/research project/archive\train\Malignant\1651.jpg,Malignant,1
D:/university/summer 26/Data Mining/research project/archive\train\Benign\2832.jpg,Benign,0
D:/university/summer 26/Data Mining/research project/archive\train\Malignant\5585.jpg,Malignant,1
D:/university/summer 26/Data Mining/research project/archive\train\Benign\2271.jpg,Benign,0
D:/university/summer 26/Data Mining/research project/archive\train\Malignant\5153.jpg,Malignant,1
D:/university/summer 26/Data Mining/research project/archive\train\Benign\452.jpg,Benign,0
D:/university/summer 26/Data Mining/research project/archive\train\Benign\1283.jpg,Benign,0
D:/university/summer 26/Data Mining/research project/archive\train\Malignant\4270.jpg,Malignant,1
D:/university/summer 26/Data Mining/research project/archive\train\Benign\4689.jpg,Benign,0
D:/university/summer 26/Data Mining/research project/archive\train\Benign\4062.jpg,Benign,0
D:/university/summer 26/Data Mining/research project/archive\train\Malignant\2248.jpg,Malignant,1
D:/university/summer 26/Data Mining/research project/archive\train\Benign\4675.jpg,Benign,0
D:/university/summer 26/Data Mining/research project/archive\train\Benign\4814.jpg,Benign,0
D:/university/summer 26/Data Mining/research project/archive\train\Malignant\1493.jpg,Malignant,1
D:/university/summer 26/Data Mining/research project/archive\train\Benign\3898.jpg,Benign,0
D:/university/summer 26/Data Mining/research project/archive\train\Benign\2212.jpg,Benign,0
D:/university/summer 26/Data Mining/research project/archive\train\Benign\2202.jpg,Benign,0
D:/university/summer 26/Data Mining/research project/archive\train\Benign\1587.jpg,Benign,0
D:/university/summer 26/Data Mining/research project/archive\train\Malignant\4529.jpg,Malignant,1
D:/university/summer 26/Data Mining/research project/archive\train\Benign\6274.jpg,Benign,0
D:/university/summer 26/Data Mining/research project/archive\train\Malignant\4701.jpg,Malignant,1
D:/university/summer 26/Data Mining/research project/archive\train\Benign\5021.jpg,Benign,0
D:/university/summer 26/Data Mining/research project/archive\train\Malignant\3304.jpg,Malignant,1
D:/university/summer 26/Data Mining/research project/archive\train\Malignant\4062.jpg,Malignant,1
D:/university/summer 26/Data Mining/research project/archive\train\Malignant\388.jpg,Malignant,1
D:/university/summer 26/Data Mining/research project/archive\train\Malignant\5311.jpg,Malignant,1
D:/university/summer 26/Data Mining/research project/archive\train\Benign\6006.jpg,Benign,0
D:/university/summer 26/Data Mining/research project/archive\train\Malignant\2283.jpg,Malignant,1
D:/university/summer 26/Data Mining/research project/archive\train\Benign\5417.jpg,Benign,0
D:/university/summer 26/Data Mining/research project/archive\train\Malignant\1852.jpg,Malignant,1
D:/university/summer 26/Data Mining/research project/archive\train\Benign\5459.jpg,Benign,0
D:/university/summer 26/Data Mining/research project/archive\train\Benign\2229.jpg,Benign,0
D:/university/summer 26/Data Mining/research project/archive\train\Benign\2499.jpg,Benign,0
D:/university/summer 26/Data Mining/research project/archive\train\Benign\2021.jpg,Benign,0
D:/university/summer 26/Data Mining/research project/archive\train\Malignant\1472.jpg,Malignant,1
D:/university/summer 26/Data Mining/research project/archive\train\Malignant\5413.jpg,Malignant,1
D:/university/summer 26/Data Mining/research project/archive\train\Malignant\2716.jpg,Malignant,1
D:/university/summer 26/Data Mining/research project/archive\train\Malignant\4863.jpg,Malignant,1
D:/university/summer 26/Data Mining/research project/archive\train\Benign\5089.jpg,Benign,0
D:/university/summer 26/Data Mining/research project/archive\train\Malignant\2265.jpg,Malignant,1
D:/university/summer 26/Data Mining/research project/archive\train\Benign\2561.jpg,Benign,0
D:/university/summer 26/Data Mining/research project/archive\train\Benign\632.jpg,Benign,0
D:/university/summer 26/Data Mining/research project/archive\train\Benign\5203.jpg,Benign,0
D:/university/summer 26/Data Mining/research project/archive\train\Malignant\1949.jpg,Malignant,1
D:/university/summer 26/Data Mining/research project/archive\train\Malignant\5375.jpg,Malignant,1
D:/university/summer 26/Data Mining/research project/archive\train\Malignant\1830.jpg,Malignant,1
D:/university/summer 26/Data Mining/research project/archive\train\Malignant\1240.jpg,Malignant,1
D:/university/summer 26/Data Mining/research project/archive\train\Benign\2954.jpg,Benign,0
D:/university/summer 26/Data Mining/research project/archive\train\Malignant\4911.jpg,Malignant,1
D:/university/summer 26/Data Mining/research project/archive\train\Malignant\620.jpg,Malignant,1
D:/university/summer 26/Data Mining/research project/archive\train\Benign\1172.jpg,Benign,0
D:/university/summer 26/Data Mining/research project/archive\train\Malignant\2079.jpg,Malignant,1
D:/university/summer 26/Data Mining/research project/archive\train\Malignant\3798.jpg,Malignant,1
D:/university/summer 26/Data Mining/research project/archive\train\Benign\5611.jpg,Benign,0
D:/university/summer 26/Data Mining/research project/archive\train\Malignant\41.jpg,Malignant,1
D:/university/summer 26/Data Mining/research project/archive\train\Malignant\438.jpg,Malignant,1
D:/university/summer 26/Data Mining/research project/archive\train\Benign\1811.jpg,Benign,0
D:/university/summer 26/Data Mining/research project/archive\train\Malignant\572.jpg,Malignant,1
D:/university/summer 26/Data Mining/research project/archive\train\Malignant\768.jpg,Malignant,1
D:/university/summer 26/Data Mining/research project/archive\train\Malignant\118.jpg,Malignant,1
D:/university/summer 26/Data Mining/research project/archive\train\Malignant\1261.jpg,Malignant,1
D:/university/summer 26/Data Mining/research project/archive\train\Malignant\2088.jpg,Malignant,1
D:/university/summer 26/Data Mining/research project/archive\train\Malignant\2218.jpg,Malignant,1
D:/university/summer 26/Data Mining/research project/archive\train\Benign\383.jpg,Benign,0
D:/university/summer 26/Data Mining/research project/archive\train\Benign\3220.jpg,Benign,0
D:/university/summer 26/Data Mining/research project/archive\train\Malignant\654.jpg,Malignant,1
D:/university/summer 26/Data Mining/research project/archive\train\Malignant\1359.jpg,Malignant,1
D:/university/summer 26/Data Mining/research project/archive\train\Malignant\3271.jpg,Malignant,1
D:/university/summer 26/Data Mining/research project/archive\train\Benign\148.jpg,Benign,0
D:/university/summer 26/Data Mining/research project/archive\train\Benign\918.jpg,Benign,0
D:/university/summer 26/Data Mining/research project/archive\train\Benign\3671.jpg,Benign,0
D:/university/summer 26/Data Mining/research project/archive\train\Benign\3882.jpg,Benign,0
D:/university/summer 26/Data Mining/research project/archive\train\Malignant\573.jpg,Malignant,1
D:/university/summer 26/Data Mining/research project/archive\train\Malignant\1506.jpg,Malignant,1
D:/university/summer 26/Data Mining/research project/archive\train\Benign\4551.jpg,Benign,0
D:/university/summer 26/Data Mining/research project/archive\train\Malignant\725.jpg,Malignant,1
D:/university/summer 26/Data Mining/research project/archive\train\Malignant\4909.jpg,Malignant,1
D:/university/summer 26/Data Mining/research project/archive\train\Benign\6110.jpg,Benign,0
D:/university/summer 26/Data Mining/research project/archive\train\Benign\5507.jpg,Benign,0
D:/university/summer 26/Data Mining/research project/archive\train\Benign\4952.jpg,Benign,0
D:/university/summer 26/Data Mining/research project/archive\train\Malignant\4184.jpg,Malignant,1
D:/university/summer 26/Data Mining/research project/archive\train\Malignant\5110.jpg,Malignant,1
D:/university/summer 26/Data Mining/research project/archive\train\Benign\5751.jpg,Benign,0
D:/university/summer 26/Data Mining/research project/archive\train\Benign\4702.jpg,Benign,0
D:/university/summer 26/Data Mining/research project/archive\train\Malignant\4458.jpg,Malignant,1
D:/university/summer 26/Data Mining/research project/archive\train\Benign\6037.jpg,Benign,0
D:/university/summer 26/Data Mining/research project/archive\train\Benign\244.jpg,Benign,0
D:/university/summer 26/Data Mining/research project/archive\train\Benign\25.jpg,Benign,0
D:/university/summer 26/Data Mining/research project/archive\train\Benign\1838.jpg,Benign,0
D:/university/summer 26/Data Mining/research project/archive\train\Malignant\5067.jpg,Malignant,1
D:/university/summer 26/Data Mining/research project/archive\train\Benign\2323.jpg,Benign,0
D:/university/summer 26/Data Mining/research project/archive\train\Benign\2272.jpg,Benign,0
D:/university/summer 26/Data Mining/research project/archive\train\Malignant\4975.jpg,Malignant,1
D:/university/summer 26/Data Mining/research project/archive\train\Benign\1686.jpg,Benign,0
D:/university/summer 26/Data Mining/research project/archive\train\Benign\2058.jpg,Benign,0
D:/university/summer 26/Data Mining/research project/archive\train\Malignant\3829.jpg,Malignant,1
D:/university/summer 26/Data Mining/research project/archive\train\Malignant\2317.jpg,Malignant,1
D:/university/summer 26/Data Mining/research project/archive\train\Malignant\3441.jpg,Malignant,1
D:/university/summer 26/Data Mining/research project/archive\train\Benign\2170.jpg,Benign,0
D:/university/summer 26/Data Mining/research project/archive\train\Malignant\1317.jpg,Malignant,1
D:/university/summer 26/Data Mining/research project/archive\train\Malignant\5188.jpg,Malignant,1
D:/university/summer 26/Data Mining/research project/archive\train\Malignant\4961.jpg,Malignant,1
D:/university/summer 26/Data Mining/research project/archive\train\Benign\2231.jpg,Benign,0
D:/university/summer 26/Data Mining/research project/archive\train\Malignant\3108.jpg,Malignant,1
D:/university/summer 26/Data Mining/research project/archive\train\Benign\5448.jpg,Benign,0
D:/university/summer 26/Data Mining/research project/archive\train\Benign\1018.jpg,Benign,0
D:/university/summer 26/Data Mining/research project/archive\train\Malignant\5429.jpg,Malignant,1
D:/university/summer 26/Data Mining/research project/archive\train\Benign\2786.jpg,Benign,0
D:/university/summer 26/Data Mining/research project/archive\train\Malignant\540.jpg,Malignant,1
D:/university/summer 26/Data Mining/research project/archive\train\Malignant\4535.jpg,Malignant,1
D:/university/summer 26/Data Mining/research project/archive\train\Malignant\2816.jpg,Malignant,1
D:/university/summer 26/Data Mining/research project/archive\train\Benign\2204.jpg,Benign,0
D:/university/summer 26/Data Mining/research project/archive\train\Benign\2071.jpg,Benign,0
D:/university/summer 26/Data Mining/research project/archive\train\Benign\1778.jpg,Benign,0
D:/university/summer 26/Data Mining/research project/archive\train\Malignant\595.jpg,Malignant,1
D:/university/summer 26/Data Mining/research project/archive\train\Malignant\4029.jpg,Malignant,1
D:/university/summer 26/Data Mining/research project/archive\train\Malignant\4443.jpg,Malignant,1
D:/university/summer 26/Data Mining/research project/archive\train\Malignant\3536.jpg,Malignant,1
D:/university/summer 26/Data Mining/research project/archive\train\Malignant\1716.jpg,Malignant,1
D:/university/summer 26/Data Mining/research project/archive\train\Benign\4064.jpg,Benign,0
D:/university/summer 26/Data Mining/research project/archive\train\Malignant\3701.jpg,Malignant,1
D:/university/summer 26/Data Mining/research project/archive\train\Benign\5870.jpg,Benign,0
D:/university/summer 26/Data Mining/research project/archive\train\Malignant\3667.jpg,Malignant,1
D:/university/summer 26/Data Mining/research project/archive\train\Benign\5187.jpg,Benign,0
D:/university/summer 26/Data Mining/research project/archive\train\Malignant\341.jpg,Malignant,1
D:/university/summer 26/Data Mining/research project/archive\train\Malignant\4977.jpg,Malignant,1
D:/university/summer 26/Data Mining/research project/archive\train\Malignant\942.jpg,Malignant,1
D:/university/summer 26/Data Mining/research project/archive\train\Malignant\2484.jpg,Malignant,1
D:/university/summer 26/Data Mining/research project/archive\train\Benign\5014.jpg,Benign,0
D:/university/summer 26/Data Mining/research project/archive\train\Benign\4486.jpg,Benign,0
D:/university/summer 26/Data Mining/research project/archive\train\Malignant\5293.jpg,Malignant,1
D:/university/summer 26/Data Mining/research project/archive\train\Benign\3700.jpg,Benign,0
D:/university/summer 26/Data Mining/research project/archive\train\Benign\5292.jpg,Benign,0
D:/university/summer 26/Data Mining/research project/archive\train\Malignant\3713.jpg,Malignant,1
D:/university/summer 26/Data Mining/research project/archive\train\Benign\1261.jpg,Benign,0
D:/university/summer 26/Data Mining/research project/archive\train\Benign\81.jpg,Benign,0
D:/university/summer 26/Data Mining/research project/archive\train\Malignant\170.jpg,Malignant,1
D:/university/summer 26/Data Mining/research project/archive\train\Malignant\1320.jpg,Malignant,1
D:/university/summer 26/Data Mining/research project/archive\train\Benign\5699.jpg,Benign,0
D:/university/summer 26/Data Mining/research project/archive\train\Malignant\752.jpg,Malignant,1
D:/university/summer 26/Data Mining/research project/archive\train\Benign\1079.jpg,Benign,0
D:/university/summer 26/Data Mining/research project/archive\train\Benign\1311.jpg,Benign,0
D:/university/summer 26/Data Mining/research project/archive\train\Benign\856.jpg,Benign,0
D:/university/summer 26/Data Mining/research project/archive\train\Malignant\3621.jpg,Malignant,1
D:/university/summer 26/Data Mining/research project/archive\train\Malignant\798.jpg,Malignant,1
D:/university/summer 26/Data Mining/research project/archive\train\Malignant\2852.jpg,Malignant,1
D:/university/summer 26/Data Mining/research project/archive\train\Malignant\2740.jpg,Malignant,1
D:/university/summer 26/Data Mining/research project/archive\train\Benign\3206.jpg,Benign,0
D:/university/summer 26/Data Mining/research project/archive\train\Malignant\3977.jpg,Malignant,1
D:/university/summer 26/Data Mining/research project/archive\train\Malignant\4308.jpg,Malignant,1
D:/university/summer 26/Data Mining/research project/archive\train\Benign\3573.jpg,Benign,0
D:/university/summer 26/Data Mining/research project/archive\train\Malignant\3133.jpg,Malignant,1
D:/university/summer 26/Data Mining/research project/archive\train\Benign\6038.jpg,Benign,0
D:/university/summer 26/Data Mining/research project/archive\train\Malignant\728.jpg,Malignant,1
D:/university/summer 26/Data Mining/research project/archive\train\Benign\611.jpg,Benign,0
D:/university/summer 26/Data Mining/research project/archive\train\Benign\5871.jpg,Benign,0
D:/university/summer 26/Data Mining/research project/archive\train\Benign\4244.jpg,Benign,0
D:/university/summer 26/Data Mining/research project/archive\train\Benign\1393.jpg,Benign,0
D:/university/summer 26/Data Mining/research project/archive\train\Malignant\463.jpg,Malignant,1
D:/university/summer 26/Data Mining/research project/archive\train\Malignant\3225.jpg,Malignant,1
D:/university/summer 26/Data Mining/research project/archive\train\Malignant\1305.jpg,Malignant,1
D:/university/summer 26/Data Mining/research project/archive\train\Malignant\345.jpg,Malignant,1
D:/university/summer 26/Data Mining/research project/archive\train\Malignant\4586.jpg,Malignant,1
D:/university/summer 26/Data Mining/research project/archive\train\Malignant\2432.jpg,Malignant,1
D:/university/summer 26/Data Mining/research project/archive\train\Benign\3100.jpg,Benign,0
D:/university/summer 26/Data Mining/research project/archive\train\Benign\1938.jpg,Benign,0
D:/university/summer 26/Data Mining/research project/archive\train\Malignant\2903.jpg,Malignant,1
D:/university/summer 26/Data Mining/research project/archive\train\Malignant\2751.jpg,Malignant,1
D:/university/summer 26/Data Mining/research project/archive\train\Malignant\3545.jpg,Malignant,1
D:/university/summer 26/Data Mining/research project/archive\train\Malignant\2194.jpg,Malignant,1
D:/university/summer 26/Data Mining/research project/archive\train\Malignant\3013.jpg,Malignant,1
D:/university/summer 26/Data Mining/research project/archive\train\Benign\5598.jpg,Benign,0
D:/university/summer 26/Data Mining/research project/archive\train\Benign\2201.jpg,Benign,0
D:/university/summer 26/Data Mining/research project/archive\train\Benign\4069.jpg,Benign,0
D:/university/summer 26/Data Mining/research project/archive\train\Malignant\4526.jpg,Malignant,1
D:/university/summer 26/Data Mining/research project/archive\train\Malignant\4136.jpg,Malignant,1
D:/university/summer 26/Data Mining/research project/archive\train\Benign\2166.jpg,Benign,0
D:/university/summer 26/Data Mining/research project/archive\train\Malignant\5033.jpg,Malignant,1
D:/university/summer 26/Data Mining/research project/archive\train\Malignant\1919.jpg,Malignant,1
D:/university/summer 26/Data Mining/research project/archive\train\Benign\2750.jpg,Benign,0
D:/university/summer 26/Data Mining/research project/archive\train\Benign\4439.jpg,Benign,0
D:/university/summer 26/Data Mining/research project/archive\train\Benign\2740.jpg,Benign,0
D:/university/summer 26/Data Mining/research project/archive\train\Benign\5524.jpg,Benign,0
D:/university/summer 26/Data Mining/research project/archive\train\Benign\6245.jpg,Benign,0
D:/university/summer 26/Data Mining/research project/archive\train\Malignant\1117.jpg,Malignant,1
D:/university/summer 26/Data Mining/research project/archive\train\Malignant\727.jpg,Malignant,1
D:/university/summer 26/Data Mining/research project/archive\train\Benign\2370.jpg,Benign,0
D:/university/summer 26/Data Mining/research project/archive\train\Malignant\333.jpg,Malignant,1
D:/university/summer 26/Data Mining/research project/archive\train\Malignant\5480.jpg,Malignant,1
D:/university/summer 26/Data Mining/research project/archive\train\Malignant\5465.jpg,Malignant,1
D:/university/summer 26/Data Mining/research project/archive\train\Malignant\5531.jpg,Malignant,1
D:/university/summer 26/Data Mining/research project/archive\train\Malignant\4504.jpg,Malignant,1
D:/university/summer 26/Data Mining/research project/archive\train\Malignant\773.jpg,Malignant,1
D:/university/summer 26/Data Mining/research project/archive\train\Malignant\907.jpg,Malignant,1
D:/university/summer 26/Data Mining/research project/archive\train\Malignant\2197.jpg,Malignant,1
D:/university/summer 26/Data Mining/research project/archive\train\Benign\1720.jpg,Benign,0
D:/university/summer 26/Data Mining/research project/archive\train\Benign\1823.jpg,Benign,0
D:/university/summer 26/Data Mining/research project/archive\train\Malignant\2138.jpg,Malignant,1
D:/university/summer 26/Data Mining/research project/archive\train\Benign\664.jpg,Benign,0
D:/university/summer 26/Data Mining/research project/archive\train\Malignant\2539.jpg,Malignant,1
D:/university/summer 26/Data Mining/research project/archive\train\Malignant\5403.jpg,Malignant,1
D:/university/summer 26/Data Mining/research project/archive\train\Benign\723.jpg,Benign,0
D:/university/summer 26/Data Mining/research project/archive\train\Malignant\984.jpg,Malignant,1
D:/university/summer 26/Data Mining/research project/archive\train\Malignant\2456.jpg,Malignant,1
D:/university/summer 26/Data Mining/research project/archive\train\Benign\4052.jpg,Benign,0
D:/university/summer 26/Data Mining/research project/archive\train\Malignant\2677.jpg,Malignant,1
D:/university/summer 26/Data Mining/research project/archive\train\Benign\5461.jpg,Benign,0
D:/university/summer 26/Data Mining/research project/archive\train\Benign\5903.jpg,Benign,0
D:/university/summer 26/Data Mining/research project/archive\train\Malignant\1055.jpg,Malignant,1
D:/university/summer 26/Data Mining/research project/archive\train\Benign\4465.jpg,Benign,0
D:/university/summer 26/Data Mining/research project/archive\train\Benign\5657.jpg,Benign,0
D:/university/summer 26/Data Mining/research project/archive\train\Benign\3097.jpg,Benign,0
D:/university/summer 26/Data Mining/research project/archive\train\Malignant\4001.jpg,Malignant,1
D:/university/summer 26/Data Mining/research project/archive\train\Benign\1492.jpg,Benign,0
D:/university/summer 26/Data Mining/research project/archive\train\Benign\4706.jpg,Benign,0
D:/university/summer 26/Data Mining/research project/archive\train\Benign\2901.jpg,Benign,0
D:/university/summer 26/Data Mining/research project/archive\train\Benign\4269.jpg,Benign,0
D:/university/summer 26/Data Mining/research project/archive\train\Malignant\2159.jpg,Malignant,1
D:/university/summer 26/Data Mining/research project/archive\train\Benign\4863.jpg,Benign,0
D:/university/summer 26/Data Mining/research project/archive\train\Malignant\585.jpg,Malignant,1
D:/university/summer 26/Data Mining/research project/archive\train\Benign\2681.jpg,Benign,0
D:/university/summer 26/Data Mining/research project/archive\train\Malignant\3031.jpg,Malignant,1
D:/university/summer 26/Data Mining/research project/archive\train\Malignant\2033.jpg,Malignant,1
D:/university/summer 26/Data Mining/research project/archive\train\Malignant\1504.jpg,Malignant,1
D:/university/summer 26/Data Mining/research project/archive\train\Benign\1123.jpg,Benign,0
D:/university/summer 26/Data Mining/research project/archive\train\Benign\5205.jpg,Benign,0
D:/university/summer 26/Data Mining/research project/archive\train\Benign\2422.jpg,Benign,0
D:/university/summer 26/Data Mining/research project/archive\train\Benign\1210.jpg,Benign,0
D:/university/summer 26/Data Mining/research project/archive\train\Benign\373.jpg,Benign,0
D:/university/summer 26/Data Mining/research project/archive\train\Malignant\5015.jpg,Malignant,1
D:/university/summer 26/Data Mining/research project/archive\train\Malignant\2044.jpg,Malignant,1
D:/university/summer 26/Data Mining/research project/archive\train\Benign\104.jpg,Benign,0
D:/university/summer 26/Data Mining/research project/archive\train\Benign\4071.jpg,Benign,0
D:/university/summer 26/Data Mining/research project/archive\train\Benign\3393.jpg,Benign,0
D:/university/summer 26/Data Mining/research project/archive\train\Malignant\5352.jpg,Malignant,1
D:/university/summer 26/Data Mining/research project/archive\train\Benign\3045.jpg,Benign,0
D:/university/summer 26/Data Mining/research project/archive\train\Benign\5289.jpg,Benign,0
D:/university/summer 26/Data Mining/research project/archive\train\Benign\6097.jpg,Benign,0
D:/university/summer 26/Data Mining/research project/archive\train\Malignant\3072.jpg,Malignant,1
D:/university/summer 26/Data Mining/research project/archive\train\Malignant\678.jpg,Malignant,1
D:/university/summer 26/Data Mining/research project/archive\train\Malignant\1321.jpg,Malignant,1
D:/university/summer 26/Data Mining/research project/archive\train\Malignant\362.jpg,Malignant,1
D:/university/summer 26/Data Mining/research project/archive\train\Benign\5822.jpg,Benign,0
D:/university/summer 26/Data Mining/research project/archive\train\Benign\5153.jpg,Benign,0
D:/university/summer 26/Data Mining/research project/archive\train\Benign\5559.jpg,Benign,0
D:/university/summer 26/Data Mining/research project/archive\train\Malignant\1596.jpg,Malignant,1
D:/university/summer 26/Data Mining/research project/archive\train\Benign\2020.jpg,Benign,0
D:/university/summer 26/Data Mining/research project/archive\train\Benign\2192.jpg,Benign,0
D:/university/summer 26/Data Mining/research project/archive\train\Benign\5916.jpg,Benign,0
D:/university/summer 26/Data Mining/research project/archive\train\Malignant\2621.jpg,Malignant,1
D:/university/summer 26/Data Mining/research project/archive\train\Benign\4574.jpg,Benign,0
D:/university/summer 26/Data Mining/research project/archive\train\Benign\2434.jpg,Benign,0
D:/university/summer 26/Data Mining/research project/archive\train\Malignant\5593.jpg,Malignant,1
D:/university/summer 26/Data Mining/research project/archive\train\Benign\1130.jpg,Benign,0
D:/university/summer 26/Data Mining/research project/archive\train\Benign\2233.jpg,Benign,0
D:/university/summer 26/Data Mining/research project/archive\train\Malignant\2561.jpg,Malignant,1
D:/university/summer 26/Data Mining/research project/archive\train\Malignant\936.jpg,Malignant,1
D:/university/summer 26/Data Mining/research project/archive\train\Malignant\5575.jpg,Malignant,1
D:/university/summer 26/Data Mining/research project/archive\train\Benign\3858.jpg,Benign,0
D:/university/summer 26/Data Mining/research project/archive\train\Benign\5535.jpg,Benign,0
D:/university/summer 26/Data Mining/research project/archive\train\Benign\4937.jpg,Benign,0
D:/university/summer 26/Data Mining/research project/archive\train\Benign\6215.jpg,Benign,0
D:/university/summer 26/Data Mining/research project/archive\train\Malignant\3569.jpg,Malignant,1
D:/university/summer 26/Data Mining/research project/archive\train\Benign\4957.jpg,Benign,0
D:/university/summer 26/Data Mining/research project/archive\train\Malignant\4972.jpg,Malignant,1
D:/university/summer 26/Data Mining/research project/archive\train\Malignant\3297.jpg,Malignant,1
D:/university/summer 26/Data Mining/research project/archive\train\Benign\4133.jpg,Benign,0
D:/university/summer 26/Data Mining/research project/archive\train\Benign\5412.jpg,Benign,0
D:/university/summer 26/Data Mining/research project/archive\train\Benign\673.jpg,Benign,0
D:/university/summer 26/Data Mining/research project/archive\train\Benign\3688.jpg,Benign,0
D:/university/summer 26/Data Mining/research project/archive\train\Malignant\5353.jpg,Malignant,1
D:/university/summer 26/Data Mining/research project/archive\train\Benign\1014.jpg,Benign,0
D:/university/summer 26/Data Mining/research project/archive\train\Benign\1059.jpg,Benign,0
D:/university/summer 26/Data Mining/research project/archive\train\Benign\6194.jpg,Benign,0
D:/university/summer 26/Data Mining/research project/archive\train\Malignant\4053.jpg,Malignant,1
D:/university/summer 26/Data Mining/research project/archive\train\Benign\4671.jpg,Benign,0
D:/university/summer 26/Data Mining/research project/archive\train\Benign\1320.jpg,Benign,0
D:/university/summer 26/Data Mining/research project/archive\train\Malignant\1837.jpg,Malignant,1
D:/university/summer 26/Data Mining/research project/archive\train\Malignant\853.jpg,Malignant,1
D:/university/summer 26/Data Mining/research project/archive\train\Malignant\3943.jpg,Malignant,1
D:/university/summer 26/Data Mining/research project/archive\train\Malignant\163.jpg,Malignant,1
D:/university/summer 26/Data Mining/research project/archive\train\Benign\3187.jpg,Benign,0
D:/university/summer 26/Data Mining/research project/archive\train\Malignant\2853.jpg,Malignant,1
D:/university/summer 26/Data Mining/research project/archive\train\Benign\5159.jpg,Benign,0
D:/university/summer 26/Data Mining/research project/archive\train\Malignant\1674.jpg,Malignant,1
D:/university/summer 26/Data Mining/research project/archive\train\Benign\5739.jpg,Benign,0
D:/university/summer 26/Data Mining/research project/archive\train\Malignant\2212.jpg,Malignant,1
D:/university/summer 26/Data Mining/research project/archive\train\Benign\3991.jpg,Benign,0
D:/university/summer 26/Data Mining/research project/archive\train\Benign\5922.jpg,Benign,0
D:/university/summer 26/Data Mining/research project/archive\train\Benign\4521.jpg,Benign,0
D:/university/summer 26/Data Mining/research project/archive\train\Malignant\790.jpg,Malignant,1
D:/university/summer 26/Data Mining/research project/archive\train\Benign\1545.jpg,Benign,0
D:/university/summer 26/Data Mining/research project/archive\train\Benign\775.jpg,Benign,0
D:/university/summer 26/Data Mining/research project/archive\train\Benign\634.jpg,Benign,0
D:/university/summer 26/Data Mining/research project/archive\train\Benign\3645.jpg,Benign,0
D:/university/summer 26/Data Mining/research project/archive\train\Malignant\1051.jpg,Malignant,1
D:/university/summer 26/Data Mining/research project/archive\train\Benign\790.jpg,Benign,0
D:/university/summer 26/Data Mining/research project/archive\train\Malignant\2341.jpg,Malignant,1
D:/university/summer 26/Data Mining/research project/archive\train\Benign\4910.jpg,Benign,0
D:/university/summer 26/Data Mining/research project/archive\train\Malignant\879.jpg,Malignant,1
D:/university/summer 26/Data Mining/research project/archive\train\Benign\2537.jpg,Benign,0
D:/university/summer 26/Data Mining/research project/archive\train\Benign\7.jpg,Benign,0
D:/university/summer 26/Data Mining/research project/archive\train\Benign\2256.jpg,Benign,0
D:/university/summer 26/Data Mining/research project/archive\train\Benign\4782.jpg,Benign,0
D:/university/summer 26/Data Mining/research project/archive\train\Benign\3874.jpg,Benign,0
D:/university/summer 26/Data Mining/research project/archive\train\Malignant\5376.jpg,Malignant,1
D:/university/summer 26/Data Mining/research project/archive\train\Benign\4347.jpg,Benign,0
D:/university/summer 26/Data Mining/research project/archive\train\Benign\3352.jpg,Benign,0
D:/university/summer 26/Data Mining/research project/archive\train\Malignant\3548.jpg,Malignant,1
D:/university/summer 26/Data Mining/research project/archive\train\Malignant\5172.jpg,Malignant,1
D:/university/summer 26/Data Mining/research project/archive\train\Benign\2503.jpg,Benign,0
D:/university/summer 26/Data Mining/research project/archive\train\Malignant\5277.jpg,Malignant,1
D:/university/summer 26/Data Mining/research project/archive\train\Malignant\1709.jpg,Malignant,1
D:/university/summer 26/Data Mining/research project/archive\train\Benign\2096.jpg,Benign,0
D:/university/summer 26/Data Mining/research project/archive\train\Malignant\2118.jpg,Malignant,1
D:/university/summer 26/Data Mining/research project/archive\train\Malignant\436.jpg,Malignant,1
D:/university/summer 26/Data Mining/research project/archive\train\Benign\6175.jpg,Benign,0
D:/university/summer 26/Data Mining/research project/archive\train\Malignant\4532.jpg,Malignant,1
D:/university/summer 26/Data Mining/research project/archive\train\Malignant\5022.jpg,Malignant,1
D:/university/summer 26/Data Mining/research project/archive\train\Malignant\1759.jpg,Malignant,1
D:/university/summer 26/Data Mining/research project/archive\train\Malignant\4255.jpg,Malignant,1
D:/university/summer 26/Data Mining/research project/archive\train\Benign\2709.jpg,Benign,0
D:/university/summer 26/Data Mining/research project/archive\train\Benign\2350.jpg,Benign,0
D:/university/summer 26/Data Mining/research project/archive\train\Benign\3519.jpg,Benign,0
D:/university/summer 26/Data Mining/research project/archive\train\Malignant\3954.jpg,Malignant,1
D:/university/summer 26/Data Mining/research project/archive\train\Malignant\3913.jpg,Malignant,1
D:/university/summer 26/Data Mining/research project/archive\train\Benign\2172.jpg,Benign,0
D:/university/summer 26/Data Mining/research project/archive\train\Benign\4236.jpg,Benign,0
D:/university/summer 26/Data Mining/research project/archive\train\Benign\277.jpg,Benign,0
D:/university/summer 26/Data Mining/research project/archive\train\Malignant\2369.jpg,Malignant,1
D:/university/summer 26/Data Mining/research project/archive\train\Malignant\2201.jpg,Malignant,1
D:/university/summer 26/Data Mining/research project/archive\train\Benign\2076.jpg,Benign,0
D:/university/summer 26/Data Mining/research project/archive\train\Benign\1469.jpg,Benign,0
D:/university/summer 26/Data Mining/research project/archive\train\Malignant\1978.jpg,Malignant,1
D:/university/summer 26/Data Mining/research project/archive\train\Benign\4266.jpg,Benign,0
D:/university/summer 26/Data Mining/research project/archive\train\Benign\6132.jpg,Benign,0
D:/university/summer 26/Data Mining/research project/archive\train\Benign\4744.jpg,Benign,0
D:/university/summer 26/Data Mining/research project/archive\train\Malignant\4629.jpg,Malignant,1
D:/university/summer 26/Data Mining/research project/archive\train\Benign\4220.jpg,Benign,0
D:/university/summer 26/Data Mining/research project/archive\train\Malignant\2451.jpg,Malignant,1
D:/university/summer 26/Data Mining/research project/archive\train\Benign\2663.jpg,Benign,0
D:/university/summer 26/Data Mining/research project/archive\train\Malignant\2546.jpg,Malignant,1
D:/university/summer 26/Data Mining/research project/archive\train\Malignant\767.jpg,Malignant,1
D:/university/summer 26/Data Mining/research project/archive\train\Malignant\5000.jpg,Malignant,1
D:/university/summer 26/Data Mining/research project/archive\train\Malignant\3452.jpg,Malignant,1
D:/university/summer 26/Data Mining/research project/archive\train\Benign\3862.jpg,Benign,0
D:/university/summer 26/Data Mining/research project/archive\train\Malignant\156.jpg,Malignant,1
D:/university/summer 26/Data Mining/research project/archive\train\Malignant\5599.jpg,Malignant,1
D:/university/summer 26/Data Mining/research project/archive\train\Malignant\757.jpg,Malignant,1
D:/university/summer 26/Data Mining/research project/archive\train\Malignant\2502.jpg,Malignant,1
D:/university/summer 26/Data Mining/research project/archive\train\Benign\4933.jpg,Benign,0
D:/university/summer 26/Data Mining/research project/archive\train\Malignant\3563.jpg,Malignant,1
D:/university/summer 26/Data Mining/research project/archive\train\Malignant\5308.jpg,Malignant,1
D:/university/summer 26/Data Mining/research project/archive\train\Benign\3124.jpg,Benign,0
D:/university/summer 26/Data Mining/research project/archive\train\Malignant\1205.jpg,Malignant,1
D:/university/summer 26/Data Mining/research project/archive\train\Malignant\4936.jpg,Malignant,1
D:/university/summer 26/Data Mining/research project/archive\train\Malignant\3666.jpg,Malignant,1
D:/university/summer 26/Data Mining/research project/archive\train\Malignant\2824.jpg,Malignant,1
D:/university/summer 26/Data Mining/research project/archive\train\Benign\5817.jpg,Benign,0
D:/university/summer 26/Data Mining/research project/archive\train\Malignant\1220.jpg,Malignant,1
D:/university/summer 26/Data Mining/research project/archive\train\Malignant\2770.jpg,Malignant,1
D:/university/summer 26/Data Mining/research project/archive\train\Malignant\839.jpg,Malignant,1
D:/university/summer 26/Data Mining/research project/archive\train\Benign\255.jpg,Benign,0
D:/university/summer 26/Data Mining/research project/archive\train\Benign\721.jpg,Benign,0
D:/university/summer 26/Data Mining/research project/archive\train\Malignant\2203.jpg,Malignant,1
D:/university/summer 26/Data Mining/research project/archive\train\Benign\202.jpg,Benign,0
D:/university/summer 26/Data Mining/research project/archive\train\Benign\4044.jpg,Benign,0
D:/university/summer 26/Data Mining/research project/archive\train\Malignant\2516.jpg,Malignant,1
D:/university/summer 26/Data Mining/research project/archive\train\Benign\5379.jpg,Benign,0
D:/university/summer 26/Data Mining/research project/archive\train\Malignant\5106.jpg,Malignant,1
D:/university/summer 26/Data Mining/research project/archive\train\Benign\2660.jpg,Benign,0
D:/university/summer 26/Data Mining/research project/archive\train\Benign\799.jpg,Benign,0
D:/university/summer 26/Data Mining/research project/archive\train\Benign\6077.jpg,Benign,0
D:/university/summer 26/Data Mining/research project/archive\train\Benign\5647.jpg,Benign,0
D:/university/summer 26/Data Mining/research project/archive\train\Benign\6286.jpg,Benign,0
D:/university/summer 26/Data Mining/research project/archive\train\Malignant\3434.jpg,Malignant,1
D:/university/summer 26/Data Mining/research project/archive\train\Benign\2519.jpg,Benign,0
D:/university/summer 26/Data Mining/research project/archive\train\Malignant\1058.jpg,Malignant,1
D:/university/summer 26/Data Mining/research project/archive\train\Benign\5798.jpg,Benign,0
D:/university/summer 26/Data Mining/research project/archive\train\Malignant\2253.jpg,Malignant,1
D:/university/summer 26/Data Mining/research project/archive\train\Benign\1038.jpg,Benign,0
D:/university/summer 26/Data Mining/research project/archive\train\Malignant\4883.jpg,Malignant,1
D:/university/summer 26/Data Mining/research project/archive\train\Benign\1615.jpg,Benign,0
D:/university/summer 26/Data Mining/research project/archive\train\Malignant\253.jpg,Malignant,1
D:/university/summer 26/Data Mining/research project/archive\train\Benign\881.jpg,Benign,0
D:/university/summer 26/Data Mining/research project/archive\train\Benign\1845.jpg,Benign,0
D:/university/summer 26/Data Mining/research project/archive\train\Benign\4950.jpg,Benign,0
D:/university/summer 26/Data Mining/research project/archive\train\Benign\4065.jpg,Benign,0
D:/university/summer 26/Data Mining/research project/archive\train\Malignant\5166.jpg,Malignant,1
D:/university/summer 26/Data Mining/research project/archive\train\Benign\3796.jpg,Benign,0
D:/university/summer 26/Data Mining/research project/archive\train\Malignant\3728.jpg,Malignant,1
D:/university/summer 26/Data Mining/research project/archive\train\Benign\367.jpg,Benign,0
D:/university/summer 26/Data Mining/research project/archive\train\Benign\4241.jpg,Benign,0
D:/university/summer 26/Data Mining/research project/archive\train\Benign\413.jpg,Benign,0
D:/university/summer 26/Data Mining/research project/archive\train\Benign\924.jpg,Benign,0
D:/university/summer 26/Data Mining/research project/archive\train\Malignant\276.jpg,Malignant,1
D:/university/summer 26/Data Mining/research project/archive\train\Benign\5139.jpg,Benign,0
D:/university/summer 26/Data Mining/research project/archive\train\Benign\3775.jpg,Benign,0
D:/university/summer 26/Data Mining/research project/archive\train\Malignant\1744.jpg,Malignant,1
D:/university/summer 26/Data Mining/research project/archive\train\Benign\3082.jpg,Benign,0
D:/university/summer 26/Data Mining/research project/archive\train\Malignant\2133.jpg,Malignant,1
D:/university/summer 26/Data Mining/research project/archive\train\Malignant\1882.jpg,Malignant,1
D:/university/summer 26/Data Mining/research project/archive\train\Benign\4775.jpg,Benign,0
D:/university/summer 26/Data Mining/research project/archive\train\Benign\171.jpg,Benign,0
D:/university/summer 26/Data Mining/research project/archive\train\Benign\1280.jpg,Benign,0
D:/university/summer 26/Data Mining/research project/archive\train\Benign\2282.jpg,Benign,0
D:/university/summer 26/Data Mining/research project/archive\train\Malignant\4150.jpg,Malignant,1
D:/university/summer 26/Data Mining/research project/archive\train\Malignant\1316.jpg,Malignant,1
D:/university/summer 26/Data Mining/research project/archive\train\Benign\2699.jpg,Benign,0
D:/university/summer 26/Data Mining/research project/archive\train\Benign\2601.jpg,Benign,0
D:/university/summer 26/Data Mining/research project/archive\train\Malignant\4426.jpg,Malignant,1
D:/university/summer 26/Data Mining/research project/archive\train\Benign\475.jpg,Benign,0
D:/university/summer 26/Data Mining/research project/archive\train\Malignant\360.jpg,Malignant,1
D:/university/summer 26/Data Mining/research project/archive\train\Benign\4468.jpg,Benign,0
D:/university/summer 26/Data Mining/research project/archive\train\Malignant\3209.jpg,Malignant,1
D:/university/summer 26/Data Mining/research project/archive\train\Benign\2014.jpg,Benign,0
D:/university/summer 26/Data Mining/research project/archive\train\Malignant\3127.jpg,Malignant,1
D:/university/summer 26/Data Mining/research project/archive\train\Benign\874.jpg,Benign,0
D:/university/summer 26/Data Mining/research project/archive\train\Benign\3210.jpg,Benign,0
D:/university/summer 26/Data Mining/research project/archive\train\Malignant\718.jpg,Malignant,1
D:/university/summer 26/Data Mining/research project/archive\train\Malignant\2980.jpg,Malignant,1
D:/university/summer 26/Data Mining/research project/archive\train\Benign\3450.jpg,Benign,0
D:/university/summer 26/Data Mining/research project/archive\train\Benign\1653.jpg,Benign,0
D:/university/summer 26/Data Mining/research project/archive\train\Benign\411.jpg,Benign,0
D:/university/summer 26/Data Mining/research project/archive\train\Malignant\3373.jpg,Malignant,1
D:/university/summer 26/Data Mining/research project/archive\train\Benign\1157.jpg,Benign,0
D:/university/summer 26/Data Mining/research project/archive\train\Malignant\4712.jpg,Malignant,1
D:/university/summer 26/Data Mining/research project/archive\train\Malignant\4578.jpg,Malignant,1
D:/university/summer 26/Data Mining/research project/archive\train\Malignant\4346.jpg,Malignant,1
D:/university/summer 26/Data Mining/research project/archive\train\Benign\6261.jpg,Benign,0
D:/university/summer 26/Data Mining/research project/archive\train\Malignant\2785.jpg,Malignant,1
D:/university/summer 26/Data Mining/research project/archive\train\Benign\2286.jpg,Benign,0
D:/university/summer 26/Data Mining/research project/archive\train\Benign\1680.jpg,Benign,0
D:/university/summer 26/Data Mining/research project/archive\train\Malignant\466.jpg,Malignant,1
D:/university/summer 26/Data Mining/research project/archive\train\Benign\310.jpg,Benign,0
D:/university/summer 26/Data Mining/research project/archive\train\Benign\4578.jpg,Benign,0
D:/university/summer 26/Data Mining/research project/archive\train\Malignant\2748.jpg,Malignant,1
D:/university/summer 26/Data Mining/research project/archive\train\Malignant\4593.jpg,Malignant,1
D:/university/summer 26/Data Mining/research project/archive\train\Malignant\5513.jpg,Malignant,1
D:/university/summer 26/Data Mining/research project/archive\train\Malignant\292.jpg,Malignant,1
D:/university/summer 26/Data Mining/research project/archive\train\Benign\306.jpg,Benign,0
D:/university/summer 26/Data Mining/research project/archive\train\Malignant\841.jpg,Malignant,1
D:/university/summer 26/Data Mining/research project/archive\train\Malignant\4119.jpg,Malignant,1
D:/university/summer 26/Data Mining/research project/archive\train\Benign\2977.jpg,Benign,0
D:/university/summer 26/Data Mining/research project/archive\train\Benign\2764.jpg,Benign,0
D:/university/summer 26/Data Mining/research project/archive\train\Benign\4480.jpg,Benign,0
D:/university/summer 26/Data Mining/research project/archive\train\Malignant\3510.jpg,Malignant,1
D:/university/summer 26/Data Mining/research project/archive\train\Benign\1660.jpg,Benign,0
D:/university/summer 26/Data Mining/research project/archive\train\Benign\1391.jpg,Benign,0
D:/university/summer 26/Data Mining/research project/archive\train\Malignant\2519.jpg,Malignant,1
D:/university/summer 26/Data Mining/research project/archive\train\Benign\2788.jpg,Benign,0
D:/university/summer 26/Data Mining/research project/archive\train\Malignant\1933.jpg,Malignant,1
D:/university/summer 26/Data Mining/research project/archive\train\Malignant\2121.jpg,Malignant,1
D:/university/summer 26/Data Mining/research project/archive\train\Benign\4182.jpg,Benign,0
D:/university/summer 26/Data Mining/research project/archive\train\Malignant\1005.jpg,Malignant,1
D:/university/summer 26/Data Mining/research project/archive\train\Malignant\726.jpg,Malignant,1
D:/university/summer 26/Data Mining/research project/archive\train\Benign\2766.jpg,Benign,0
D:/university/summer 26/Data Mining/research project/archive\train\Malignant\5327.jpg,Malignant,1
D:/university/summer 26/Data Mining/research project/archive\train\Malignant\4978.jpg,Malignant,1
D:/university/summer 26/Data Mining/research project/archive\train\Malignant\5248.jpg,Malignant,1
D:/university/summer 26/Data Mining/research project/archive\train\Malignant\3832.jpg,Malignant,1
D:/university/summer 26/Data Mining/research project/archive\train\Benign\2845.jpg,Benign,0
D:/university/summer 26/Data Mining/research project/archive\train\Malignant\1414.jpg,Malignant,1
D:/university/summer 26/Data Mining/research project/archive\train\Malignant\5476.jpg,Malignant,1
D:/university/summer 26/Data Mining/research project/archive\train\Benign\2325.jpg,Benign,0
D:/university/summer 26/Data Mining/research project/archive\train\Malignant\2219.jpg,Malignant,1
D:/university/summer 26/Data Mining/research project/archive\train\Benign\467.jpg,Benign,0
D:/university/summer 26/Data Mining/research project/archive\train\Benign\320.jpg,Benign,0
D:/university/summer 26/Data Mining/research project/archive\train\Malignant\2854.jpg,Malignant,1
D:/university/summer 26/Data Mining/research project/archive\train\Malignant\2450.jpg,Malignant,1
D:/university/summer 26/Data Mining/research project/archive\train\Malignant\1621.jpg,Malignant,1
D:/university/summer 26/Data Mining/research project/archive\train\Malignant\340.jpg,Malignant,1
D:/university/summer 26/Data Mining/research project/archive\train\Benign\889.jpg,Benign,0
D:/university/summer 26/Data Mining/research project/archive\train\Benign\387.jpg,Benign,0
D:/university/summer 26/Data Mining/research project/archive\train\Benign\1726.jpg,Benign,0
D:/university/summer 26/Data Mining/research project/archive\train\Malignant\1111.jpg,Malignant,1
D:/university/summer 26/Data Mining/research project/archive\train\Benign\2054.jpg,Benign,0
D:/university/summer 26/Data Mining/research project/archive\train\Benign\5227.jpg,Benign,0
D:/university/summer 26/Data Mining/research project/archive\train\Malignant\5002.jpg,Malignant,1
D:/university/summer 26/Data Mining/research project/archive\train\Benign\1088.jpg,Benign,0
D:/university/summer 26/Data Mining/research project/archive\train\Malignant\1482.jpg,Malignant,1
D:/university/summer 26/Data Mining/research project/archive\train\Benign\282.jpg,Benign,0
D:/university/summer 26/Data Mining/research project/archive\train\Benign\5299.jpg,Benign,0
D:/university/summer 26/Data Mining/research project/archive\train\Malignant\682.jpg,Malignant,1
D:/university/summer 26/Data Mining/research project/archive\train\Benign\2955.jpg,Benign,0
D:/university/summer 26/Data Mining/research project/archive\train\Malignant\5161.jpg,Malignant,1
D:/university/summer 26/Data Mining/research project/archive\train\Malignant\2690.jpg,Malignant,1
D:/university/summer 26/Data Mining/research project/archive\train\Benign\2306.jpg,Benign,0
D:/university/summer 26/Data Mining/research project/archive\train\Benign\713.jpg,Benign,0
D:/university/summer 26/Data Mining/research project/archive\train\Benign\2917.jpg,Benign,0
D:/university/summer 26/Data Mining/research project/archive\train\Benign\6163.jpg,Benign,0
D:/university/summer 26/Data Mining/research project/archive\train\Malignant\2691.jpg,Malignant,1
D:/university/summer 26/Data Mining/research project/archive\train\Benign\2669.jpg,Benign,0
D:/university/summer 26/Data Mining/research project/archive\train\Malignant\3142.jpg,Malignant,1
D:/university/summer 26/Data Mining/research project/archive\train\Benign\1946.jpg,Benign,0
D:/university/summer 26/Data Mining/research project/archive\train\Benign\2073.jpg,Benign,0
D:/university/summer 26/Data Mining/research project/archive\train\Benign\412.jpg,Benign,0
D:/university/summer 26/Data Mining/research project/archive\train\Malignant\4134.jpg,Malignant,1
D:/university/summer 26/Data Mining/research project/archive\train\Malignant\1302.jpg,Malignant,1
D:/university/summer 26/Data Mining/research project/archive\train\Benign\2621.jpg,Benign,0
D:/university/summer 26/Data Mining/research project/archive\train\Benign\3122.jpg,Benign,0
D:/university/summer 26/Data Mining/research project/archive\train\Malignant\4167.jpg,Malignant,1
D:/university/summer 26/Data Mining/research project/archive\train\Benign\1244.jpg,Benign,0
D:/university/summer 26/Data Mining/research project/archive\train\Malignant\5034.jpg,Malignant,1
D:/university/summer 26/Data Mining/research project/archive\train\Benign\1607.jpg,Benign,0
D:/university/summer 26/Data Mining/research project/archive\train\Benign\3410.jpg,Benign,0
D:/university/summer 26/Data Mining/research project/archive\train\Benign\1494.jpg,Benign,0
D:/university/summer 26/Data Mining/research project/archive\train\Malignant\1340.jpg,Malignant,1
D:/university/summer 26/Data Mining/research project/archive\train\Malignant\5547.jpg,Malignant,1
D:/university/summer 26/Data Mining/research project/archive\train\Benign\2061.jpg,Benign,0
D:/university/summer 26/Data Mining/research project/archive\train\Benign\972.jpg,Benign,0
D:/university/summer 26/Data Mining/research project/archive\train\Malignant\3146.jpg,Malignant,1
D:/university/summer 26/Data Mining/research project/archive\train\Benign\777.jpg,Benign,0
D:/university/summer 26/Data Mining/research project/archive\train\Malignant\3878.jpg,Malignant,1
D:/university/summer 26/Data Mining/research project/archive\train\Malignant\1538.jpg,Malignant,1
D:/university/summer 26/Data Mining/research project/archive\train\Malignant\954.jpg,Malignant,1
D:/university/summer 26/Data Mining/research project/archive\train\Benign\5029.jpg,Benign,0
D:/university/summer 26/Data Mining/research project/archive\train\Benign\3950.jpg,Benign,0
D:/university/summer 26/Data Mining/research project/archive\train\Malignant\3138.jpg,Malignant,1
D:/university/summer 26/Data Mining/research project/archive\train\Benign\1926.jpg,Benign,0
D:/university/summer 26/Data Mining/research project/archive\train\Benign\2524.jpg,Benign,0
D:/university/summer 26/Data Mining/research project/archive\train\Malignant\2585.jpg,Malignant,1
D:/university/summer 26/Data Mining/research project/archive\train\Benign\6240.jpg,Benign,0
D:/university/summer 26/Data Mining/research project/archive\train\Benign\905.jpg,Benign,0
D:/university/summer 26/Data Mining/research project/archive\train\Benign\389.jpg,Benign,0
D:/university/summer 26/Data Mining/research project/archive\train\Benign\6109.jpg,Benign,0
D:/university/summer 26/Data Mining/research project/archive\train\Malignant\2061.jpg,Malignant,1
D:/university/summer 26/Data Mining/research project/archive\train\Malignant\3627.jpg,Malignant,1
D:/university/summer 26/Data Mining/research project/archive\train\Benign\3293.jpg,Benign,0
D:/university/summer 26/Data Mining/research project/archive\train\Benign\5101.jpg,Benign,0
D:/university/summer 26/Data Mining/research project/archive\train\Benign\199.jpg,Benign,0
D:/university/summer 26/Data Mining/research project/archive\train\Benign\1783.jpg,Benign,0
D:/university/summer 26/Data Mining/research project/archive\train\Benign\6213.jpg,Benign,0
D:/university/summer 26/Data Mining/research project/archive\train\Benign\6131.jpg,Benign,0
D:/university/summer 26/Data Mining/research project/archive\train\Benign\2429.jpg,Benign,0
D:/university/summer 26/Data Mining/research project/archive\train\Malignant\4564.jpg,Malignant,1
D:/university/summer 26/Data Mining/research project/archive\train\Benign\5942.jpg,Benign,0
D:/university/summer 26/Data Mining/research project/archive\train\Malignant\3156.jpg,Malignant,1
D:/university/summer 26/Data Mining/research project/archive\train\Benign\4304.jpg,Benign,0
D:/university/summer 26/Data Mining/research project/archive\train\Malignant\2160.jpg,Malignant,1
D:/university/summer 26/Data Mining/research project/archive\train\Malignant\5182.jpg,Malignant,1
D:/university/summer 26/Data Mining/research project/archive\train\Malignant\1365.jpg,Malignant,1
D:/university/summer 26/Data Mining/research project/archive\train\Benign\3443.jpg,Benign,0
D:/university/summer 26/Data Mining/research project/archive\train\Malignant\4337.jpg,Malignant,1
D:/university/summer 26/Data Mining/research project/archive\train\Benign\768.jpg,Benign,0
D:/university/summer 26/Data Mining/research project/archive\train\Benign\4655.jpg,Benign,0
D:/university/summer 26/Data Mining/research project/archive\train\Benign\3799.jpg,Benign,0
D:/university/summer 26/Data Mining/research project/archive\train\Malignant\1188.jpg,Malignant,1
D:/university/summer 26/Data Mining/research project/archive\train\Benign\4925.jpg,Benign,0
D:/university/summer 26/Data Mining/research project/archive\train\Benign\4274.jpg,Benign,0
D:/university/summer 26/Data Mining/research project/archive\train\Malignant\4441.jpg,Malignant,1
D:/university/summer 26/Data Mining/research project/archive\train\Benign\3092.jpg,Benign,0
D:/university/summer 26/Data Mining/research project/archive\train\Benign\27.jpg,Benign,0
D:/university/summer 26/Data Mining/research project/archive\train\Benign\3552.jpg,Benign,0
D:/university/summer 26/Data Mining/research project/archive\train\Benign\5225.jpg,Benign,0
D:/university/summer 26/Data Mining/research project/archive\train\Benign\5824.jpg,Benign,0
D:/university/summer 26/Data Mining/research project/archive\train\Benign\1402.jpg,Benign,0
D:/university/summer 26/Data Mining/research project/archive\train\Benign\462.jpg,Benign,0
D:/university/summer 26/Data Mining/research project/archive\train\Malignant\4869.jpg,Malignant,1
D:/university/summer 26/Data Mining/research project/archive\train\Benign\1779.jpg,Benign,0
D:/university/summer 26/Data Mining/research project/archive\train\Benign\1676.jpg,Benign,0
D:/university/summer 26/Data Mining/research project/archive\train\Malignant\4514.jpg,Malignant,1
D:/university/summer 26/Data Mining/research project/archive\train\Benign\802.jpg,Benign,0
D:/university/summer 26/Data Mining/research project/archive\train\Benign\549.jpg,Benign,0
D:/university/summer 26/Data Mining/research project/archive\train\Malignant\96.jpg,Malignant,1
D:/university/summer 26/Data Mining/research project/archive\train\Benign\5296.jpg,Benign,0
D:/university/summer 26/Data Mining/research project/archive\train\Benign\2652.jpg,Benign,0
D:/university/summer 26/Data Mining/research project/archive\train\Malignant\1013.jpg,Malignant,1
D:/university/summer 26/Data Mining/research project/archive\train\Malignant\4588.jpg,Malignant,1
D:/university/summer 26/Data Mining/research project/archive\train\Malignant\2267.jpg,Malignant,1
D:/university/summer 26/Data Mining/research project/archive\train\Malignant\4100.jpg,Malignant,1
D:/university/summer 26/Data Mining/research project/archive\train\Benign\3274.jpg,Benign,0
D:/university/summer 26/Data Mining/research project/archive\train\Benign\1298.jpg,Benign,0
D:/university/summer 26/Data Mining/research project/archive\train\Benign\2221.jpg,Benign,0
D:/university/summer 26/Data Mining/research project/archive\train\Benign\1655.jpg,Benign,0
D:/university/summer 26/Data Mining/research project/archive\train\Benign\532.jpg,Benign,0
D:/university/summer 26/Data Mining/research project/archive\train\Benign\4333.jpg,Benign,0
D:/university/summer 26/Data Mining/research project/archive\train\Benign\2864.jpg,Benign,0
D:/university/summer 26/Data Mining/research project/archive\train\Benign\5766.jpg,Benign,0
D:/university/summer 26/Data Mining/research project/archive\train\Benign\6271.jpg,Benign,0
D:/university/summer 26/Data Mining/research project/archive\train\Benign\522.jpg,Benign,0
D:/university/summer 26/Data Mining/research project/archive\train\Malignant\627.jpg,Malignant,1
D:/university/summer 26/Data Mining/research project/archive\train\Benign\674.jpg,Benign,0
D:/university/summer 26/Data Mining/research project/archive\train\Benign\2432.jpg,Benign,0
D:/university/summer 26/Data Mining/research project/archive\train\Malignant\3706.jpg,Malignant,1
D:/university/summer 26/Data Mining/research project/archive\train\Benign\5884.jpg,Benign,0
D:/university/summer 26/Data Mining/research project/archive\train\Benign\1476.jpg,Benign,0
D:/university/summer 26/Data Mining/research project/archive\train\Malignant\3811.jpg,Malignant,1
D:/university/summer 26/Data Mining/research project/archive\train\Malignant\3435.jpg,Malignant,1
D:/university/summer 26/Data Mining/research project/archive\train\Malignant\2271.jpg,Malignant,1
D:/university/summer 26/Data Mining/research project/archive\train\Malignant\1086.jpg,Malignant,1
D:/university/summer 26/Data Mining/research project/archive\train\Malignant\4666.jpg,Malignant,1
D:/university/summer 26/Data Mining/research project/archive\train\Malignant\1539.jpg,Malignant,1
D:/university/summer 26/Data Mining/research project/archive\train\Benign\4783.jpg,Benign,0
D:/university/summer 26/Data Mining/research project/archive\train\Benign\3831.jpg,Benign,0
D:/university/summer 26/Data Mining/research project/archive\train\Malignant\5027.jpg,Malignant,1
D:/university/summer 26/Data Mining/research project/archive\train\Malignant\3378.jpg,Malignant,1
D:/university/summer 26/Data Mining/research project/archive\train\Benign\230.jpg,Benign,0
D:/university/summer 26/Data Mining/research project/archive\train\Benign\2157.jpg,Benign,0
D:/university/summer 26/Data Mining/research project/archive\train\Benign\1507.jpg,Benign,0
D:/university/summer 26/Data Mining/research project/archive\train\Malignant\4075.jpg,Malignant,1
D:/university/summer 26/Data Mining/research project/archive\train\Malignant\1946.jpg,Malignant,1
D:/university/summer 26/Data Mining/research project/archive\train\Benign\745.jpg,Benign,0
D:/university/summer 26/Data Mining/research project/archive\train\Benign\3469.jpg,Benign,0
D:/university/summer 26/Data Mining/research project/archive\train\Benign\2358.jpg,Benign,0
D:/university/summer 26/Data Mining/research project/archive\train\Malignant\5458.jpg,Malignant,1
D:/university/summer 26/Data Mining/research project/archive\train\Benign\2235.jpg,Benign,0
D:/university/summer 26/Data Mining/research project/archive\train\Malignant\583.jpg,Malignant,1
D:/university/summer 26/Data Mining/research project/archive\train\Benign\4325.jpg,Benign,0
D:/university/summer 26/Data Mining/research project/archive\train\Benign\3675.jpg,Benign,0
D:/university/summer 26/Data Mining/research project/archive\train\Malignant\604.jpg,Malignant,1
D:/university/summer 26/Data Mining/research project/archive\train\Benign\489.jpg,Benign,0
D:/university/summer 26/Data Mining/research project/archive\train\Benign\2992.jpg,Benign,0
D:/university/summer 26/Data Mining/research project/archive\train\Malignant\4555.jpg,Malignant,1
D:/university/summer 26/Data Mining/research project/archive\train\Malignant\2068.jpg,Malignant,1
D:/university/summer 26/Data Mining/research project/archive\train\Malignant\4074.jpg,Malignant,1
D:/university/summer 26/Data Mining/research project/archive\train\Benign\4888.jpg,Benign,0
D:/university/summer 26/Data Mining/research project/archive\train\Malignant\1303.jpg,Malignant,1
D:/university/summer 26/Data Mining/research project/archive\train\Benign\4206.jpg,Benign,0
D:/university/summer 26/Data Mining/research project/archive\train\Benign\5138.jpg,Benign,0
D:/university/summer 26/Data Mining/research project/archive\train\Malignant\3145.jpg,Malignant,1
D:/university/summer 26/Data Mining/research project/archive\train\Malignant\471.jpg,Malignant,1
D:/university/summer 26/Data Mining/research project/archive\train\Benign\3408.jpg,Benign,0
D:/university/summer 26/Data Mining/research project/archive\train\Benign\1736.jpg,Benign,0
D:/university/summer 26/Data Mining/research project/archive\train\Malignant\2650.jpg,Malignant,1
D:/university/summer 26/Data Mining/research project/archive\train\Benign\3158.jpg,Benign,0
D:/university/summer 26/Data Mining/research project/archive\train\Benign\1413.jpg,Benign,0
D:/university/summer 26/Data Mining/research project/archive\train\Benign\3579.jpg,Benign,0
D:/university/summer 26/Data Mining/research project/archive\train\Benign\4584.jpg,Benign,0
D:/university/summer 26/Data Mining/research project/archive\train\Malignant\5219.jpg,Malignant,1
D:/university/summer 26/Data Mining/research project/archive\train\Benign\3217.jpg,Benign,0
D:/university/summer 26/Data Mining/research project/archive\train\Benign\4788.jpg,Benign,0
D:/university/summer 26/Data Mining/research project/archive\train\Malignant\4259.jpg,Malignant,1
D:/university/summer 26/Data Mining/research project/archive\train\Benign\1920.jpg,Benign,0
D:/university/summer 26/Data Mining/research project/archive\train\Malignant\3463.jpg,Malignant,1
D:/university/summer 26/Data Mining/research project/archive\train\Malignant\5019.jpg,Malignant,1
D:/university/summer 26/Data Mining/research project/archive\train\Benign\1475.jpg,Benign,0
D:/university/summer 26/Data Mining/research project/archive\train\Malignant\4250.jpg,Malignant,1
D:/university/summer 26/Data Mining/research project/archive\train\Malignant\4252.jpg,Malignant,1
D:/university/summer 26/Data Mining/research project/archive\train\Benign\2964.jpg,Benign,0
D:/university/summer 26/Data Mining/research project/archive\train\Malignant\3191.jpg,Malignant,1
D:/university/summer 26/Data Mining/research project/archive\train\Benign\6216.jpg,Benign,0
D:/university/summer 26/Data Mining/research project/archive\train\Malignant\3716.jpg,Malignant,1
D:/university/summer 26/Data Mining/research project/archive\train\Malignant\4906.jpg,Malignant,1
D:/university/summer 26/Data Mining/research project/archive\train\Malignant\3538.jpg,Malignant,1
D:/university/summer 26/Data Mining/research project/archive\train\Malignant\2801.jpg,Malignant,1
D:/university/summer 26/Data Mining/research project/archive\train\Benign\3194.jpg,Benign,0
D:/university/summer 26/Data Mining/research project/archive\train\Malignant\1180.jpg,Malignant,1
D:/university/summer 26/Data Mining/research project/archive\train\Malignant\1467.jpg,Malignant,1
D:/university/summer 26/Data Mining/research project/archive\train\Malignant\3104.jpg,Malignant,1
D:/university/summer 26/Data Mining/research project/archive\train\Benign\3016.jpg,Benign,0
D:/university/summer 26/Data Mining/research project/archive\train\Malignant\2229.jpg,Malignant,1
D:/university/summer 26/Data Mining/research project/archive\train\Malignant\657.jpg,Malignant,1
D:/university/summer 26/Data Mining/research project/archive\train\Malignant\3165.jpg,Malignant,1
D:/university/summer 26/Data Mining/research project/archive\train\Malignant\1421.jpg,Malignant,1
D:/university/summer 26/Data Mining/research project/archive\train\Malignant\2515.jpg,Malignant,1
D:/university/summer 26/Data Mining/research project/archive\train\Malignant\1669.jpg,Malignant,1
D:/university/summer 26/Data Mining/research project/archive\train\Malignant\4912.jpg,Malignant,1
D:/university/summer 26/Data Mining/research project/archive\train\Malignant\821.jpg,Malignant,1
D:/university/summer 26/Data Mining/research project/archive\train\Malignant\5384.jpg,Malignant,1
D:/university/summer 26/Data Mining/research project/archive\train\Malignant\4723.jpg,Malignant,1
D:/university/summer 26/Data Mining/research project/archive\train\Benign\4190.jpg,Benign,0
D:/university/summer 26/Data Mining/research project/archive\train\Benign\98.jpg,Benign,0
D:/university/summer 26/Data Mining/research project/archive\train\Benign\280.jpg,Benign,0
D:/university/summer 26/Data Mining/research project/archive\train\Malignant\5069.jpg,Malignant,1
D:/university/summer 26/Data Mining/research project/archive\train\Benign\3328.jpg,Benign,0
D:/university/summer 26/Data Mining/research project/archive\train\Benign\3059.jpg,Benign,0
D:/university/summer 26/Data Mining/research project/archive\train\Malignant\2414.jpg,Malignant,1
D:/university/summer 26/Data Mining/research project/archive\train\Malignant\1695.jpg,Malignant,1
D:/university/summer 26/Data Mining/research project/archive\train\Malignant\1964.jpg,Malignant,1
D:/university/summer 26/Data Mining/research project/archive\train\Malignant\4340.jpg,Malignant,1
D:/university/summer 26/Data Mining/research project/archive\train\Benign\1772.jpg,Benign,0
D:/university/summer 26/Data Mining/research project/archive\train\Malignant\2487.jpg,Malignant,1
D:/university/summer 26/Data Mining/research project/archive\train\Benign\5790.jpg,Benign,0
D:/university/summer 26/Data Mining/research project/archive\train\Benign\2133.jpg,Benign,0
D:/university/summer 26/Data Mining/research project/archive\train\Benign\2860.jpg,Benign,0
D:/university/summer 26/Data Mining/research project/archive\train\Benign\358.jpg,Benign,0
D:/university/summer 26/Data Mining/research project/archive\train\Benign\3895.jpg,Benign,0
D:/university/summer 26/Data Mining/research project/archive\train\Benign\3822.jpg,Benign,0
D:/university/summer 26/Data Mining/research project/archive\train\Benign\1039.jpg,Benign,0
D:/university/summer 26/Data Mining/research project/archive\train\Malignant\2008.jpg,Malignant,1
D:/university/summer 26/Data Mining/research project/archive\train\Benign\755.jpg,Benign,0
D:/university/summer 26/Data Mining/research project/archive\train\Malignant\2826.jpg,Malignant,1
D:/university/summer 26/Data Mining/research project/archive\train\Benign\5321.jpg,Benign,0
D:/university/summer 26/Data Mining/research project/archive\train\Malignant\3684.jpg,Malignant,1
D:/university/summer 26/Data Mining/research project/archive\train\Malignant\5506.jpg,Malignant,1
D:/university/summer 26/Data Mining/research project/archive\train\Malignant\4316.jpg,Malignant,1
D:/university/summer 26/Data Mining/research project/archive\train\Malignant\5559.jpg,Malignant,1
D:/university/summer 26/Data Mining/research project/archive\train\Malignant\5568.jpg,Malignant,1
D:/university/summer 26/Data Mining/research project/archive\train\Malignant\271.jpg,Malignant,1
D:/university/summer 26/Data Mining/research project/archive\train\Benign\550.jpg,Benign,0
D:/university/summer 26/Data Mining/research project/archive\train\Malignant\874.jpg,Malignant,1
D:/university/summer 26/Data Mining/research project/archive\train\Malignant\3179.jpg,Malignant,1
D:/university/summer 26/Data Mining/research project/archive\train\Benign\1461.jpg,Benign,0
D:/university/summer 26/Data Mining/research project/archive\train\Benign\1151.jpg,Benign,0
D:/university/summer 26/Data Mining/research project/archive\train\Malignant\2077.jpg,Malignant,1
D:/university/summer 26/Data Mining/research project/archive\train\Malignant\4996.jpg,Malignant,1
D:/university/summer 26/Data Mining/research project/archive\train\Benign\3951.jpg,Benign,0
D:/university/summer 26/Data Mining/research project/archive\train\Malignant\264.jpg,Malignant,1
D:/university/summer 26/Data Mining/research project/archive\train\Benign\59.jpg,Benign,0
D:/university/summer 26/Data Mining/research project/archive\train\Benign\2090.jpg,Benign,0
D:/university/summer 26/Data Mining/research project/archive\train\Benign\61.jpg,Benign,0
D:/university/summer 26/Data Mining/research project/archive\train\Benign\486.jpg,Benign,0
D:/university/summer 26/Data Mining/research project/archive\train\Benign\2645.jpg,Benign,0
D:/university/summer 26/Data Mining/research project/archive\train\Benign\4527.jpg,Benign,0
D:/university/summer 26/Data Mining/research project/archive\train\Benign\3706.jpg,Benign,0
D:/university/summer 26/Data Mining/research project/archive\train\Benign\2159.jpg,Benign,0
D:/university/summer 26/Data Mining/research project/archive\train\Malignant\4391.jpg,Malignant,1
D:/university/summer 26/Data Mining/research project/archive\train\Malignant\658.jpg,Malignant,1
D:/university/summer 26/Data Mining/research project/archive\train\Malignant\416.jpg,Malignant,1
D:/university/summer 26/Data Mining/research project/archive\train\Malignant\4527.jpg,Malignant,1
D:/university/summer 26/Data Mining/research project/archive\train\Malignant\558.jpg,Malignant,1
D:/university/summer 26/Data Mining/research project/archive\train\Malignant\5377.jpg,Malignant,1
D:/university/summer 26/Data Mining/research project/archive\train\Benign\234.jpg,Benign,0
D:/university/summer 26/Data Mining/research project/archive\train\Benign\3927.jpg,Benign,0
D:/university/summer 26/Data Mining/research project/archive\train\Malignant\3607.jpg,Malignant,1
D:/university/summer 26/Data Mining/research project/archive\train\Benign\1224.jpg,Benign,0
D:/university/summer 26/Data Mining/research project/archive\train\Malignant\2667.jpg,Malignant,1
D:/university/summer 26/Data Mining/research project/archive\train\Benign\1192.jpg,Benign,0
D:/university/summer 26/Data Mining/research project/archive\train\Benign\2507.jpg,Benign,0
D:/university/summer 26/Data Mining/research project/archive\train\Malignant\4383.jpg,Malignant,1
D:/university/summer 26/Data Mining/research project/archive\train\Benign\4475.jpg,Benign,0
D:/university/summer 26/Data Mining/research project/archive\train\Benign\2445.jpg,Benign,0
D:/university/summer 26/Data Mining/research project/archive\train\Malignant\641.jpg,Malignant,1
D:/university/summer 26/Data Mining/research project/archive\train\Benign\5348.jpg,Benign,0
D:/university/summer 26/Data Mining/research project/archive\train\Malignant\2916.jpg,Malignant,1
D:/university/summer 26/Data Mining/research project/archive\train\Benign\574.jpg,Benign,0
D:/university/summer 26/Data Mining/research project/archive\train\Malignant\3795.jpg,Malignant,1
D:/university/summer 26/Data Mining/research project/archive\train\Malignant\3898.jpg,Malignant,1
D:/university/summer 26/Data Mining/research project/archive\train\Malignant\54.jpg,Malignant,1
D:/university/summer 26/Data Mining/research project/archive\train\Benign\5799.jpg,Benign,0
D:/university/summer 26/Data Mining/research project/archive\train\Malignant\2791.jpg,Malignant,1
D:/university/summer 26/Data Mining/research project/archive\train\Malignant\594.jpg,Malignant,1
D:/university/summer 26/Data Mining/research project/archive\train\Benign\2332.jpg,Benign,0
D:/university/summer 26/Data Mining/research project/archive\train\Malignant\4829.jpg,Malignant,1
D:/university/summer 26/Data Mining/research project/archive\train\Malignant\277.jpg,Malignant,1
D:/university/summer 26/Data Mining/research project/archive\train\Malignant\2904.jpg,Malignant,1
D:/university/summer 26/Data Mining/research project/archive\train\Malignant\3791.jpg,Malignant,1
D:/university/summer 26/Data Mining/research project/archive\train\Malignant\5263.jpg,Malignant,1
D:/university/summer 26/Data Mining/research project/archive\train\Malignant\3696.jpg,Malignant,1
D:/university/summer 26/Data Mining/research project/archive\train\Malignant\128.jpg,Malignant,1
D:/university/summer 26/Data Mining/research project/archive\train\Benign\5347.jpg,Benign,0
D:/university/summer 26/Data Mining/research project/archive\train\Malignant\5245.jpg,Malignant,1
D:/university/summer 26/Data Mining/research project/archive\train\Malignant\1456.jpg,Malignant,1
D:/university/summer 26/Data Mining/research project/archive\train\Malignant\3790.jpg,Malignant,1
D:/university/summer 26/Data Mining/research project/archive\train\Benign\3197.jpg,Benign,0
D:/university/summer 26/Data Mining/research project/archive\train\Benign\5529.jpg,Benign,0
D:/university/summer 26/Data Mining/research project/archive\train\Benign\1240.jpg,Benign,0
D:/university/summer 26/Data Mining/research project/archive\train\Benign\2957.jpg,Benign,0
D:/university/summer 26/Data Mining/research project/archive\train\Malignant\4640.jpg,Malignant,1
D:/university/summer 26/Data Mining/research project/archive\train\Benign\5409.jpg,Benign,0
D:/university/summer 26/Data Mining/research project/archive\train\Malignant\4930.jpg,Malignant,1
D:/university/summer 26/Data Mining/research project/archive\train\Malignant\4452.jpg,Malignant,1
D:/university/summer 26/Data Mining/research project/archive\train\Benign\2933.jpg,Benign,0
D:/university/summer 26/Data Mining/research project/archive\train\Benign\791.jpg,Benign,0
D:/university/summer 26/Data Mining/research project/archive\train\Malignant\3130.jpg,Malignant,1
D:/university/summer 26/Data Mining/research project/archive\train\Benign\4149.jpg,Benign,0
D:/university/summer 26/Data Mining/research project/archive\train\Malignant\676.jpg,Malignant,1
D:/university/summer 26/Data Mining/research project/archive\train\Benign\1405.jpg,Benign,0
D:/university/summer 26/Data Mining/research project/archive\train\Benign\6252.jpg,Benign,0
D:/university/summer 26/Data Mining/research project/archive\train\Benign\5949.jpg,Benign,0
D:/university/summer 26/Data Mining/research project/archive\train\Malignant\2581.jpg,Malignant,1
D:/university/summer 26/Data Mining/research project/archive\train\Benign\6075.jpg,Benign,0
D:/university/summer 26/Data Mining/research project/archive\train\Benign\2341.jpg,Benign,0
D:/university/summer 26/Data Mining/research project/archive\train\Malignant\2687.jpg,Malignant,1
D:/university/summer 26/Data Mining/research project/archive\train\Malignant\209.jpg,Malignant,1
D:/university/summer 26/Data Mining/research project/archive\train\Benign\4866.jpg,Benign,0
D:/university/summer 26/Data Mining/research project/archive\train\Malignant\559.jpg,Malignant,1
D:/university/summer 26/Data Mining/research project/archive\train\Benign\5688.jpg,Benign,0
D:/university/summer 26/Data Mining/research project/archive\train\Malignant\2057.jpg,Malignant,1
D:/university/summer 26/Data Mining/research project/archive\train\Benign\6289.jpg,Benign,0
D:/university/summer 26/Data Mining/research project/archive\train\Malignant\717.jpg,Malignant,1
D:/university/summer 26/Data Mining/research project/archive\train\Benign\6212.jpg,Benign,0
D:/university/summer 26/Data Mining/research project/archive\train\Malignant\2103.jpg,Malignant,1
D:/university/summer 26/Data Mining/research project/archive\train\Malignant\3932.jpg,Malignant,1
D:/university/summer 26/Data Mining/research project/archive\train\Malignant\5237.jpg,Malignant,1
D:/university/summer 26/Data Mining/research project/archive\train\Malignant\394.jpg,Malignant,1
D:/university/summer 26/Data Mining/research project/archive\train\Benign\1198.jpg,Benign,0
D:/university/summer 26/Data Mining/research project/archive\train\Malignant\2991.jpg,Malignant,1
D:/university/summer 26/Data Mining/research project/archive\train\Benign\4547.jpg,Benign,0
D:/university/summer 26/Data Mining/research project/archive\train\Benign\1843.jpg,Benign,0
D:/university/summer 26/Data Mining/research project/archive\train\Malignant\1680.jpg,Malignant,1
D:/university/summer 26/Data Mining/research project/archive\train\Benign\3467.jpg,Benign,0
D:/university/summer 26/Data Mining/research project/archive\train\Benign\91.jpg,Benign,0
D:/university/summer 26/Data Mining/research project/archive\train\Benign\916.jpg,Benign,0
D:/university/summer 26/Data Mining/research project/archive\train\Benign\1117.jpg,Benign,0
D:/university/summer 26/Data Mining/research project/archive\train\Benign\5919.jpg,Benign,0
D:/university/summer 26/Data Mining/research project/archive\train\Malignant\1081.jpg,Malignant,1
D:/university/summer 26/Data Mining/research project/archive\train\Benign\4887.jpg,Benign,0
D:/university/summer 26/Data Mining/research project/archive\train\Benign\2615.jpg,Benign,0
D:/university/summer 26/Data Mining/research project/archive\train\Malignant\2911.jpg,Malignant,1
D:/university/summer 26/Data Mining/research project/archive\train\Benign\3039.jpg,Benign,0
D:/university/summer 26/Data Mining/research project/archive\train\Malignant\5037.jpg,Malignant,1
D:/university/summer 26/Data Mining/research project/archive\train\Benign\4047.jpg,Benign,0
D:/university/summer 26/Data Mining/research project/archive\train\Malignant\3397.jpg,Malignant,1
D:/university/summer 26/Data Mining/research project/archive\train\Benign\1443.jpg,Benign,0
D:/university/summer 26/Data Mining/research project/archive\train\Malignant\5209.jpg,Malignant,1
D:/university/summer 26/Data Mining/research project/archive\train\Benign\3881.jpg,Benign,0
D:/university/summer 26/Data Mining/research project/archive\train\Benign\5353.jpg,Benign,0
D:/university/summer 26/Data Mining/research project/archive\train\Malignant\4209.jpg,Malignant,1
D:/university/summer 26/Data Mining/research project/archive\train\Malignant\4901.jpg,Malignant,1
D:/university/summer 26/Data Mining/research project/archive\train\Malignant\3004.jpg,Malignant,1
D:/university/summer 26/Data Mining/research project/archive\train\Malignant\5190.jpg,Malignant,1
D:/university/summer 26/Data Mining/research project/archive\train\Malignant\5526.jpg,Malignant,1
D:/university/summer 26/Data Mining/research project/archive\train\Malignant\2151.jpg,Malignant,1
D:/university/summer 26/Data Mining/research project/archive\train\Malignant\5301.jpg,Malignant,1
D:/university/summer 26/Data Mining/research project/archive\train\Benign\4389.jpg,Benign,0
D:/university/summer 26/Data Mining/research project/archive\train\Malignant\4558.jpg,Malignant,1
D:/university/summer 26/Data Mining/research project/archive\train\Malignant\1629.jpg,Malignant,1
D:/university/summer 26/Data Mining/research project/archive\train\Benign\1738.jpg,Benign,0
D:/university/summer 26/Data Mining/research project/archive\train\Malignant\1797.jpg,Malignant,1
D:/university/summer 26/Data Mining/research project/archive\train\Malignant\4118.jpg,Malignant,1
D:/university/summer 26/Data Mining/research project/archive\train\Benign\4522.jpg,Benign,0
D:/university/summer 26/Data Mining/research project/archive\train\Malignant\53.jpg,Malignant,1
D:/university/summer 26/Data Mining/research project/archive\train\Malignant\4121.jpg,Malignant,1
D:/university/summer 26/Data Mining/research project/archive\train\Malignant\50.jpg,Malignant,1
D:/university/summer 26/Data Mining/research project/archive\train\Malignant\2204.jpg,Malignant,1
D:/university/summer 26/Data Mining/research project/archive\train\Benign\5370.jpg,Benign,0
D:/university/summer 26/Data Mining/research project/archive\train\Benign\455.jpg,Benign,0
D:/university/summer 26/Data Mining/research project/archive\train\Malignant\5108.jpg,Malignant,1
D:/university/summer 26/Data Mining/research project/archive\train\Malignant\1664.jpg,Malignant,1
D:/university/summer 26/Data Mining/research project/archive\train\Benign\5508.jpg,Benign,0
D:/university/summer 26/Data Mining/research project/archive\train\Malignant\5390.jpg,Malignant,1
D:/university/summer 26/Data Mining/research project/archive\train\Benign\1403.jpg,Benign,0
D:/university/summer 26/Data Mining/research project/archive\train\Benign\125.jpg,Benign,0
D:/university/summer 26/Data Mining/research project/archive\train\Benign\3190.jpg,Benign,0
D:/university/summer 26/Data Mining/research project/archive\train\Malignant\4821.jpg,Malignant,1
D:/university/summer 26/Data Mining/research project/archive\train\Malignant\712.jpg,Malignant,1
D:/university/summer 26/Data Mining/research project/archive\train\Benign\704.jpg,Benign,0
D:/university/summer 26/Data Mining/research project/archive\train\Benign\2279.jpg,Benign,0
D:/university/summer 26/Data Mining/research project/archive\train\Benign\1276.jpg,Benign,0
D:/university/summer 26/Data Mining/research project/archive\train\Benign\2506.jpg,Benign,0
D:/university/summer 26/Data Mining/research project/archive\train\Benign\5100.jpg,Benign,0
D:/university/summer 26/Data Mining/research project/archive\train\Benign\5006.jpg,Benign,0
D:/university/summer 26/Data Mining/research project/archive\train\Malignant\219.jpg,Malignant,1
D:/university/summer 26/Data Mining/research project/archive\train\Benign\4322.jpg,Benign,0
D:/university/summer 26/Data Mining/research project/archive\train\Malignant\2435.jpg,Malignant,1
D:/university/summer 26/Data Mining/research project/archive\train\Benign\3563.jpg,Benign,0
D:/university/summer 26/Data Mining/research project/archive\train\Benign\216.jpg,Benign,0
D:/university/summer 26/Data Mining/research project/archive\train\Malignant\2775.jpg,Malignant,1
D:/university/summer 26/Data Mining/research project/archive\train\Benign\4466.jpg,Benign,0
D:/university/summer 26/Data Mining/research project/archive\train\Malignant\2573.jpg,Malignant,1
D:/university/summer 26/Data Mining/research project/archive\train\Benign\4840.jpg,Benign,0
D:/university/summer 26/Data Mining/research project/archive\train\Benign\3558.jpg,Benign,0
D:/university/summer 26/Data Mining/research project/archive\train\Malignant\840.jpg,Malignant,1
D:/university/summer 26/Data Mining/research project/archive\train\Benign\753.jpg,Benign,0
D:/university/summer 26/Data Mining/research project/archive\train\Benign\5545.jpg,Benign,0
D:/university/summer 26/Data Mining/research project/archive\train\Malignant\3789.jpg,Malignant,1
D:/university/summer 26/Data Mining/research project/archive\train\Malignant\4114.jpg,Malignant,1
D:/university/summer 26/Data Mining/research project/archive\train\Malignant\5313.jpg,Malignant,1
D:/university/summer 26/Data Mining/research project/archive\train\Malignant\2348.jpg,Malignant,1
D:/university/summer 26/Data Mining/research project/archive\train\Benign\1351.jpg,Benign,0
D:/university/summer 26/Data Mining/research project/archive\train\Benign\2959.jpg,Benign,0
D:/university/summer 26/Data Mining/research project/archive\train\Benign\1155.jpg,Benign,0
D:/university/summer 26/Data Mining/research project/archive\train\Benign\2296.jpg,Benign,0
D:/university/summer 26/Data Mining/research project/archive\train\Malignant\1723.jpg,Malignant,1
D:/university/summer 26/Data Mining/research project/archive\train\Benign\1629.jpg,Benign,0
D:/university/summer 26/Data Mining/research project/archive\train\Benign\213.jpg,Benign,0
D:/university/summer 26/Data Mining/research project/archive\train\Malignant\1753.jpg,Malignant,1
D:/university/summer 26/Data Mining/research project/archive\train\Malignant\3664.jpg,Malignant,1
D:/university/summer 26/Data Mining/research project/archive\train\Benign\75.jpg,Benign,0
D:/university/summer 26/Data Mining/research project/archive\train\Malignant\4596.jpg,Malignant,1
D:/university/summer 26/Data Mining/research project/archive\train\Malignant\5091.jpg,Malignant,1
D:/university/summer 26/Data Mining/research project/archive\train\Benign\4412.jpg,Benign,0
D:/university/summer 26/Data Mining/research project/archive\train\Benign\5388.jpg,Benign,0
D:/university/summer 26/Data Mining/research project/archive\train\Benign\646.jpg,Benign,0
D:/university/summer 26/Data Mining/research project/archive\train\Benign\1389.jpg,Benign,0
D:/university/summer 26/Data Mining/research project/archive\train\Malignant\1426.jpg,Malignant,1
D:/university/summer 26/Data Mining/research project/archive\train\Benign\2483.jpg,Benign,0
D:/university/summer 26/Data Mining/research project/archive\train\Benign\3999.jpg,Benign,0
D:/university/summer 26/Data Mining/research project/archive\train\Benign\1899.jpg,Benign,0
D:/university/summer 26/Data Mining/research project/archive\train\Malignant\1150.jpg,Malignant,1
D:/university/summer 26/Data Mining/research project/archive\train\Benign\4573.jpg,Benign,0
D:/university/summer 26/Data Mining/research project/archive\train\Benign\2751.jpg,Benign,0
D:/university/summer 26/Data Mining/research project/archive\train\Benign\581.jpg,Benign,0
D:/university/summer 26/Data Mining/research project/archive\train\Benign\3571.jpg,Benign,0
D:/university/summer 26/Data Mining/research project/archive\train\Benign\4166.jpg,Benign,0
D:/university/summer 26/Data Mining/research project/archive\train\Malignant\245.jpg,Malignant,1
D:/university/summer 26/Data Mining/research project/archive\train\Benign\5707.jpg,Benign,0
D:/university/summer 26/Data Mining/research project/archive\train\Malignant\2973.jpg,Malignant,1
D:/university/summer 26/Data Mining/research project/archive\train\Malignant\1774.jpg,Malignant,1
D:/university/summer 26/Data Mining/research project/archive\train\Malignant\4612.jpg,Malignant,1
D:/university/summer 26/Data Mining/research project/archive\train\Malignant\770.jpg,Malignant,1
D:/university/summer 26/Data Mining/research project/archive\train\Malignant\4489.jpg,Malignant,1
D:/university/summer 26/Data Mining/research project/archive\train\Malignant\2349.jpg,Malignant,1
D:/university/summer 26/Data Mining/research project/archive\train\Malignant\1030.jpg,Malignant,1
D:/university/summer 26/Data Mining/research project/archive\train\Malignant\1268.jpg,Malignant,1
D:/university/summer 26/Data Mining/research project/archive\train\Malignant\243.jpg,Malignant,1
D:/university/summer 26/Data Mining/research project/archive\train\Benign\4110.jpg,Benign,0
D:/university/summer 26/Data Mining/research project/archive\train\Benign\3632.jpg,Benign,0
D:/university/summer 26/Data Mining/research project/archive\train\Malignant\2924.jpg,Malignant,1
D:/university/summer 26/Data Mining/research project/archive\train\Benign\2260.jpg,Benign,0
D:/university/summer 26/Data Mining/research project/archive\train\Benign\857.jpg,Benign,0
D:/university/summer 26/Data Mining/research project/archive\train\Benign\4178.jpg,Benign,0
D:/university/summer 26/Data Mining/research project/archive\train\Benign\805.jpg,Benign,0
D:/university/summer 26/Data Mining/research project/archive\train\Malignant\5001.jpg,Malignant,1
D:/university/summer 26/Data Mining/research project/archive\train\Benign\6124.jpg,Benign,0
D:/university/summer 26/Data Mining/research project/archive\train\Malignant\328.jpg,Malignant,1
D:/university/summer 26/Data Mining/research project/archive\train\Benign\6031.jpg,Benign,0
D:/university/summer 26/Data Mining/research project/archive\train\Benign\6244.jpg,Benign,0
D:/university/summer 26/Data Mining/research project/archive\train\Malignant\481.jpg,Malignant,1
D:/university/summer 26/Data Mining/research project/archive\train\Benign\2674.jpg,Benign,0
D:/university/summer 26/Data Mining/research project/archive\train\Malignant\4844.jpg,Malignant,1
D:/university/summer 26/Data Mining/research project/archive\train\Malignant\1857.jpg,Malignant,1
D:/university/summer 26/Data Mining/research project/archive\train\Benign\3347.jpg,Benign,0
D:/university/summer 26/Data Mining/research project/archive\train\Malignant\589.jpg,Malignant,1
D:/university/summer 26/Data Mining/research project/archive\train\Malignant\1864.jpg,Malignant,1
D:/university/summer 26/Data Mining/research project/archive\train\Malignant\1488.jpg,Malignant,1
D:/university/summer 26/Data Mining/research project/archive\train\Malignant\2994.jpg,Malignant,1
D:/university/summer 26/Data Mining/research project/archive\train\Benign\2371.jpg,Benign,0
D:/university/summer 26/Data Mining/research project/archive\train\Malignant\2947.jpg,Malignant,1
D:/university/summer 26/Data Mining/research project/archive\train\Benign\4632.jpg,Benign,0
D:/university/summer 26/Data Mining/research project/archive\train\Benign\1847.jpg,Benign,0
D:/university/summer 26/Data Mining/research project/archive\train\Benign\6065.jpg,Benign,0
D:/university/summer 26/Data Mining/research project/archive\train\Malignant\927.jpg,Malignant,1
D:/university/summer 26/Data Mining/research project/archive\train\Benign\2420.jpg,Benign,0
D:/university/summer 26/Data Mining/research project/archive\train\Malignant\1725.jpg,Malignant,1
D:/university/summer 26/Data Mining/research project/archive\train\Malignant\2513.jpg,Malignant,1
D:/university/summer 26/Data Mining/research project/archive\train\Malignant\4247.jpg,Malignant,1
D:/university/summer 26/Data Mining/research project/archive\train\Malignant\4432.jpg,Malignant,1
D:/university/summer 26/Data Mining/research project/archive\train\Malignant\3814.jpg,Malignant,1
D:/university/summer 26/Data Mining/research project/archive\train\Malignant\3972.jpg,Malignant,1
D:/university/summer 26/Data Mining/research project/archive\train\Malignant\1515.jpg,Malignant,1
D:/university/summer 26/Data Mining/research project/archive\train\Malignant\2237.jpg,Malignant,1
D:/university/summer 26/Data Mining/research project/archive\train\Malignant\4214.jpg,Malignant,1
D:/university/summer 26/Data Mining/research project/archive\train\Malignant\4669.jpg,Malignant,1
D:/university/summer 26/Data Mining/research project/archive\train\Malignant\3714.jpg,Malignant,1
D:/university/summer 26/Data Mining/research project/archive\train\Malignant\3110.jpg,Malignant,1
D:/university/summer 26/Data Mining/research project/archive\train\Malignant\3359.jpg,Malignant,1
D:/university/summer 26/Data Mining/research project/archive\train\Benign\2180.jpg,Benign,0
D:/university/summer 26/Data Mining/research project/archive\train\Malignant\2407.jpg,Malignant,1
D:/university/summer 26/Data Mining/research project/archive\train\Malignant\3078.jpg,Malignant,1
D:/university/summer 26/Data Mining/research project/archive\train\Benign\5008.jpg,Benign,0
D:/university/summer 26/Data Mining/research project/archive\train\Malignant\1128.jpg,Malignant,1
D:/university/summer 26/Data Mining/research project/archive\train\Benign\3374.jpg,Benign,0
D:/university/summer 26/Data Mining/research project/archive\train\Benign\2143.jpg,Benign,0
D:/university/summer 26/Data Mining/research project/archive\train\Malignant\5229.jpg,Malignant,1
D:/university/summer 26/Data Mining/research project/archive\train\Benign\2975.jpg,Benign,0
D:/university/summer 26/Data Mining/research project/archive\train\Benign\2934.jpg,Benign,0
D:/university/summer 26/Data Mining/research project/archive\train\Benign\3010.jpg,Benign,0
D:/university/summer 26/Data Mining/research project/archive\train\Benign\5498.jpg,Benign,0
D:/university/summer 26/Data Mining/research project/archive\train\Benign\5564.jpg,Benign,0
D:/university/summer 26/Data Mining/research project/archive\train\Benign\2694.jpg,Benign,0
D:/university/summer 26/Data Mining/research project/archive\train\Benign\1388.jpg,Benign,0
D:/university/summer 26/Data Mining/research project/archive\train\Benign\3061.jpg,Benign,0
D:/university/summer 26/Data Mining/research project/archive\train\Malignant\5132.jpg,Malignant,1
D:/university/summer 26/Data Mining/research project/archive\train\Malignant\3638.jpg,Malignant,1
D:/university/summer 26/Data Mining/research project/archive\train\Malignant\2337.jpg,Malignant,1
D:/university/summer 26/Data Mining/research project/archive\train\Benign\1190.jpg,Benign,0
D:/university/summer 26/Data Mining/research project/archive\train\Benign\1273.jpg,Benign,0
D:/university/summer 26/Data Mining/research project/archive\train\Malignant\4027.jpg,Malignant,1
D:/university/summer 26/Data Mining/research project/archive\train\Benign\724.jpg,Benign,0
D:/university/summer 26/Data Mining/research project/archive\train\Benign\3867.jpg,Benign,0
D:/university/summer 26/Data Mining/research project/archive\train\Malignant\5009.jpg,Malignant,1
D:/university/summer 26/Data Mining/research project/archive\train\Benign\1543.jpg,Benign,0
D:/university/summer 26/Data Mining/research project/archive\train\Malignant\899.jpg,Malignant,1
D:/university/summer 26/Data Mining/research project/archive\train\Malignant\708.jpg,Malignant,1
D:/university/summer 26/Data Mining/research project/archive\train\Malignant\2619.jpg,Malignant,1
D:/university/summer 26/Data Mining/research project/archive\train\Benign\5239.jpg,Benign,0
D:/university/summer 26/Data Mining/research project/archive\train\Malignant\1158.jpg,Malignant,1
D:/university/summer 26/Data Mining/research project/archive\train\Malignant\3799.jpg,Malignant,1
D:/university/summer 26/Data Mining/research project/archive\train\Malignant\4880.jpg,Malignant,1
D:/university/summer 26/Data Mining/research project/archive\train\Malignant\1089.jpg,Malignant,1
D:/university/summer 26/Data Mining/research project/archive\train\Malignant\2377.jpg,Malignant,1
D:/university/summer 26/Data Mining/research project/archive\train\Benign\4461.jpg,Benign,0
D:/university/summer 26/Data Mining/research project/archive\train\Malignant\1732.jpg,Malignant,1
D:/university/summer 26/Data Mining/research project/archive\train\Benign\1984.jpg,Benign,0
D:/university/summer 26/Data Mining/research project/archive\train\Benign\6201.jpg,Benign,0
D:/university/summer 26/Data Mining/research project/archive\train\Malignant\4172.jpg,Malignant,1
D:/university/summer 26/Data Mining/research project/archive\train\Malignant\3685.jpg,Malignant,1
D:/university/summer 26/Data Mining/research project/archive\train\Benign\482.jpg,Benign,0
D:/university/summer 26/Data Mining/research project/archive\train\Benign\871.jpg,Benign,0
D:/university/summer 26/Data Mining/research project/archive\train\Malignant\3659.jpg,Malignant,1
D:/university/summer 26/Data Mining/research project/archive\train\Benign\5538.jpg,Benign,0
D:/university/summer 26/Data Mining/research project/archive\train\Benign\4779.jpg,Benign,0
D:/university/summer 26/Data Mining/research project/archive\train\Malignant\1392.jpg,Malignant,1
D:/university/summer 26/Data Mining/research project/archive\train\Malignant\5199.jpg,Malignant,1
D:/university/summer 26/Data Mining/research project/archive\train\Benign\2639.jpg,Benign,0
D:/university/summer 26/Data Mining/research project/archive\train\Benign\4874.jpg,Benign,0
D:/university/summer 26/Data Mining/research project/archive\train\Malignant\2032.jpg,Malignant,1
D:/university/summer 26/Data Mining/research project/archive\train\Benign\246.jpg,Benign,0
D:/university/summer 26/Data Mining/research project/archive\train\Benign\126.jpg,Benign,0
D:/university/summer 26/Data Mining/research project/archive\train\Benign\4213.jpg,Benign,0
D:/university/summer 26/Data Mining/research project/archive\train\Benign\942.jpg,Benign,0
D:/university/summer 26/Data Mining/research project/archive\train\Benign\225.jpg,Benign,0
D:/university/summer 26/Data Mining/research project/archive\train\Benign\5785.jpg,Benign,0
D:/university/summer 26/Data Mining/research project/archive\train\Malignant\4127.jpg,Malignant,1
D:/university/summer 26/Data Mining/research project/archive\train\Benign\1940.jpg,Benign,0
D:/university/summer 26/Data Mining/research project/archive\train\Benign\2274.jpg,Benign,0
D:/university/summer 26/Data Mining/research project/archive\train\Benign\3755.jpg,Benign,0
D:/university/summer 26/Data Mining/research project/archive\train\Benign\524.jpg,Benign,0
D:/university/summer 26/Data Mining/research project/archive\train\Malignant\3482.jpg,Malignant,1
D:/university/summer 26/Data Mining/research project/archive\train\Malignant\4609.jpg,Malignant,1
D:/university/summer 26/Data Mining/research project/archive\train\Malignant\1740.jpg,Malignant,1
D:/university/summer 26/Data Mining/research project/archive\train\Benign\1372.jpg,Benign,0
D:/university/summer 26/Data Mining/research project/archive\train\Malignant\177.jpg,Malignant,1
D:/university/summer 26/Data Mining/research project/archive\train\Benign\1370.jpg,Benign,0
D:/university/summer 26/Data Mining/research project/archive\train\Benign\3181.jpg,Benign,0
D:/university/summer 26/Data Mining/research project/archive\train\Malignant\1874.jpg,Malignant,1
D:/university/summer 26/Data Mining/research project/archive\train\Benign\4544.jpg,Benign,0
D:/university/summer 26/Data Mining/research project/archive\train\Benign\3979.jpg,Benign,0
D:/university/summer 26/Data Mining/research project/archive\train\Malignant\2733.jpg,Malignant,1
D:/university/summer 26/Data Mining/research project/archive\train\Benign\2393.jpg,Benign,0
D:/university/summer 26/Data Mining/research project/archive\train\Benign\2908.jpg,Benign,0
D:/university/summer 26/Data Mining/research project/archive\train\Benign\1400.jpg,Benign,0
D:/university/summer 26/Data Mining/research project/archive\train\Malignant\3147.jpg,Malignant,1
D:/university/summer 26/Data Mining/research project/archive\train\Benign\5891.jpg,Benign,0
D:/university/summer 26/Data Mining/research project/archive\train\Benign\312.jpg,Benign,0
D:/university/summer 26/Data Mining/research project/archive\train\Benign\845.jpg,Benign,0
D:/university/summer 26/Data Mining/research project/archive\train\Malignant\661.jpg,Malignant,1
D:/university/summer 26/Data Mining/research project/archive\train\Benign\967.jpg,Benign,0
D:/university/summer 26/Data Mining/research project/archive\train\Benign\2304.jpg,Benign,0
D:/university/summer 26/Data Mining/research project/archive\train\Benign\1318.jpg,Benign,0
D:/university/summer 26/Data Mining/research project/archive\train\Malignant\1269.jpg,Malignant,1
D:/university/summer 26/Data Mining/research project/archive\train\Malignant\4953.jpg,Malignant,1
D:/university/summer 26/Data Mining/research project/archive\train\Benign\155.jpg,Benign,0
D:/university/summer 26/Data Mining/research project/archive\train\Benign\2896.jpg,Benign,0
D:/university/summer 26/Data Mining/research project/archive\train\Benign\1271.jpg,Benign,0
D:/university/summer 26/Data Mining/research project/archive\train\Malignant\1322.jpg,Malignant,1
D:/university/summer 26/Data Mining/research project/archive\train\Benign\3904.jpg,Benign,0
D:/university/summer 26/Data Mining/research project/archive\train\Malignant\2811.jpg,Malignant,1
D:/university/summer 26/Data Mining/research project/archive\train\Benign\592.jpg,Benign,0
D:/university/summer 26/Data Mining/research project/archive\train\Benign\3185.jpg,Benign,0
D:/university/summer 26/Data Mining/research project/archive\train\Benign\2685.jpg,Benign,0
D:/university/summer 26/Data Mining/research project/archive\train\Malignant\1466.jpg,Malignant,1
D:/university/summer 26/Data Mining/research project/archive\train\Benign\1483.jpg,Benign,0
D:/university/summer 26/Data Mining/research project/archive\train\Benign\766.jpg,Benign,0
D:/university/summer 26/Data Mining/research project/archive\train\Benign\4397.jpg,Benign,0
D:/university/summer 26/Data Mining/research project/archive\train\Benign\1688.jpg,Benign,0
D:/university/summer 26/Data Mining/research project/archive\train\Benign\2494.jpg,Benign,0
D:/university/summer 26/Data Mining/research project/archive\train\Malignant\2009.jpg,Malignant,1
D:/university/summer 26/Data Mining/research project/archive\train\Benign\3725.jpg,Benign,0
D:/university/summer 26/Data Mining/research project/archive\train\Malignant\4542.jpg,Malignant,1
D:/university/summer 26/Data Mining/research project/archive\train\Benign\1705.jpg,Benign,0
D:/university/summer 26/Data Mining/research project/archive\train\Benign\6094.jpg,Benign,0
D:/university/summer 26/Data Mining/research project/archive\train\Malignant\1017.jpg,Malignant,1
D:/university/summer 26/Data Mining/research project/archive\train\Malignant\4377.jpg,Malignant,1
D:/university/summer 26/Data Mining/research project/archive\train\Malignant\586.jpg,Malignant,1
D:/university/summer 26/Data Mining/research project/archive\train\Benign\582.jpg,Benign,0
D:/university/summer 26/Data Mining/research project/archive\train\Malignant\940.jpg,Malignant,1
D:/university/summer 26/Data Mining/research project/archive\train\Benign\4688.jpg,Benign,0
D:/university/summer 26/Data Mining/research project/archive\train\Malignant\1501.jpg,Malignant,1
D:/university/summer 26/Data Mining/research project/archive\train\Benign\1594.jpg,Benign,0
D:/university/summer 26/Data Mining/research project/archive\train\Malignant\5145.jpg,Malignant,1
D:/university/summer 26/Data Mining/research project/archive\train\Malignant\2465.jpg,Malignant,1
D:/university/summer 26/Data Mining/research project/archive\train\Malignant\3746.jpg,Malignant,1
D:/university/summer 26/Data Mining/research project/archive\train\Benign\5231.jpg,Benign,0
D:/university/summer 26/Data Mining/research project/archive\train\Malignant\4414.jpg,Malignant,1
D:/university/summer 26/Data Mining/research project/archive\train\Malignant\2045.jpg,Malignant,1
D:/university/summer 26/Data Mining/research project/archive\train\Malignant\4809.jpg,Malignant,1
D:/university/summer 26/Data Mining/research project/archive\train\Benign\4131.jpg,Benign,0
D:/university/summer 26/Data Mining/research project/archive\train\Malignant\919.jpg,Malignant,1
D:/university/summer 26/Data Mining/research project/archive\train\Malignant\2629.jpg,Malignant,1
D:/university/summer 26/Data Mining/research project/archive\train\Malignant\214.jpg,Malignant,1
D:/university/summer 26/Data Mining/research project/archive\train\Benign\33.jpg,Benign,0
D:/university/summer 26/Data Mining/research project/archive\train\Malignant\2326.jpg,Malignant,1
D:/university/summer 26/Data Mining/research project/archive\train\Benign\696.jpg,Benign,0
D:/university/summer 26/Data Mining/research project/archive\train\Malignant\2320.jpg,Malignant,1
D:/university/summer 26/Data Mining/research project/archive\train\Malignant\4493.jpg,Malignant,1
D:/university/summer 26/Data Mining/research project/archive\train\Benign\6187.jpg,Benign,0
D:/university/summer 26/Data Mining/research project/archive\train\Malignant\3797.jpg,Malignant,1
D:/university/summer 26/Data Mining/research project/archive\train\Benign\2484.jpg,Benign,0
D:/university/summer 26/Data Mining/research project/archive\train\Malignant\4736.jpg,Malignant,1
D:/university/summer 26/Data Mining/research project/archive\train\Benign\1288.jpg,Benign,0
D:/university/summer 26/Data Mining/research project/archive\train\Benign\934.jpg,Benign,0
D:/university/summer 26/Data Mining/research project/archive\train\Malignant\2261.jpg,Malignant,1
D:/university/summer 26/Data Mining/research project/archive\train\Malignant\332.jpg,Malignant,1
D:/university/summer 26/Data Mining/research project/archive\train\Malignant\5532.jpg,Malignant,1
D:/university/summer 26/Data Mining/research project/archive\train\Benign\1451.jpg,Benign,0
D:/university/summer 26/Data Mining/research project/archive\train\Malignant\5040.jpg,Malignant,1
D:/university/summer 26/Data Mining/research project/archive\train\Benign\206.jpg,Benign,0
D:/university/summer 26/Data Mining/research project/archive\train\Malignant\3756.jpg,Malignant,1
D:/university/summer 26/Data Mining/research project/archive\train\Benign\2431.jpg,Benign,0
D:/university/summer 26/Data Mining/research project/archive\train\Benign\1868.jpg,Benign,0
D:/university/summer 26/Data Mining/research project/archive\train\Benign\1650.jpg,Benign,0
D:/university/summer 26/Data Mining/research project/archive\train\Malignant\1729.jpg,Malignant,1
D:/university/summer 26/Data Mining/research project/archive\train\Benign\3378.jpg,Benign,0
D:/university/summer 26/Data Mining/research project/archive\train\Benign\5749.jpg,Benign,0
D:/university/summer 26/Data Mining/research project/archive\train\Benign\4340.jpg,Benign,0
D:/university/summer 26/Data Mining/research project/archive\train\Benign\1816.jpg,Benign,0
D:/university/summer 26/Data Mining/research project/archive\train\Malignant\146.jpg,Malignant,1
D:/university/summer 26/Data Mining/research project/archive\train\Benign\204.jpg,Benign,0
D:/university/summer 26/Data Mining/research project/archive\train\Benign\3002.jpg,Benign,0
D:/university/summer 26/Data Mining/research project/archive\train\Malignant\3184.jpg,Malignant,1
D:/university/summer 26/Data Mining/research project/archive\train\Malignant\2475.jpg,Malignant,1
D:/university/summer 26/Data Mining/research project/archive\train\Malignant\4787.jpg,Malignant,1
D:/university/summer 26/Data Mining/research project/archive\train\Malignant\4440.jpg,Malignant,1
D:/university/summer 26/Data Mining/research project/archive\train\Malignant\1449.jpg,Malignant,1
D:/university/summer 26/Data Mining/research project/archive\train\Benign\5492.jpg,Benign,0
D:/university/summer 26/Data Mining/research project/archive\train\Benign\4378.jpg,Benign,0
D:/university/summer 26/Data Mining/research project/archive\train\Benign\4427.jpg,Benign,0
D:/university/summer 26/Data Mining/research project/archive\train\Malignant\4049.jpg,Malignant,1
D:/university/summer 26/Data Mining/research project/archive\train\Benign\659.jpg,Benign,0
D:/university/summer 26/Data Mining/research project/archive\train\Malignant\1999.jpg,Malignant,1
D:/university/summer 26/Data Mining/research project/archive\train\Benign\1135.jpg,Benign,0
D:/university/summer 26/Data Mining/research project/archive\train\Malignant\3445.jpg,Malignant,1
D:/university/summer 26/Data Mining/research project/archive\train\Benign\2115.jpg,Benign,0
D:/university/summer 26/Data Mining/research project/archive\train\Benign\2426.jpg,Benign,0
D:/university/summer 26/Data Mining/research project/archive\train\Benign\3481.jpg,Benign,0
D:/university/summer 26/Data Mining/research project/archive\train\Benign\1241.jpg,Benign,0
D:/university/summer 26/Data Mining/research project/archive\train\Malignant\3124.jpg,Malignant,1
D:/university/summer 26/Data Mining/research project/archive\train\Malignant\2209.jpg,Malignant,1
D:/university/summer 26/Data Mining/research project/archive\train\Benign\4906.jpg,Benign,0
D:/university/summer 26/Data Mining/research project/archive\train\Malignant\665.jpg,Malignant,1
D:/university/summer 26/Data Mining/research project/archive\train\Malignant\4456.jpg,Malignant,1
D:/university/summer 26/Data Mining/research project/archive\train\Benign\2266.jpg,Benign,0
D:/university/summer 26/Data Mining/research project/archive\train\Benign\3256.jpg,Benign,0
D:/university/summer 26/Data Mining/research project/archive\train\Malignant\3235.jpg,Malignant,1
D:/university/summer 26/Data Mining/research project/archive\train\Benign\2297.jpg,Benign,0
D:/university/summer 26/Data Mining/research project/archive\train\Malignant\2978.jpg,Malignant,1
D:/university/summer 26/Data Mining/research project/archive\train\Benign\3367.jpg,Benign,0
D:/university/summer 26/Data Mining/research project/archive\train\Malignant\5016.jpg,Malignant,1
D:/university/summer 26/Data Mining/research project/archive\train\Benign\3896.jpg,Benign,0
D:/university/summer 26/Data Mining/research project/archive\train\Malignant\2864.jpg,Malignant,1
D:/university/summer 26/Data Mining/research project/archive\train\Benign\4663.jpg,Benign,0
D:/university/summer 26/Data Mining/research project/archive\train\Malignant\3490.jpg,Malignant,1
D:/university/summer 26/Data Mining/research project/archive\train\Benign\4719.jpg,Benign,0
D:/university/summer 26/Data Mining/research project/archive\train\Malignant\608.jpg,Malignant,1
D:/university/summer 26/Data Mining/research project/archive\train\Malignant\4565.jpg,Malignant,1
D:/university/summer 26/Data Mining/research project/archive\train\Benign\2007.jpg,Benign,0
D:/university/summer 26/Data Mining/research project/archive\train\Benign\4066.jpg,Benign,0
D:/university/summer 26/Data Mining/research project/archive\train\Benign\3098.jpg,Benign,0
D:/university/summer 26/Data Mining/research project/archive\train\Benign\4833.jpg,Benign,0
D:/university/summer 26/Data Mining/research project/archive\train\Benign\3730.jpg,Benign,0
D:/university/summer 26/Data Mining/research project/archive\train\Benign\1213.jpg,Benign,0
D:/university/summer 26/Data Mining/research project/archive\train\Malignant\2091.jpg,Malignant,1
D:/university/summer 26/Data Mining/research project/archive\train\Benign\74.jpg,Benign,0
D:/university/summer 26/Data Mining/research project/archive\train\Benign\4122.jpg,Benign,0
D:/university/summer 26/Data Mining/research project/archive\train\Benign\2631.jpg,Benign,0
D:/university/summer 26/Data Mining/research project/archive\train\Benign\2213.jpg,Benign,0
D:/university/summer 26/Data Mining/research project/archive\train\Benign\19.jpg,Benign,0
D:/university/summer 26/Data Mining/research project/archive\train\Malignant\3167.jpg,Malignant,1
D:/university/summer 26/Data Mining/research project/archive\train\Malignant\1115.jpg,Malignant,1
D:/university/summer 26/Data Mining/research project/archive\train\Malignant\5316.jpg,Malignant,1
D:/university/summer 26/Data Mining/research project/archive\train\Malignant\1574.jpg,Malignant,1
D:/university/summer 26/Data Mining/research project/archive\train\Malignant\4474.jpg,Malignant,1
D:/university/summer 26/Data Mining/research project/archive\train\Benign\2034.jpg,Benign,0
D:/university/summer 26/Data Mining/research project/archive\train\Benign\675.jpg,Benign,0
D:/university/summer 26/Data Mining/research project/archive\train\Benign\6207.jpg,Benign,0
D:/university/summer 26/Data Mining/research project/archive\train\Malignant\3390.jpg,Malignant,1
D:/university/summer 26/Data Mining/research project/archive\train\Benign\1603.jpg,Benign,0
D:/university/summer 26/Data Mining/research project/archive\train\Benign\5445.jpg,Benign,0
D:/university/summer 26/Data Mining/research project/archive\train\Benign\209.jpg,Benign,0
D:/university/summer 26/Data Mining/research project/archive\train\Benign\6229.jpg,Benign,0
D:/university/summer 26/Data Mining/research project/archive\train\Malignant\1160.jpg,Malignant,1
D:/university/summer 26/Data Mining/research project/archive\train\Malignant\228.jpg,Malignant,1
D:/university/summer 26/Data Mining/research project/archive\train\Benign\586.jpg,Benign,0
D:/university/summer 26/Data Mining/research project/archive\train\Benign\3155.jpg,Benign,0
D:/university/summer 26/Data Mining/research project/archive\train\Malignant\3641.jpg,Malignant,1
D:/university/summer 26/Data Mining/research project/archive\train\Malignant\5576.jpg,Malignant,1
D:/university/summer 26/Data Mining/research project/archive\train\Benign\2888.jpg,Benign,0
D:/university/summer 26/Data Mining/research project/archive\train\Malignant\4790.jpg,Malignant,1
D:/university/summer 26/Data Mining/research project/archive\train\Benign\5984.jpg,Benign,0
D:/university/summer 26/Data Mining/research project/archive\train\Malignant\5539.jpg,Malignant,1
D:/university/summer 26/Data Mining/research project/archive\train\Malignant\713.jpg,Malignant,1
D:/university/summer 26/Data Mining/research project/archive\train\Benign\4177.jpg,Benign,0
D:/university/summer 26/Data Mining/research project/archive\train\Malignant\1247.jpg,Malignant,1
D:/university/summer 26/Data Mining/research project/archive\train\Malignant\2453.jpg,Malignant,1
D:/university/summer 26/Data Mining/research project/archive\train\Malignant\1612.jpg,Malignant,1
D:/university/summer 26/Data Mining/research project/archive\train\Malignant\3894.jpg,Malignant,1
D:/university/summer 26/Data Mining/research project/archive\train\Benign\5560.jpg,Benign,0
D:/university/summer 26/Data Mining/research project/archive\train\Benign\2817.jpg,Benign,0
D:/university/summer 26/Data Mining/research project/archive\train\Benign\4969.jpg,Benign,0
D:/university/summer 26/Data Mining/research project/archive\train\Benign\1678.jpg,Benign,0
D:/university/summer 26/Data Mining/research project/archive\train\Benign\4025.jpg,Benign,0
D:/university/summer 26/Data Mining/research project/archive\train\Malignant\3273.jpg,Malignant,1
D:/university/summer 26/Data Mining/research project/archive\train\Benign\1962.jpg,Benign,0
D:/university/summer 26/Data Mining/research project/archive\train\Malignant\359.jpg,Malignant,1
D:/university/summer 26/Data Mining/research project/archive\train\Malignant\5407.jpg,Malignant,1
D:/university/summer 26/Data Mining/research project/archive\train\Malignant\3159.jpg,Malignant,1
D:/university/summer 26/Data Mining/research project/archive\train\Benign\1131.jpg,Benign,0
D:/university/summer 26/Data Mining/research project/archive\train\Benign\5140.jpg,Benign,0
D:/university/summer 26/Data Mining/research project/archive\train\Benign\1792.jpg,Benign,0
D:/university/summer 26/Data Mining/research project/archive\train\Benign\1496.jpg,Benign,0
D:/university/summer 26/Data Mining/research project/archive\train\Benign\4973.jpg,Benign,0
D:/university/summer 26/Data Mining/research project/archive\train\Malignant\1600.jpg,Malignant,1
D:/university/summer 26/Data Mining/research project/archive\train\Benign\4010.jpg,Benign,0
D:/university/summer 26/Data Mining/research project/archive\train\Malignant\2708.jpg,Malignant,1
D:/university/summer 26/Data Mining/research project/archive\train\Benign\4848.jpg,Benign,0
D:/university/summer 26/Data Mining/research project/archive\train\Malignant\3084.jpg,Malignant,1
D:/university/summer 26/Data Mining/research project/archive\train\Malignant\1795.jpg,Malignant,1
D:/university/summer 26/Data Mining/research project/archive\train\Malignant\1986.jpg,Malignant,1
D:/university/summer 26/Data Mining/research project/archive\train\Malignant\4434.jpg,Malignant,1
D:/university/summer 26/Data Mining/research project/archive\train\Benign\4339.jpg,Benign,0
D:/university/summer 26/Data Mining/research project/archive\train\Malignant\2226.jpg,Malignant,1
D:/university/summer 26/Data Mining/research project/archive\train\Malignant\510.jpg,Malignant,1
D:/university/summer 26/Data Mining/research project/archive\train\Malignant\2404.jpg,Malignant,1
D:/university/summer 26/Data Mining/research project/archive\train\Benign\2082.jpg,Benign,0
D:/university/summer 26/Data Mining/research project/archive\train\Benign\5532.jpg,Benign,0
D:/university/summer 26/Data Mining/research project/archive\train\Malignant\3144.jpg,Malignant,1
D:/university/summer 26/Data Mining/research project/archive\train\Malignant\259.jpg,Malignant,1
D:/university/summer 26/Data Mining/research project/archive\train\Benign\1356.jpg,Benign,0
D:/university/summer 26/Data Mining/research project/archive\train\Benign\4116.jpg,Benign,0
D:/university/summer 26/Data Mining/research project/archive\train\Malignant\2116.jpg,Malignant,1
D:/university/summer 26/Data Mining/research project/archive\train\Benign\4754.jpg,Benign,0
D:/university/summer 26/Data Mining/research project/archive\train\Benign\2153.jpg,Benign,0
D:/university/summer 26/Data Mining/research project/archive\train\Malignant\5515.jpg,Malignant,1
D:/university/summer 26/Data Mining/research project/archive\train\Benign\3288.jpg,Benign,0
D:/university/summer 26/Data Mining/research project/archive\train\Benign\4876.jpg,Benign,0
D:/university/summer 26/Data Mining/research project/archive\train\Malignant\2554.jpg,Malignant,1
D:/university/summer 26/Data Mining/research project/archive\train\Benign\3322.jpg,Benign,0
D:/university/summer 26/Data Mining/research project/archive\train\Malignant\520.jpg,Malignant,1
D:/university/summer 26/Data Mining/research project/archive\train\Benign\385.jpg,Benign,0
D:/university/summer 26/Data Mining/research project/archive\train\Malignant\744.jpg,Malignant,1
D:/university/summer 26/Data Mining/research project/archive\train\Benign\3963.jpg,Benign,0
D:/university/summer 26/Data Mining/research project/archive\train\Malignant\4240.jpg,Malignant,1
D:/university/summer 26/Data Mining/research project/archive\train\Malignant\449.jpg,Malignant,1
D:/university/summer 26/Data Mining/research project/archive\train\Benign\3049.jpg,Benign,0
D:/university/summer 26/Data Mining/research project/archive\train\Benign\6134.jpg,Benign,0
D:/university/summer 26/Data Mining/research project/archive\train\Benign\3605.jpg,Benign,0
D:/university/summer 26/Data Mining/research project/archive\train\Benign\1307.jpg,Benign,0
D:/university/summer 26/Data Mining/research project/archive\train\Benign\1235.jpg,Benign,0
D:/university/summer 26/Data Mining/research project/archive\train\Benign\663.jpg,Benign,0
D:/university/summer 26/Data Mining/research project/archive\train\Malignant\1476.jpg,Malignant,1
D:/university/summer 26/Data Mining/research project/archive\train\Benign\5873.jpg,Benign,0
D:/university/summer 26/Data Mining/research project/archive\train\Benign\2009.jpg,Benign,0
D:/university/summer 26/Data Mining/research project/archive\train\Benign\4428.jpg,Benign,0
D:/university/summer 26/Data Mining/research project/archive\train\Benign\3345.jpg,Benign,0
D:/university/summer 26/Data Mining/research project/archive\train\Benign\4862.jpg,Benign,0
D:/university/summer 26/Data Mining/research project/archive\train\Benign\3320.jpg,Benign,0
D:/university/summer 26/Data Mining/research project/archive\train\Benign\4540.jpg,Benign,0
D:/university/summer 26/Data Mining/research project/archive\train\Benign\2145.jpg,Benign,0
D:/university/summer 26/Data Mining/research project/archive\train\Benign\1341.jpg,Benign,0
D:/university/summer 26/Data Mining/research project/archive\train\Malignant\105.jpg,Malignant,1
D:/university/summer 26/Data Mining/research project/archive\train\Benign\5346.jpg,Benign,0
D:/university/summer 26/Data Mining/research project/archive\train\Benign\5710.jpg,Benign,0
D:/university/summer 26/Data Mining/research project/archive\train\Benign\3426.jpg,Benign,0
D:/university/summer 26/Data Mining/research project/archive\train\Malignant\4959.jpg,Malignant,1
D:/university/summer 26/Data Mining/research project/archive\train\Malignant\530.jpg,Malignant,1
D:/university/summer 26/Data Mining/research project/archive\train\Malignant\959.jpg,Malignant,1
D:/university/summer 26/Data Mining/research project/archive\train\Benign\3042.jpg,Benign,0
D:/university/summer 26/Data Mining/research project/archive\train\Benign\1636.jpg,Benign,0
D:/university/summer 26/Data Mining/research project/archive\train\Benign\333.jpg,Benign,0
D:/university/summer 26/Data Mining/research project/archive\train\Malignant\1802.jpg,Malignant,1
D:/university/summer 26/Data Mining/research project/archive\train\Malignant\1734.jpg,Malignant,1
D:/university/summer 26/Data Mining/research project/archive\train\Malignant\1020.jpg,Malignant,1
D:/university/summer 26/Data Mining/research project/archive\train\Benign\6265.jpg,Benign,0
D:/university/summer 26/Data Mining/research project/archive\train\Benign\543.jpg,Benign,0
D:/university/summer 26/Data Mining/research project/archive\train\Benign\2745.jpg,Benign,0
D:/university/summer 26/Data Mining/research project/archive\train\Benign\6200.jpg,Benign,0
D:/university/summer 26/Data Mining/research project/archive\train\Malignant\3816.jpg,Malignant,1
D:/university/summer 26/Data Mining/research project/archive\train\Benign\6000.jpg,Benign,0
D:/university/summer 26/Data Mining/research project/archive\train\Benign\3201.jpg,Benign,0
D:/university/summer 26/Data Mining/research project/archive\train\Benign\1531.jpg,Benign,0
D:/university/summer 26/Data Mining/research project/archive\train\Benign\679.jpg,Benign,0
D:/university/summer 26/Data Mining/research project/archive\train\Malignant\3250.jpg,Malignant,1
D:/university/summer 26/Data Mining/research project/archive\train\Benign\3776.jpg,Benign,0
D:/university/summer 26/Data Mining/research project/archive\train\Malignant\2533.jpg,Malignant,1
D:/university/summer 26/Data Mining/research project/archive\train\Benign\2120.jpg,Benign,0
D:/university/summer 26/Data Mining/research project/archive\train\Malignant\801.jpg,Malignant,1
D:/university/summer 26/Data Mining/research project/archive\train\Malignant\4417.jpg,Malignant,1
D:/university/summer 26/Data Mining/research project/archive\train\Benign\2476.jpg,Benign,0
D:/university/summer 26/Data Mining/research project/archive\train\Malignant\3719.jpg,Malignant,1
D:/university/summer 26/Data Mining/research project/archive\train\Benign\3612.jpg,Benign,0
D:/university/summer 26/Data Mining/research project/archive\train\Malignant\1633.jpg,Malignant,1
D:/university/summer 26/Data Mining/research project/archive\train\Benign\4592.jpg,Benign,0
D:/university/summer 26/Data Mining/research project/archive\train\Malignant\3241.jpg,Malignant,1
D:/university/summer 26/Data Mining/research project/archive\train\Malignant\2578.jpg,Malignant,1
D:/university/summer 26/Data Mining/research project/archive\train\Benign\5654.jpg,Benign,0
D:/university/summer 26/Data Mining/research project/archive\train\Malignant\911.jpg,Malignant,1
D:/university/summer 26/Data Mining/research project/archive\train\Malignant\3212.jpg,Malignant,1
D:/university/summer 26/Data Mining/research project/archive\train\Malignant\3040.jpg,Malignant,1
D:/university/summer 26/Data Mining/research project/archive\train\Benign\2907.jpg,Benign,0
D:/university/summer 26/Data Mining/research project/archive\train\Benign\3357.jpg,Benign,0
D:/university/summer 26/Data Mining/research project/archive\train\Benign\1274.jpg,Benign,0
D:/university/summer 26/Data Mining/research project/archive\train\Malignant\3592.jpg,Malignant,1
D:/university/summer 26/Data Mining/research project/archive\train\Malignant\915.jpg,Malignant,1
D:/university/summer 26/Data Mining/research project/archive\train\Benign\4187.jpg,Benign,0
D:/university/summer 26/Data Mining/research project/archive\train\Benign\3242.jpg,Benign,0
D:/university/summer 26/Data Mining/research project/archive\train\Benign\554.jpg,Benign,0
D:/university/summer 26/Data Mining/research project/archive\train\Benign\6173.jpg,Benign,0
D:/university/summer 26/Data Mining/research project/archive\train\Malignant\1525.jpg,Malignant,1
D:/university/summer 26/Data Mining/research project/archive\train\Benign\4587.jpg,Benign,0
D:/university/summer 26/Data Mining/research project/archive\train\Malignant\5061.jpg,Malignant,1
D:/university/summer 26/Data Mining/research project/archive\train\Benign\3642.jpg,Benign,0
D:/university/summer 26/Data Mining/research project/archive\train\Malignant\1782.jpg,Malignant,1
D:/university/summer 26/Data Mining/research project/archive\train\Malignant\2647.jpg,Malignant,1
D:/university/summer 26/Data Mining/research project/archive\train\Malignant\5194.jpg,Malignant,1
D:/university/summer 26/Data Mining/research project/archive\train\Benign\5325.jpg,Benign,0
D:/university/summer 26/Data Mining/research project/archive\train\Benign\820.jpg,Benign,0
D:/university/summer 26/Data Mining/research project/archive\train\Benign\3315.jpg,Benign,0
D:/university/summer 26/Data Mining/research project/archive\train\Benign\1624.jpg,Benign,0
D:/university/summer 26/Data Mining/research project/archive\train\Benign\999.jpg,Benign,0
D:/university/summer 26/Data Mining/research project/archive\train\Benign\1026.jpg,Benign,0
D:/university/summer 26/Data Mining/research project/archive\train\Malignant\3984.jpg,Malignant,1
D:/university/summer 26/Data Mining/research project/archive\train\Malignant\391.jpg,Malignant,1
D:/university/summer 26/Data Mining/research project/archive\train\Malignant\4078.jpg,Malignant,1
D:/university/summer 26/Data Mining/research project/archive\train\Malignant\4238.jpg,Malignant,1
D:/university/summer 26/Data Mining/research project/archive\train\Benign\5073.jpg,Benign,0
D:/university/summer 26/Data Mining/research project/archive\train\Benign\227.jpg,Benign,0
D:/university/summer 26/Data Mining/research project/archive\train\Malignant\1270.jpg,Malignant,1
D:/university/summer 26/Data Mining/research project/archive\train\Benign\2847.jpg,Benign,0
D:/university/summer 26/Data Mining/research project/archive\train\Benign\2330.jpg,Benign,0
D:/university/summer 26/Data Mining/research project/archive\train\Malignant\784.jpg,Malignant,1
D:/university/summer 26/Data Mining/research project/archive\train\Benign\1791.jpg,Benign,0
D:/university/summer 26/Data Mining/research project/archive\train\Benign\3863.jpg,Benign,0
D:/university/summer 26/Data Mining/research project/archive\train\Malignant\1311.jpg,Malignant,1
D:/university/summer 26/Data Mining/research project/archive\train\Benign\6147.jpg,Benign,0
D:/university/summer 26/Data Mining/research project/archive\train\Malignant\2718.jpg,Malignant,1
D:/university/summer 26/Data Mining/research project/archive\train\Benign\808.jpg,Benign,0
D:/university/summer 26/Data Mining/research project/archive\train\Malignant\1529.jpg,Malignant,1
D:/university/summer 26/Data Mining/research project/archive\train\Benign\3468.jpg,Benign,0
D:/university/summer 26/Data Mining/research project/archive\train\Benign\1193.jpg,Benign,0
D:/university/summer 26/Data Mining/research project/archive\train\Malignant\1224.jpg,Malignant,1
D:/university/summer 26/Data Mining/research project/archive\train\Benign\321.jpg,Benign,0
D:/university/summer 26/Data Mining/research project/archive\train\Benign\3225.jpg,Benign,0
D:/university/summer 26/Data Mining/research project/archive\train\Malignant\711.jpg,Malignant,1
D:/university/summer 26/Data Mining/research project/archive\train\Benign\2539.jpg,Benign,0
D:/university/summer 26/Data Mining/research project/archive\train\Benign\2501.jpg,Benign,0
D:/university/summer 26/Data Mining/research project/archive\train\Malignant\5421.jpg,Malignant,1
D:/university/summer 26/Data Mining/research project/archive\train\Malignant\4351.jpg,Malignant,1
D:/university/summer 26/Data Mining/research project/archive\train\Benign\2686.jpg,Benign,0
D:/university/summer 26/Data Mining/research project/archive\train\Malignant\4938.jpg,Malignant,1
D:/university/summer 26/Data Mining/research project/archive\train\Benign\6066.jpg,Benign,0
D:/university/summer 26/Data Mining/research project/archive\train\Benign\237.jpg,Benign,0
D:/university/summer 26/Data Mining/research project/archive\train\Benign\4013.jpg,Benign,0
D:/university/summer 26/Data Mining/research project/archive\train\Malignant\3900.jpg,Malignant,1
D:/university/summer 26/Data Mining/research project/archive\train\Benign\4757.jpg,Benign,0
D:/university/summer 26/Data Mining/research project/archive\train\Benign\4353.jpg,Benign,0
D:/university/summer 26/Data Mining/research project/archive\train\Benign\1744.jpg,Benign,0
D:/university/summer 26/Data Mining/research project/archive\train\Malignant\3028.jpg,Malignant,1
D:/university/summer 26/Data Mining/research project/archive\train\Benign\4613.jpg,Benign,0
D:/university/summer 26/Data Mining/research project/archive\train\Benign\1291.jpg,Benign,0
D:/university/summer 26/Data Mining/research project/archive\train\Benign\3634.jpg,Benign,0
D:/university/summer 26/Data Mining/research project/archive\train\Benign\6297.jpg,Benign,0
D:/university/summer 26/Data Mining/research project/archive\train\Benign\2567.jpg,Benign,0
D:/university/summer 26/Data Mining/research project/archive\train\Benign\1572.jpg,Benign,0
D:/university/summer 26/Data Mining/research project/archive\train\Benign\4704.jpg,Benign,0
D:/university/summer 26/Data Mining/research project/archive\train\Benign\3680.jpg,Benign,0
D:/university/summer 26/Data Mining/research project/archive\train\Benign\3487.jpg,Benign,0
D:/university/summer 26/Data Mining/research project/archive\train\Malignant\30.jpg,Malignant,1
D:/university/summer 26/Data Mining/research project/archive\train\Malignant\2616.jpg,Malignant,1
D:/university/summer 26/Data Mining/research project/archive\train\Malignant\13.jpg,Malignant,1
D:/university/summer 26/Data Mining/research project/archive\train\Malignant\470.jpg,Malignant,1
D:/university/summer 26/Data Mining/research project/archive\train\Malignant\12.jpg,Malignant,1
D:/university/summer 26/Data Mining/research project/archive\train\Malignant\2371.jpg,Malignant,1
D:/university/summer 26/Data Mining/research project/archive\train\Malignant\824.jpg,Malignant,1
D:/university/summer 26/Data Mining/research project/archive\train\Benign\3067.jpg,Benign,0
D:/university/summer 26/Data Mining/research project/archive\train\Benign\2376.jpg,Benign,0
D:/university/summer 26/Data Mining/research project/archive\train\Malignant\2666.jpg,Malignant,1
D:/university/summer 26/Data Mining/research project/archive\train\Benign\2051.jpg,Benign,0
D:/university/summer 26/Data Mining/research project/archive\train\Malignant\3524.jpg,Malignant,1
D:/university/summer 26/Data Mining/research project/archive\train\Malignant\4444.jpg,Malignant,1
D:/university/summer 26/Data Mining/research project/archive\train\Benign\4966.jpg,Benign,0
D:/university/summer 26/Data Mining/research project/archive\train\Malignant\3940.jpg,Malignant,1
D:/university/summer 26/Data Mining/research project/archive\train\Benign\1221.jpg,Benign,0
D:/university/summer 26/Data Mining/research project/archive\train\Benign\568.jpg,Benign,0
D:/university/summer 26/Data Mining/research project/archive\train\Benign\2368.jpg,Benign,0
D:/university/summer 26/Data Mining/research project/archive\train\Benign\4653.jpg,Benign,0
D:/university/summer 26/Data Mining/research project/archive\train\Malignant\454.jpg,Malignant,1
D:/university/summer 26/Data Mining/research project/archive\train\Benign\5385.jpg,Benign,0
D:/university/summer 26/Data Mining/research project/archive\train\Malignant\5440.jpg,Malignant,1
D:/university/summer 26/Data Mining/research project/archive\train\Benign\473.jpg,Benign,0
D:/university/summer 26/Data Mining/research project/archive\train\Malignant\691.jpg,Malignant,1
D:/university/summer 26/Data Mining/research project/archive\train\Benign\3861.jpg,Benign,0
D:/university/summer 26/Data Mining/research project/archive\train\Benign\4503.jpg,Benign,0
D:/university/summer 26/Data Mining/research project/archive\train\Malignant\3923.jpg,Malignant,1
D:/university/summer 26/Data Mining/research project/archive\train\Benign\2965.jpg,Benign,0
D:/university/summer 26/Data Mining/research project/archive\train\Benign\3164.jpg,Benign,0
D:/university/summer 26/Data Mining/research project/archive\train\Benign\115.jpg,Benign,0
D:/university/summer 26/Data Mining/research project/archive\train\Benign\527.jpg,Benign,0
D:/university/summer 26/Data Mining/research project/archive\train\Benign\3595.jpg,Benign,0
D:/university/summer 26/Data Mining/research project/archive\train\Malignant\3015.jpg,Malignant,1
D:/university/summer 26/Data Mining/research project/archive\train\Benign\1822.jpg,Benign,0
D:/university/summer 26/Data Mining/research project/archive\train\Benign\2866.jpg,Benign,0
D:/university/summer 26/Data Mining/research project/archive\train\Benign\463.jpg,Benign,0
D:/university/summer 26/Data Mining/research project/archive\train\Malignant\3472.jpg,Malignant,1
D:/university/summer 26/Data Mining/research project/archive\train\Benign\3560.jpg,Benign,0
D:/university/summer 26/Data Mining/research project/archive\train\Benign\1639.jpg,Benign,0
D:/university/summer 26/Data Mining/research project/archive\train\Benign\5935.jpg,Benign,0
D:/university/summer 26/Data Mining/research project/archive\train\Malignant\3656.jpg,Malignant,1
D:/university/summer 26/Data Mining/research project/archive\train\Benign\5130.jpg,Benign,0
D:/university/summer 26/Data Mining/research project/archive\train\Malignant\1253.jpg,Malignant,1
D:/university/summer 26/Data Mining/research project/archive\train\Benign\318.jpg,Benign,0
D:/university/summer 26/Data Mining/research project/archive\train\Malignant\776.jpg,Malignant,1
D:/university/summer 26/Data Mining/research project/archive\train\Benign\485.jpg,Benign,0
D:/university/summer 26/Data Mining/research project/archive\train\Benign\275.jpg,Benign,0
D:/university/summer 26/Data Mining/research project/archive\train\Benign\1745.jpg,Benign,0
D:/university/summer 26/Data Mining/research project/archive\train\Benign\5127.jpg,Benign,0
D:/university/summer 26/Data Mining/research project/archive\train\Malignant\2595.jpg,Malignant,1
D:/university/summer 26/Data Mining/research project/archive\train\Benign\4395.jpg,Benign,0
D:/university/summer 26/Data Mining/research project/archive\train\Malignant\4745.jpg,Malignant,1
D:/university/summer 26/Data Mining/research project/archive\train\Benign\287.jpg,Benign,0
D:/university/summer 26/Data Mining/research project/archive\train\Malignant\3123.jpg,Malignant,1
D:/university/summer 26/Data Mining/research project/archive\train\Benign\497.jpg,Benign,0
D:/university/summer 26/Data Mining/research project/archive\train\Benign\2407.jpg,Benign,0
D:/university/summer 26/Data Mining/research project/archive\train\Malignant\4326.jpg,Malignant,1
D:/university/summer 26/Data Mining/research project/archive\train\Benign\5062.jpg,Benign,0
D:/university/summer 26/Data Mining/research project/archive\train\Benign\4612.jpg,Benign,0
D:/university/summer 26/Data Mining/research project/archive\train\Malignant\4585.jpg,Malignant,1
D:/university/summer 26/Data Mining/research project/archive\train\Malignant\1507.jpg,Malignant,1
D:/university/summer 26/Data Mining/research project/archive\train\Benign\4766.jpg,Benign,0
D:/university/summer 26/Data Mining/research project/archive\train\Malignant\2367.jpg,Malignant,1
D:/university/summer 26/Data Mining/research project/archive\train\Benign\2269.jpg,Benign,0
D:/university/summer 26/Data Mining/research project/archive\train\Benign\1861.jpg,Benign,0
D:/university/summer 26/Data Mining/research project/archive\train\Malignant\1164.jpg,Malignant,1
D:/university/summer 26/Data Mining/research project/archive\train\Malignant\3753.jpg,Malignant,1
D:/university/summer 26/Data Mining/research project/archive\train\Benign\5282.jpg,Benign,0
D:/university/summer 26/Data Mining/research project/archive\train\Benign\2307.jpg,Benign,0
D:/university/summer 26/Data Mining/research project/archive\train\Benign\3566.jpg,Benign,0
D:/university/summer 26/Data Mining/research project/archive\train\Malignant\5186.jpg,Malignant,1
D:/university/summer 26/Data Mining/research project/archive\train\Malignant\2389.jpg,Malignant,1
D:/university/summer 26/Data Mining/research project/archive\train\Malignant\4510.jpg,Malignant,1
D:/university/summer 26/Data Mining/research project/archive\train\Benign\4786.jpg,Benign,0
D:/university/summer 26/Data Mining/research project/archive\train\Benign\956.jpg,Benign,0
D:/university/summer 26/Data Mining/research project/archive\train\Benign\1819.jpg,Benign,0
D:/university/summer 26/Data Mining/research project/archive\train\Benign\4242.jpg,Benign,0
D:/university/summer 26/Data Mining/research project/archive\train\Benign\3031.jpg,Benign,0
D:/university/summer 26/Data Mining/research project/archive\train\Malignant\2420.jpg,Malignant,1
D:/university/summer 26/Data Mining/research project/archive\train\Malignant\5202.jpg,Malignant,1
D:/university/summer 26/Data Mining/research project/archive\train\Benign\5121.jpg,Benign,0
D:/university/summer 26/Data Mining/research project/archive\train\Benign\69.jpg,Benign,0
D:/university/summer 26/Data Mining/research project/archive\train\Benign\3758.jpg,Benign,0
D:/university/summer 26/Data Mining/research project/archive\train\Benign\3526.jpg,Benign,0
D:/university/summer 26/Data Mining/research project/archive\train\Benign\3849.jpg,Benign,0
D:/university/summer 26/Data Mining/research project/archive\train\Malignant\4221.jpg,Malignant,1
D:/university/summer 26/Data Mining/research project/archive\train\Malignant\523.jpg,Malignant,1
D:/university/summer 26/Data Mining/research project/archive\train\Benign\451.jpg,Benign,0
D:/university/summer 26/Data Mining/research project/archive\train\Benign\5164.jpg,Benign,0
D:/university/summer 26/Data Mining/research project/archive\train\Malignant\3882.jpg,Malignant,1
D:/university/summer 26/Data Mining/research project/archive\train\Malignant\3560.jpg,Malignant,1
D:/university/summer 26/Data Mining/research project/archive\train\Benign\289.jpg,Benign,0
D:/university/summer 26/Data Mining/research project/archive\train\Benign\6020.jpg,Benign,0
D:/university/summer 26/Data Mining/research project/archive\train\Benign\4349.jpg,Benign,0
D:/university/summer 26/Data Mining/research project/archive\train\Malignant\2244.jpg,Malignant,1
D:/university/summer 26/Data Mining/research project/archive\train\Benign\4568.jpg,Benign,0
D:/university/summer 26/Data Mining/research project/archive\train\Benign\4572.jpg,Benign,0
D:/university/summer 26/Data Mining/research project/archive\train\Benign\2057.jpg,Benign,0
D:/university/summer 26/Data Mining/research project/archive\train\Benign\4291.jpg,Benign,0
D:/university/summer 26/Data Mining/research project/archive\train\Benign\3263.jpg,Benign,0
D:/university/summer 26/Data Mining/research project/archive\train\Benign\4296.jpg,Benign,0
D:/university/summer 26/Data Mining/research project/archive\train\Malignant\1838.jpg,Malignant,1
D:/university/summer 26/Data Mining/research project/archive\train\Malignant\1474.jpg,Malignant,1
D:/university/summer 26/Data Mining/research project/archive\train\Benign\4919.jpg,Benign,0
D:/university/summer 26/Data Mining/research project/archive\train\Benign\810.jpg,Benign,0
D:/university/summer 26/Data Mining/research project/archive\train\Benign\1289.jpg,Benign,0
D:/university/summer 26/Data Mining/research project/archive\train\Benign\4084.jpg,Benign,0
D:/university/summer 26/Data Mining/research project/archive\train\Benign\729.jpg,Benign,0
D:/university/summer 26/Data Mining/research project/archive\train\Benign\1433.jpg,Benign,0
D:/university/summer 26/Data Mining/research project/archive\train\Malignant\1246.jpg,Malignant,1
D:/university/summer 26/Data Mining/research project/archive\train\Benign\4850.jpg,Benign,0
D:/university/summer 26/Data Mining/research project/archive\train\Malignant\778.jpg,Malignant,1
D:/university/summer 26/Data Mining/research project/archive\train\Malignant\4804.jpg,Malignant,1
D:/university/summer 26/Data Mining/research project/archive\train\Benign\5254.jpg,Benign,0
D:/university/summer 26/Data Mining/research project/archive\train\Benign\5215.jpg,Benign,0
D:/university/summer 26/Data Mining/research project/archive\train\Benign\3248.jpg,Benign,0
D:/university/summer 26/Data Mining/research project/archive\train\Malignant\4631.jpg,Malignant,1
D:/university/summer 26/Data Mining/research project/archive\train\Benign\1562.jpg,Benign,0
D:/university/summer 26/Data Mining/research project/archive\train\Malignant\221.jpg,Malignant,1
D:/university/summer 26/Data Mining/research project/archive\train\Malignant\1430.jpg,Malignant,1
D:/university/summer 26/Data Mining/research project/archive\train\Malignant\2987.jpg,Malignant,1
D:/university/summer 26/Data Mining/research project/archive\train\Benign\1605.jpg,Benign,0
D:/university/summer 26/Data Mining/research project/archive\train\Malignant\5084.jpg,Malignant,1
D:/university/summer 26/Data Mining/research project/archive\train\Benign\3434.jpg,Benign,0
D:/university/summer 26/Data Mining/research project/archive\train\Malignant\3834.jpg,Malignant,1
D:/university/summer 26/Data Mining/research project/archive\train\Malignant\1191.jpg,Malignant,1
D:/university/summer 26/Data Mining/research project/archive\train\Malignant\4927.jpg,Malignant,1
D:/university/summer 26/Data Mining/research project/archive\train\Benign\5009.jpg,Benign,0
D:/university/summer 26/Data Mining/research project/archive\train\Malignant\1009.jpg,Malignant,1
D:/university/summer 26/Data Mining/research project/archive\train\Benign\2590.jpg,Benign,0
D:/university/summer 26/Data Mining/research project/archive\train\Malignant\830.jpg,Malignant,1
D:/university/summer 26/Data Mining/research project/archive\train\Benign\1205.jpg,Benign,0
D:/university/summer 26/Data Mining/research project/archive\train\Benign\2921.jpg,Benign,0
D:/university/summer 26/Data Mining/research project/archive\train\Malignant\2967.jpg,Malignant,1
D:/university/summer 26/Data Mining/research project/archive\train\Malignant\4638.jpg,Malignant,1
D:/university/summer 26/Data Mining/research project/archive\train\Malignant\5442.jpg,Malignant,1
D:/university/summer 26/Data Mining/research project/archive\train\Benign\6083.jpg,Benign,0
D:/university/summer 26/Data Mining/research project/archive\train\Malignant\144.jpg,Malignant,1
D:/university/summer 26/Data Mining/research project/archive\train\Benign\232.jpg,Benign,0
D:/university/summer 26/Data Mining/research project/archive\train\Benign\5259.jpg,Benign,0
D:/university/summer 26/Data Mining/research project/archive\train\Benign\4805.jpg,Benign,0
D:/university/summer 26/Data Mining/research project/archive\train\Benign\5810.jpg,Benign,0
D:/university/summer 26/Data Mining/research project/archive\train\Malignant\4314.jpg,Malignant,1
D:/university/summer 26/Data Mining/research project/archive\train\Malignant\205.jpg,Malignant,1
D:/university/summer 26/Data Mining/research project/archive\train\Benign\5134.jpg,Benign,0
D:/university/summer 26/Data Mining/research project/archive\train\Malignant\2109.jpg,Malignant,1
D:/university/summer 26/Data Mining/research project/archive\train\Benign\6081.jpg,Benign,0
D:/university/summer 26/Data Mining/research project/archive\train\Malignant\742.jpg,Malignant,1
D:/university/summer 26/Data Mining/research project/archive\train\Benign\173.jpg,Benign,0
D:/university/summer 26/Data Mining/research project/archive\train\Malignant\3223.jpg,Malignant,1
D:/university/summer 26/Data Mining/research project/archive\train\Malignant\515.jpg,Malignant,1
D:/university/summer 26/Data Mining/research project/archive\train\Malignant\5347.jpg,Malignant,1
D:/university/summer 26/Data Mining/research project/archive\train\Benign\1140.jpg,Benign,0
D:/university/summer 26/Data Mining/research project/archive\train\Benign\4963.jpg,Benign,0
D:/university/summer 26/Data Mining/research project/archive\train\Benign\5148.jpg,Benign,0
D:/university/summer 26/Data Mining/research project/archive\train\Benign\1183.jpg,Benign,0
D:/university/summer 26/Data Mining/research project/archive\train\Malignant\4257.jpg,Malignant,1
D:/university/summer 26/Data Mining/research project/archive\train\Benign\420.jpg,Benign,0
D:/university/summer 26/Data Mining/research project/archive\train\Malignant\1787.jpg,Malignant,1
D:/university/summer 26/Data Mining/research project/archive\train\Benign\1564.jpg,Benign,0
D:/university/summer 26/Data Mining/research project/archive\train\Benign\6156.jpg,Benign,0
D:/university/summer 26/Data Mining/research project/archive\train\Benign\6076.jpg,Benign,0
D:/university/summer 26/Data Mining/research project/archive\train\Benign\2758.jpg,Benign,0
D:/university/summer 26/Data Mining/research project/archive\train\Malignant\1420.jpg,Malignant,1
D:/university/summer 26/Data Mining/research project/archive\train\Malignant\736.jpg,Malignant,1
D:/university/summer 26/Data Mining/research project/archive\train\Malignant\3697.jpg,Malignant,1
D:/university/summer 26/Data Mining/research project/archive\train\Malignant\2123.jpg,Malignant,1
D:/university/summer 26/Data Mining/research project/archive\train\Benign\106.jpg,Benign,0
D:/university/summer 26/Data Mining/research project/archive\train\Malignant\4608.jpg,Malignant,1
D:/university/summer 26/Data Mining/research project/archive\train\Benign\2433.jpg,Benign,0
D:/university/summer 26/Data Mining/research project/archive\train\Malignant\4422.jpg,Malignant,1
D:/university/summer 26/Data Mining/research project/archive\train\Malignant\330.jpg,Malignant,1
D:/university/summer 26/Data Mining/research project/archive\train\Malignant\3081.jpg,Malignant,1
D:/university/summer 26/Data Mining/research project/archive\train\Malignant\1659.jpg,Malignant,1
D:/university/summer 26/Data Mining/research project/archive\train\Benign\5865.jpg,Benign,0
D:/university/summer 26/Data Mining/research project/archive\train\Benign\3163.jpg,Benign,0
D:/university/summer 26/Data Mining/research project/archive\train\Benign\5730.jpg,Benign,0
D:/university/summer 26/Data Mining/research project/archive\train\Benign\677.jpg,Benign,0
D:/university/summer 26/Data Mining/research project/archive\train\Benign\3166.jpg,Benign,0
D:/university/summer 26/Data Mining/research project/archive\train\Benign\3260.jpg,Benign,0
D:/university/summer 26/Data Mining/research project/archive\train\Benign\1706.jpg,Benign,0
D:/university/summer 26/Data Mining/research project/archive\train\Malignant\683.jpg,Malignant,1
D:/university/summer 26/Data Mining/research project/archive\train\Malignant\2993.jpg,Malignant,1
D:/university/summer 26/Data Mining/research project/archive\train\Benign\3023.jpg,Benign,0
D:/university/summer 26/Data Mining/research project/archive\train\Malignant\4583.jpg,Malignant,1
D:/university/summer 26/Data Mining/research project/archive\train\Benign\2355.jpg,Benign,0
D:/university/summer 26/Data Mining/research project/archive\train\Benign\4569.jpg,Benign,0
D:/university/summer 26/Data Mining/research project/archive\train\Malignant\2694.jpg,Malignant,1
D:/university/summer 26/Data Mining/research project/archive\train\Benign\4954.jpg,Benign,0
D:/university/summer 26/Data Mining/research project/archive\train\Benign\5455.jpg,Benign,0
D:/university/summer 26/Data Mining/research project/archive\train\Malignant\1309.jpg,Malignant,1
D:/university/summer 26/Data Mining/research project/archive\train\Malignant\5560.jpg,Malignant,1
D:/university/summer 26/Data Mining/research project/archive\train\Malignant\5168.jpg,Malignant,1
D:/university/summer 26/Data Mining/research project/archive\train\Benign\2741.jpg,Benign,0
D:/university/summer 26/Data Mining/research project/archive\train\Malignant\4770.jpg,Malignant,1
D:/university/summer 26/Data Mining/research project/archive\train\Benign\1061.jpg,Benign,0
D:/university/summer 26/Data Mining/research project/archive\train\Benign\2743.jpg,Benign,0
D:/university/summer 26/Data Mining/research project/archive\train\Malignant\5548.jpg,Malignant,1
D:/university/summer 26/Data Mining/research project/archive\train\Benign\5242.jpg,Benign,0
D:/university/summer 26/Data Mining/research project/archive\train\Benign\5201.jpg,Benign,0
D:/university/summer 26/Data Mining/research project/archive\train\Malignant\1050.jpg,Malignant,1
D:/university/summer 26/Data Mining/research project/archive\train\Malignant\3871.jpg,Malignant,1
D:/university/summer 26/Data Mining/research project/archive\train\Benign\1185.jpg,Benign,0
D:/university/summer 26/Data Mining/research project/archive\train\Malignant\2749.jpg,Malignant,1
D:/university/summer 26/Data Mining/research project/archive\train\Benign\2712.jpg,Benign,0
D:/university/summer 26/Data Mining/research project/archive\train\Benign\5204.jpg,Benign,0
D:/university/summer 26/Data Mining/research project/archive\train\Malignant\5538.jpg,Malignant,1
D:/university/summer 26/Data Mining/research project/archive\train\Benign\3004.jpg,Benign,0
D:/university/summer 26/Data Mining/research project/archive\train\Benign\5216.jpg,Benign,0
D:/university/summer 26/Data Mining/research project/archive\train\Benign\3058.jpg,Benign,0
D:/university/summer 26/Data Mining/research project/archive\train\Benign\5671.jpg,Benign,0
D:/university/summer 26/Data Mining/research project/archive\train\Malignant\2845.jpg,Malignant,1
D:/university/summer 26/Data Mining/research project/archive\train\Malignant\451.jpg,Malignant,1
D:/university/summer 26/Data Mining/research project/archive\train\Malignant\680.jpg,Malignant,1
D:/university/summer 26/Data Mining/research project/archive\train\Benign\3977.jpg,Benign,0
D:/university/summer 26/Data Mining/research project/archive\train\Benign\1044.jpg,Benign,0
D:/university/summer 26/Data Mining/research project/archive\train\Benign\1269.jpg,Benign,0
D:/university/summer 26/Data Mining/research project/archive\train\Benign\4357.jpg,Benign,0
D:/university/summer 26/Data Mining/research project/archive\train\Malignant\3056.jpg,Malignant,1
D:/university/summer 26/Data Mining/research project/archive\train\Benign\5722.jpg,Benign,0
D:/university/summer 26/Data Mining/research project/archive\train\Benign\2044.jpg,Benign,0
D:/university/summer 26/Data Mining/research project/archive\train\Benign\3695.jpg,Benign,0
D:/university/summer 26/Data Mining/research project/archive\train\Malignant\5554.jpg,Malignant,1
D:/university/summer 26/Data Mining/research project/archive\train\Malignant\5419.jpg,Malignant,1
D:/university/summer 26/Data Mining/research project/archive\train\Benign\5689.jpg,Benign,0
D:/university/summer 26/Data Mining/research project/archive\train\Benign\5504.jpg,Benign,0
D:/university/summer 26/Data Mining/research project/archive\train\Benign\2869.jpg,Benign,0
D:/university/summer 26/Data Mining/research project/archive\train\Benign\4452.jpg,Benign,0
D:/university/summer 26/Data Mining/research project/archive\train\Malignant\2234.jpg,Malignant,1
D:/university/summer 26/Data Mining/research project/archive\train\Malignant\1045.jpg,Malignant,1
D:/university/summer 26/Data Mining/research project/archive\train\Benign\1064.jpg,Benign,0
D:/university/summer 26/Data Mining/research project/archive\train\Malignant\2324.jpg,Malignant,1
D:/university/summer 26/Data Mining/research project/archive\train\Malignant\1395.jpg,Malignant,1
D:/university/summer 26/Data Mining/research project/archive\train\Benign\2457.jpg,Benign,0
D:/university/summer 26/Data Mining/research project/archive\train\Malignant\254.jpg,Malignant,1
D:/university/summer 26/Data Mining/research project/archive\train\Benign\6039.jpg,Benign,0
D:/university/summer 26/Data Mining/research project/archive\train\Benign\4524.jpg,Benign,0
D:/university/summer 26/Data Mining/research project/archive\train\Benign\1423.jpg,Benign,0
D:/university/summer 26/Data Mining/research project/archive\train\Malignant\4408.jpg,Malignant,1
D:/university/summer 26/Data Mining/research project/archive\train\Malignant\1241.jpg,Malignant,1
D:/university/summer 26/Data Mining/research project/archive\train\Benign\6112.jpg,Benign,0
D:/university/summer 26/Data Mining/research project/archive\train\Benign\2972.jpg,Benign,0
D:/university/summer 26/Data Mining/research project/archive\train\Benign\4469.jpg,Benign,0
D:/university/summer 26/Data Mining/research project/archive\train\Benign\3757.jpg,Benign,0
D:/university/summer 26/Data Mining/research project/archive\train\Benign\3523.jpg,Benign,0
D:/university/summer 26/Data Mining/research project/archive\train\Benign\405.jpg,Benign,0
D:/university/summer 26/Data Mining/research project/archive\train\Benign\1382.jpg,Benign,0
D:/university/summer 26/Data Mining/research project/archive\train\Benign\4204.jpg,Benign,0
D:/university/summer 26/Data Mining/research project/archive\train\Benign\800.jpg,Benign,0
D:/university/summer 26/Data Mining/research project/archive\train\Malignant\1349.jpg,Malignant,1
D:/university/summer 26/Data Mining/research project/archive\train\Benign\3279.jpg,Benign,0
D:/university/summer 26/Data Mining/research project/archive\train\Benign\2305.jpg,Benign,0
D:/university/summer 26/Data Mining/research project/archive\train\Benign\4107.jpg,Benign,0
D:/university/summer 26/Data Mining/research project/archive\train\Benign\3264.jpg,Benign,0
D:/university/summer 26/Data Mining/research project/archive\train\Malignant\1388.jpg,Malignant,1
D:/university/summer 26/Data Mining/research project/archive\train\Benign\3243.jpg,Benign,0
D:/university/summer 26/Data Mining/research project/archive\train\Malignant\5365.jpg,Malignant,1
D:/university/summer 26/Data Mining/research project/archive\train\Malignant\4988.jpg,Malignant,1
D:/university/summer 26/Data Mining/research project/archive\train\Benign\5645.jpg,Benign,0
D:/university/summer 26/Data Mining/research project/archive\train\Malignant\972.jpg,Malignant,1
D:/university/summer 26/Data Mining/research project/archive\train\Malignant\2834.jpg,Malignant,1
D:/university/summer 26/Data Mining/research project/archive\train\Malignant\5432.jpg,Malignant,1
D:/university/summer 26/Data Mining/research project/archive\train\Benign\476.jpg,Benign,0
D:/university/summer 26/Data Mining/research project/archive\train\Malignant\2729.jpg,Malignant,1
D:/university/summer 26/Data Mining/research project/archive\train\Malignant\1616.jpg,Malignant,1
D:/university/summer 26/Data Mining/research project/archive\train\Malignant\4274.jpg,Malignant,1
D:/university/summer 26/Data Mining/research project/archive\train\Malignant\4616.jpg,Malignant,1
D:/university/summer 26/Data Mining/research project/archive\train\Benign\4034.jpg,Benign,0
D:/university/summer 26/Data Mining/research project/archive\train\Malignant\3999.jpg,Malignant,1
D:/university/summer 26/Data Mining/research project/archive\train\Benign\4027.jpg,Benign,0
D:/university/summer 26/Data Mining/research project/archive\train\Benign\2623.jpg,Benign,0
D:/university/summer 26/Data Mining/research project/archive\train\Benign\3175.jpg,Benign,0
D:/university/summer 26/Data Mining/research project/archive\train\Malignant\4226.jpg,Malignant,1
D:/university/summer 26/Data Mining/research project/archive\train\Benign\5090.jpg,Benign,0
D:/university/summer 26/Data Mining/research project/archive\train\Malignant\4602.jpg,Malignant,1
D:/university/summer 26/Data Mining/research project/archive\train\Benign\5770.jpg,Benign,0
D:/university/summer 26/Data Mining/research project/archive\train\Malignant\5048.jpg,Malignant,1
D:/university/summer 26/Data Mining/research project/archive\train\Benign\6011.jpg,Benign,0
D:/university/summer 26/Data Mining/research project/archive\train\Malignant\921.jpg,Malignant,1
D:/university/summer 26/Data Mining/research project/archive\train\Benign\1132.jpg,Benign,0
D:/university/summer 26/Data Mining/research project/archive\train\Benign\5652.jpg,Benign,0
D:/university/summer 26/Data Mining/research project/archive\train\Benign\681.jpg,Benign,0
D:/university/summer 26/Data Mining/research project/archive\train\Benign\5581.jpg,Benign,0
D:/university/summer 26/Data Mining/research project/archive\train\Malignant\2073.jpg,Malignant,1
D:/university/summer 26/Data Mining/research project/archive\train\Benign\4959.jpg,Benign,0
D:/university/summer 26/Data Mining/research project/archive\train\Benign\3152.jpg,Benign,0
D:/university/summer 26/Data Mining/research project/archive\train\Malignant\2024.jpg,Malignant,1
D:/university/summer 26/Data Mining/research project/archive\train\Malignant\5109.jpg,Malignant,1
D:/university/summer 26/Data Mining/research project/archive\train\Malignant\4548.jpg,Malignant,1
D:/university/summer 26/Data Mining/research project/archive\train\Benign\3710.jpg,Benign,0
D:/university/summer 26/Data Mining/research project/archive\train\Benign\6259.jpg,Benign,0
D:/university/summer 26/Data Mining/research project/archive\train\Benign\2464.jpg,Benign,0
D:/university/summer 26/Data Mining/research project/archive\train\Benign\2627.jpg,Benign,0
D:/university/summer 26/Data Mining/research project/archive\train\Malignant\1718.jpg,Malignant,1
D:/university/summer 26/Data Mining/research project/archive\train\Benign\5672.jpg,Benign,0
D:/university/summer 26/Data Mining/research project/archive\train\Malignant\2637.jpg,Malignant,1
D:/university/summer 26/Data Mining/research project/archive\train\Benign\1663.jpg,Benign,0
D:/university/summer 26/Data Mining/research project/archive\train\Benign\5079.jpg,Benign,0
D:/university/summer 26/Data Mining/research project/archive\train\Benign\4250.jpg,Benign,0
D:/university/summer 26/Data Mining/research project/archive\train\Malignant\4382.jpg,Malignant,1
D:/university/summer 26/Data Mining/research project/archive\train\Malignant\1399.jpg,Malignant,1
D:/university/summer 26/Data Mining/research project/archive\train\Malignant\4480.jpg,Malignant,1
D:/university/summer 26/Data Mining/research project/archive\train\Malignant\3974.jpg,Malignant,1
D:/university/summer 26/Data Mining/research project/archive\train\Benign\1474.jpg,Benign,0
D:/university/summer 26/Data Mining/research project/archive\train\Malignant\3602.jpg,Malignant,1
D:/university/summer 26/Data Mining/research project/archive\train\Benign\1917.jpg,Benign,0
D:/university/summer 26/Data Mining/research project/archive\train\Malignant\2112.jpg,Malignant,1
D:/university/summer 26/Data Mining/research project/archive\train\Malignant\2520.jpg,Malignant,1
D:/university/summer 26/Data Mining/research project/archive\train\Benign\2097.jpg,Benign,0
D:/university/summer 26/Data Mining/research project/archive\train\Benign\5261.jpg,Benign,0
D:/university/summer 26/Data Mining/research project/archive\train\Malignant\4726.jpg,Malignant,1
D:/university/summer 26/Data Mining/research project/archive\train\Malignant\1571.jpg,Malignant,1
D:/university/summer 26/Data Mining/research project/archive\train\Benign\1882.jpg,Benign,0
D:/university/summer 26/Data Mining/research project/archive\train\Benign\4289.jpg,Benign,0
D:/university/summer 26/Data Mining/research project/archive\train\Malignant\1502.jpg,Malignant,1
D:/university/summer 26/Data Mining/research project/archive\train\Benign\1046.jpg,Benign,0
D:/university/summer 26/Data Mining/research project/archive\train\Benign\2068.jpg,Benign,0
D:/university/summer 26/Data Mining/research project/archive\train\Malignant\2553.jpg,Malignant,1
D:/university/summer 26/Data Mining/research project/archive\train\Benign\4078.jpg,Benign,0
D:/university/summer 26/Data Mining/research project/archive\train\Benign\5960.jpg,Benign,0
D:/university/summer 26/Data Mining/research project/archive\train\Benign\5546.jpg,Benign,0
D:/university/summer 26/Data Mining/research project/archive\train\Malignant\5418.jpg,Malignant,1
D:/university/summer 26/Data Mining/research project/archive\train\Benign\2732.jpg,Benign,0
D:/university/summer 26/Data Mining/research project/archive\train\Malignant\689.jpg,Malignant,1
D:/university/summer 26/Data Mining/research project/archive\train\Benign\843.jpg,Benign,0
D:/university/summer 26/Data Mining/research project/archive\train\Benign\4990.jpg,Benign,0
D:/university/summer 26/Data Mining/research project/archive\train\Benign\3449.jpg,Benign,0
D:/university/summer 26/Data Mining/research project/archive\train\Malignant\2328.jpg,Malignant,1
D:/university/summer 26/Data Mining/research project/archive\train\Benign\1586.jpg,Benign,0
D:/university/summer 26/Data Mining/research project/archive\train\Malignant\3867.jpg,Malignant,1
D:/university/summer 26/Data Mining/research project/archive\train\Malignant\2584.jpg,Malignant,1
D:/university/summer 26/Data Mining/research project/archive\train\Malignant\5087.jpg,Malignant,1
D:/university/summer 26/Data Mining/research project/archive\train\Benign\2388.jpg,Benign,0
D:/university/summer 26/Data Mining/research project/archive\train\Malignant\1969.jpg,Malignant,1
D:/university/summer 26/Data Mining/research project/archive\train\Malignant\2968.jpg,Malignant,1
D:/university/summer 26/Data Mining/research project/archive\train\Benign\2715.jpg,Benign,0
D:/university/summer 26/Data Mining/research project/archive\train\Malignant\1204.jpg,Malignant,1
D:/university/summer 26/Data Mining/research project/archive\train\Benign\5166.jpg,Benign,0
D:/university/summer 26/Data Mining/research project/archive\train\Malignant\1894.jpg,Malignant,1
D:/university/summer 26/Data Mining/research project/archive\train\Benign\5184.jpg,Benign,0
D:/university/summer 26/Data Mining/research project/archive\train\Benign\6098.jpg,Benign,0
D:/university/summer 26/Data Mining/research project/archive\train\Malignant\4916.jpg,Malignant,1
D:/university/summer 26/Data Mining/research project/archive\train\Malignant\2765.jpg,Malignant,1
D:/university/summer 26/Data Mining/research project/archive\train\Malignant\5053.jpg,Malignant,1
D:/university/summer 26/Data Mining/research project/archive\train\Benign\1063.jpg,Benign,0
D:/university/summer 26/Data Mining/research project/archive\train\Benign\3914.jpg,Benign,0
D:/university/summer 26/Data Mining/research project/archive\train\Benign\20.jpg,Benign,0
D:/university/summer 26/Data Mining/research project/archive\train\Benign\2610.jpg,Benign,0
D:/university/summer 26/Data Mining/research project/archive\train\Malignant\1521.jpg,Malignant,1
D:/university/summer 26/Data Mining/research project/archive\train\Benign\1416.jpg,Benign,0
D:/university/summer 26/Data Mining/research project/archive\train\Benign\2295.jpg,Benign,0
D:/university/summer 26/Data Mining/research project/archive\train\Malignant\4229.jpg,Malignant,1
D:/university/summer 26/Data Mining/research project/archive\train\Benign\4839.jpg,Benign,0
D:/university/summer 26/Data Mining/research project/archive\train\Malignant\3428.jpg,Malignant,1
D:/university/summer 26/Data Mining/research project/archive\train\Malignant\4145.jpg,Malignant,1
D:/university/summer 26/Data Mining/research project/archive\train\Malignant\27.jpg,Malignant,1
D:/university/summer 26/Data Mining/research project/archive\train\Benign\657.jpg,Benign,0
D:/university/summer 26/Data Mining/research project/archive\train\Benign\3522.jpg,Benign,0
D:/university/summer 26/Data Mining/research project/archive\train\Malignant\2773.jpg,Malignant,1
D:/university/summer 26/Data Mining/research project/archive\train\Benign\4496.jpg,Benign,0
D:/university/summer 26/Data Mining/research project/archive\train\Benign\1209.jpg,Benign,0
D:/university/summer 26/Data Mining/research project/archive\train\Benign\5108.jpg,Benign,0
D:/university/summer 26/Data Mining/research project/archive\train\Malignant\2634.jpg,Malignant,1
D:/university/summer 26/Data Mining/research project/archive\train\Malignant\2524.jpg,Malignant,1
D:/university/summer 26/Data Mining/research project/archive\train\Malignant\2745.jpg,Malignant,1
D:/university/summer 26/Data Mining/research project/archive\train\Benign\4780.jpg,Benign,0
D:/university/summer 26/Data Mining/research project/archive\train\Benign\4023.jpg,Benign,0
D:/university/summer 26/Data Mining/research project/archive\train\Malignant\626.jpg,Malignant,1
D:/university/summer 26/Data Mining/research project/archive\train\Benign\779.jpg,Benign,0
D:/university/summer 26/Data Mining/research project/archive\train\Benign\3221.jpg,Benign,0
D:/university/summer 26/Data Mining/research project/archive\train\Malignant\1028.jpg,Malignant,1
D:/university/summer 26/Data Mining/research project/archive\train\Benign\6049.jpg,Benign,0
D:/university/summer 26/Data Mining/research project/archive\train\Malignant\2075.jpg,Malignant,1
D:/university/summer 26/Data Mining/research project/archive\train\Benign\2728.jpg,Benign,0
D:/university/summer 26/Data Mining/research project/archive\train\Malignant\576.jpg,Malignant,1
D:/university/summer 26/Data Mining/research project/archive\train\Malignant\4531.jpg,Malignant,1
D:/university/summer 26/Data Mining/research project/archive\train\Malignant\3577.jpg,Malignant,1
D:/university/summer 26/Data Mining/research project/archive\train\Benign\1759.jpg,Benign,0
D:/university/summer 26/Data Mining/research project/archive\train\Malignant\3888.jpg,Malignant,1
D:/university/summer 26/Data Mining/research project/archive\train\Malignant\968.jpg,Malignant,1
D:/university/summer 26/Data Mining/research project/archive\train\Benign\1725.jpg,Benign,0
D:/university/summer 26/Data Mining/research project/archive\train\Malignant\97.jpg,Malignant,1
D:/university/summer 26/Data Mining/research project/archive\train\Malignant\4847.jpg,Malignant,1
D:/university/summer 26/Data Mining/research project/archive\train\Malignant\1534.jpg,Malignant,1
D:/university/summer 26/Data Mining/research project/archive\train\Malignant\5487.jpg,Malignant,1
D:/university/summer 26/Data Mining/research project/archive\train\Malignant\3372.jpg,Malignant,1
D:/university/summer 26/Data Mining/research project/archive\train\Benign\2557.jpg,Benign,0
D:/university/summer 26/Data Mining/research project/archive\train\Benign\375.jpg,Benign,0
D:/university/summer 26/Data Mining/research project/archive\train\Benign\4344.jpg,Benign,0
D:/university/summer 26/Data Mining/research project/archive\train\Benign\5607.jpg,Benign,0
D:/university/summer 26/Data Mining/research project/archive\train\Benign\998.jpg,Benign,0
D:/university/summer 26/Data Mining/research project/archive\train\Benign\815.jpg,Benign,0
D:/university/summer 26/Data Mining/research project/archive\train\Malignant\1626.jpg,Malignant,1
D:/university/summer 26/Data Mining/research project/archive\train\Malignant\3002.jpg,Malignant,1
D:/university/summer 26/Data Mining/research project/archive\train\Benign\2571.jpg,Benign,0
D:/university/summer 26/Data Mining/research project/archive\train\Benign\2548.jpg,Benign,0
D:/university/summer 26/Data Mining/research project/archive\train\Benign\184.jpg,Benign,0
D:/university/summer 26/Data Mining/research project/archive\train\Malignant\198.jpg,Malignant,1
D:/university/summer 26/Data Mining/research project/archive\train\Benign\4625.jpg,Benign,0
D:/university/summer 26/Data Mining/research project/archive\train\Benign\3640.jpg,Benign,0
D:/university/summer 26/Data Mining/research project/archive\train\Malignant\5077.jpg,Malignant,1
D:/university/summer 26/Data Mining/research project/archive\train\Malignant\1602.jpg,Malignant,1
D:/university/summer 26/Data Mining/research project/archive\train\Malignant\3734.jpg,Malignant,1
D:/university/summer 26/Data Mining/research project/archive\train\Malignant\4039.jpg,Malignant,1
D:/university/summer 26/Data Mining/research project/archive\train\Malignant\76.jpg,Malignant,1
D:/university/summer 26/Data Mining/research project/archive\train\Benign\5537.jpg,Benign,0
D:/university/summer 26/Data Mining/research project/archive\train\Benign\2721.jpg,Benign,0
D:/university/summer 26/Data Mining/research project/archive\train\Benign\3844.jpg,Benign,0
D:/university/summer 26/Data Mining/research project/archive\train\Malignant\4767.jpg,Malignant,1
D:/university/summer 26/Data Mining/research project/archive\train\Benign\5706.jpg,Benign,0
D:/university/summer 26/Data Mining/research project/archive\train\Benign\1904.jpg,Benign,0
D:/university/summer 26/Data Mining/research project/archive\train\Benign\9.jpg,Benign,0
D:/university/summer 26/Data Mining/research project/archive\train\Benign\3140.jpg,Benign,0
D:/university/summer 26/Data Mining/research project/archive\train\Benign\4915.jpg,Benign,0
D:/university/summer 26/Data Mining/research project/archive\train\Malignant\2829.jpg,Malignant,1
D:/university/summer 26/Data Mining/research project/archive\train\Benign\5776.jpg,Benign,0
D:/university/summer 26/Data Mining/research project/archive\train\Malignant\2092.jpg,Malignant,1
D:/university/summer 26/Data Mining/research project/archive\train\Malignant\3383.jpg,Malignant,1
D:/university/summer 26/Data Mining/research project/archive\train\Benign\1025.jpg,Benign,0
D:/university/summer 26/Data Mining/research project/archive\train\Malignant\5036.jpg,Malignant,1
D:/university/summer 26/Data Mining/research project/archive\train\Benign\3398.jpg,Benign,0
D:/university/summer 26/Data Mining/research project/archive\train\Malignant\4397.jpg,Malignant,1
D:/university/summer 26/Data Mining/research project/archive\train\Malignant\4177.jpg,Malignant,1
D:/university/summer 26/Data Mining/research project/archive\train\Benign\2254.jpg,Benign,0
D:/university/summer 26/Data Mining/research project/archive\train\Malignant\5497.jpg,Malignant,1
D:/university/summer 26/Data Mining/research project/archive\train\Benign\2114.jpg,Benign,0
D:/university/summer 26/Data Mining/research project/archive\train\Benign\1314.jpg,Benign,0
D:/university/summer 26/Data Mining/research project/archive\train\Benign\4967.jpg,Benign,0
D:/university/summer 26/Data Mining/research project/archive\train\Malignant\2509.jpg,Malignant,1
D:/university/summer 26/Data Mining/research project/archive\train\Malignant\1007.jpg,Malignant,1
D:/university/summer 26/Data Mining/research project/archive\train\Malignant\279.jpg,Malignant,1
D:/university/summer 26/Data Mining/research project/archive\train\Benign\850.jpg,Benign,0
D:/university/summer 26/Data Mining/research project/archive\train\Malignant\4748.jpg,Malignant,1
D:/university/summer 26/Data Mining/research project/archive\train\Benign\2574.jpg,Benign,0
D:/university/summer 26/Data Mining/research project/archive\train\Malignant\4175.jpg,Malignant,1
D:/university/summer 26/Data Mining/research project/archive\train\Benign\460.jpg,Benign,0
D:/university/summer 26/Data Mining/research project/archive\train\Benign\135.jpg,Benign,0
D:/university/summer 26/Data Mining/research project/archive\train\Malignant\3492.jpg,Malignant,1
D:/university/summer 26/Data Mining/research project/archive\train\Benign\4040.jpg,Benign,0
D:/university/summer 26/Data Mining/research project/archive\train\Benign\514.jpg,Benign,0
D:/university/summer 26/Data Mining/research project/archive\train\Malignant\4104.jpg,Malignant,1
D:/university/summer 26/Data Mining/research project/archive\train\Malignant\4116.jpg,Malignant,1
D:/university/summer 26/Data Mining/research project/archive\train\Benign\3017.jpg,Benign,0
D:/university/summer 26/Data Mining/research project/archive\train\Benign\2757.jpg,Benign,0
D:/university/summer 26/Data Mining/research project/archive\train\Benign\1071.jpg,Benign,0
D:/university/summer 26/Data Mining/research project/archive\train\Benign\4680.jpg,Benign,0
D:/university/summer 26/Data Mining/research project/archive\train\Benign\3212.jpg,Benign,0
D:/university/summer 26/Data Mining/research project/archive\train\Benign\2630.jpg,Benign,0
D:/university/summer 26/Data Mining/research project/archive\train\Benign\2609.jpg,Benign,0
D:/university/summer 26/Data Mining/research project/archive\train\Benign\2247.jpg,Benign,0
D:/university/summer 26/Data Mining/research project/archive\train\Benign\1249.jpg,Benign,0
D:/university/summer 26/Data Mining/research project/archive\train\Benign\698.jpg,Benign,0
D:/university/summer 26/Data Mining/research project/archive\train\Benign\2805.jpg,Benign,0
D:/university/summer 26/Data Mining/research project/archive\train\Benign\6263.jpg,Benign,0
D:/university/summer 26/Data Mining/research project/archive\train\Malignant\4103.jpg,Malignant,1
D:/university/summer 26/Data Mining/research project/archive\train\Malignant\5081.jpg,Malignant,1
D:/university/summer 26/Data Mining/research project/archive\train\Benign\92.jpg,Benign,0
D:/university/summer 26/Data Mining/research project/archive\train\Benign\5517.jpg,Benign,0
D:/university/summer 26/Data Mining/research project/archive\train\Malignant\5430.jpg,Malignant,1
D:/university/summer 26/Data Mining/research project/archive\train\Benign\727.jpg,Benign,0
D:/university/summer 26/Data Mining/research project/archive\train\Malignant\819.jpg,Malignant,1
D:/university/summer 26/Data Mining/research project/archive\train\Benign\108.jpg,Benign,0
D:/university/summer 26/Data Mining/research project/archive\train\Benign\4913.jpg,Benign,0
D:/university/summer 26/Data Mining/research project/archive\train\Malignant\5507.jpg,Malignant,1
D:/university/summer 26/Data Mining/research project/archive\train\Malignant\1687.jpg,Malignant,1
D:/university/summer 26/Data Mining/research project/archive\train\Benign\649.jpg,Benign,0
D:/university/summer 26/Data Mining/research project/archive\train\Benign\2234.jpg,Benign,0
D:/university/summer 26/Data Mining/research project/archive\train\Benign\5430.jpg,Benign,0
D:/university/summer 26/Data Mining/research project/archive\train\Malignant\5086.jpg,Malignant,1
D:/university/summer 26/Data Mining/research project/archive\train\Malignant\3875.jpg,Malignant,1
D:/university/summer 26/Data Mining/research project/archive\train\Malignant\710.jpg,Malignant,1
D:/university/summer 26/Data Mining/research project/archive\train\Malignant\4428.jpg,Malignant,1
D:/university/summer 26/Data Mining/research project/archive\train\Malignant\4044.jpg,Malignant,1
D:/university/summer 26/Data Mining/research project/archive\train\Malignant\1816.jpg,Malignant,1
D:/university/summer 26/Data Mining/research project/archive\train\Malignant\151.jpg,Malignant,1
D:/university/summer 26/Data Mining/research project/archive\train\Malignant\1394.jpg,Malignant,1
D:/university/summer 26/Data Mining/research project/archive\train\Malignant\1238.jpg,Malignant,1
D:/university/summer 26/Data Mining/research project/archive\train\Benign\6278.jpg,Benign,0
D:/university/summer 26/Data Mining/research project/archive\train\Benign\351.jpg,Benign,0
D:/university/summer 26/Data Mining/research project/archive\train\Benign\4170.jpg,Benign,0
D:/university/summer 26/Data Mining/research project/archive\train\Malignant\203.jpg,Malignant,1
D:/university/summer 26/Data Mining/research project/archive\train\Malignant\3787.jpg,Malignant,1
D:/university/summer 26/Data Mining/research project/archive\train\Malignant\2738.jpg,Malignant,1
D:/university/summer 26/Data Mining/research project/archive\train\Malignant\5004.jpg,Malignant,1
D:/university/summer 26/Data Mining/research project/archive\train\Malignant\3499.jpg,Malignant,1
D:/university/summer 26/Data Mining/research project/archive\train\Malignant\4814.jpg,Malignant,1
D:/university/summer 26/Data Mining/research project/archive\train\Benign\4087.jpg,Benign,0
D:/university/summer 26/Data Mining/research project/archive\train\Benign\2910.jpg,Benign,0
D:/university/summer 26/Data Mining/research project/archive\train\Malignant\2327.jpg,Malignant,1
D:/university/summer 26/Data Mining/research project/archive\train\Benign\52.jpg,Benign,0
D:/university/summer 26/Data Mining/research project/archive\train\Benign\3949.jpg,Benign,0
D:/university/summer 26/Data Mining/research project/archive\train\Benign\5199.jpg,Benign,0
D:/university/summer 26/Data Mining/research project/archive\train\Benign\4000.jpg,Benign,0
D:/university/summer 26/Data Mining/research project/archive\train\Malignant\3640.jpg,Malignant,1
D:/university/summer 26/Data Mining/research project/archive\train\Benign\5717.jpg,Benign,0
D:/university/summer 26/Data Mining/research project/archive\train\Benign\261.jpg,Benign,0
D:/university/summer 26/Data Mining/research project/archive\train\Benign\4405.jpg,Benign,0
D:/university/summer 26/Data Mining/research project/archive\train\Benign\1258.jpg,Benign,0
D:/university/summer 26/Data Mining/research project/archive\train\Malignant\2426.jpg,Malignant,1
D:/university/summer 26/Data Mining/research project/archive\train\Malignant\670.jpg,Malignant,1
D:/university/summer 26/Data Mining/research project/archive\train\Malignant\4857.jpg,Malignant,1
D:/university/summer 26/Data Mining/research project/archive\train\Malignant\3401.jpg,Malignant,1
D:/university/summer 26/Data Mining/research project/archive\train\Malignant\1243.jpg,Malignant,1
D:/university/summer 26/Data Mining/research project/archive\train\Malignant\4890.jpg,Malignant,1
D:/university/summer 26/Data Mining/research project/archive\train\Benign\240.jpg,Benign,0
D:/university/summer 26/Data Mining/research project/archive\train\Malignant\2235.jpg,Malignant,1
D:/university/summer 26/Data Mining/research project/archive\train\Malignant\4224.jpg,Malignant,1
D:/university/summer 26/Data Mining/research project/archive\train\Malignant\1801.jpg,Malignant,1
D:/university/summer 26/Data Mining/research project/archive\train\Benign\3878.jpg,Benign,0
D:/university/summer 26/Data Mining/research project/archive\train\Benign\6095.jpg,Benign,0
D:/university/summer 26/Data Mining/research project/archive\train\Malignant\2746.jpg,Malignant,1
D:/university/summer 26/Data Mining/research project/archive\train\Benign\4895.jpg,Benign,0
D:/university/summer 26/Data Mining/research project/archive\train\Malignant\3454.jpg,Malignant,1
D:/university/summer 26/Data Mining/research project/archive\train\Malignant\5026.jpg,Malignant,1
D:/university/summer 26/Data Mining/research project/archive\train\Malignant\1212.jpg,Malignant,1
D:/university/summer 26/Data Mining/research project/archive\train\Malignant\1458.jpg,Malignant,1
D:/university/summer 26/Data Mining/research project/archive\train\Malignant\4336.jpg,Malignant,1
D:/university/summer 26/Data Mining/research project/archive\train\Malignant\4705.jpg,Malignant,1
D:/university/summer 26/Data Mining/research project/archive\train\Malignant\1973.jpg,Malignant,1
D:/university/summer 26/Data Mining/research project/archive\train\Benign\2943.jpg,Benign,0
D:/university/summer 26/Data Mining/research project/archive\train\Benign\1866.jpg,Benign,0
D:/university/summer 26/Data Mining/research project/archive\train\Benign\4404.jpg,Benign,0
D:/university/summer 26/Data Mining/research project/archive\train\Benign\2564.jpg,Benign,0
D:/university/summer 26/Data Mining/research project/archive\train\Malignant\1594.jpg,Malignant,1
D:/university/summer 26/Data Mining/research project/archive\train\Benign\3311.jpg,Benign,0
D:/university/summer 26/Data Mining/research project/archive\train\Benign\525.jpg,Benign,0
D:/university/summer 26/Data Mining/research project/archive\train\Benign\1915.jpg,Benign,0
D:/university/summer 26/Data Mining/research project/archive\train\Malignant\4619.jpg,Malignant,1
D:/university/summer 26/Data Mining/research project/archive\train\Benign\2811.jpg,Benign,0
D:/university/summer 26/Data Mining/research project/archive\train\Malignant\3089.jpg,Malignant,1
D:/university/summer 26/Data Mining/research project/archive\train\Benign\5135.jpg,Benign,0
D:/university/summer 26/Data Mining/research project/archive\train\Benign\2208.jpg,Benign,0
D:/university/summer 26/Data Mining/research project/archive\train\Benign\5287.jpg,Benign,0
D:/university/summer 26/Data Mining/research project/archive\train\Benign\3619.jpg,Benign,0
D:/university/summer 26/Data Mining/research project/archive\train\Malignant\2851.jpg,Malignant,1
D:/university/summer 26/Data Mining/research project/archive\train\Benign\5145.jpg,Benign,0
D:/university/summer 26/Data Mining/research project/archive\train\Benign\980.jpg,Benign,0
D:/university/summer 26/Data Mining/research project/archive\train\Malignant\422.jpg,Malignant,1
D:/university/summer 26/Data Mining/research project/archive\train\Malignant\2127.jpg,Malignant,1
D:/university/summer 26/Data Mining/research project/archive\train\Malignant\519.jpg,Malignant,1
D:/university/summer 26/Data Mining/research project/archive\train\Malignant\2552.jpg,Malignant,1
D:/university/summer 26/Data Mining/research project/archive\train\Benign\2055.jpg,Benign,0
D:/university/summer 26/Data Mining/research project/archive\train\Malignant\4921.jpg,Malignant,1
D:/university/summer 26/Data Mining/research project/archive\train\Benign\4701.jpg,Benign,0
D:/university/summer 26/Data Mining/research project/archive\train\Benign\5584.jpg,Benign,0
D:/university/summer 26/Data Mining/research project/archive\train\Benign\555.jpg,Benign,0
D:/university/summer 26/Data Mining/research project/archive\train\Malignant\1705.jpg,Malignant,1
D:/university/summer 26/Data Mining/research project/archive\train\Benign\2011.jpg,Benign,0
D:/university/summer 26/Data Mining/research project/archive\train\Malignant\5035.jpg,Malignant,1
D:/university/summer 26/Data Mining/research project/archive\train\Benign\3106.jpg,Benign,0
D:/university/summer 26/Data Mining/research project/archive\train\Benign\844.jpg,Benign,0
D:/university/summer 26/Data Mining/research project/archive\train\Benign\4812.jpg,Benign,0
D:/university/summer 26/Data Mining/research project/archive\train\Malignant\3411.jpg,Malignant,1
D:/university/summer 26/Data Mining/research project/archive\train\Benign\5962.jpg,Benign,0
D:/university/summer 26/Data Mining/research project/archive\train\Malignant\5060.jpg,Malignant,1
D:/university/summer 26/Data Mining/research project/archive\train\Malignant\3293.jpg,Malignant,1
D:/university/summer 26/Data Mining/research project/archive\train\Benign\4267.jpg,Benign,0
D:/university/summer 26/Data Mining/research project/archive\train\Benign\957.jpg,Benign,0
D:/university/summer 26/Data Mining/research project/archive\train\Malignant\1436.jpg,Malignant,1
D:/university/summer 26/Data Mining/research project/archive\train\Benign\5500.jpg,Benign,0
D:/university/summer 26/Data Mining/research project/archive\train\Malignant\4971.jpg,Malignant,1
D:/university/summer 26/Data Mining/research project/archive\train\Malignant\3884.jpg,Malignant,1
D:/university/summer 26/Data Mining/research project/archive\train\Benign\6053.jpg,Benign,0
D:/university/summer 26/Data Mining/research project/archive\train\Malignant\1981.jpg,Malignant,1
D:/university/summer 26/Data Mining/research project/archive\train\Malignant\4485.jpg,Malignant,1
D:/university/summer 26/Data Mining/research project/archive\train\Malignant\3037.jpg,Malignant,1
D:/university/summer 26/Data Mining/research project/archive\train\Benign\6262.jpg,Benign,0
D:/university/summer 26/Data Mining/research project/archive\train\Malignant\2230.jpg,Malignant,1
D:/university/summer 26/Data Mining/research project/archive\train\Benign\3543.jpg,Benign,0
D:/university/summer 26/Data Mining/research project/archive\train\Benign\4091.jpg,Benign,0
D:/university/summer 26/Data Mining/research project/archive\train\Malignant\2259.jpg,Malignant,1
D:/university/summer 26/Data Mining/research project/archive\train\Benign\6243.jpg,Benign,0
D:/university/summer 26/Data Mining/research project/archive\train\Benign\2113.jpg,Benign,0
D:/university/summer 26/Data Mining/research project/archive\train\Benign\5301.jpg,Benign,0
D:/university/summer 26/Data Mining/research project/archive\train\Benign\1901.jpg,Benign,0
D:/university/summer 26/Data Mining/research project/archive\train\Malignant\527.jpg,Malignant,1
D:/university/summer 26/Data Mining/research project/archive\train\Benign\5058.jpg,Benign,0
D:/university/summer 26/Data Mining/research project/archive\train\Benign\29.jpg,Benign,0
D:/university/summer 26/Data Mining/research project/archive\train\Benign\1951.jpg,Benign,0
D:/university/summer 26/Data Mining/research project/archive\train\Malignant\3227.jpg,Malignant,1
D:/university/summer 26/Data Mining/research project/archive\train\Malignant\756.jpg,Malignant,1
D:/university/summer 26/Data Mining/research project/archive\train\Benign\5151.jpg,Benign,0
D:/university/summer 26/Data Mining/research project/archive\train\Malignant\3151.jpg,Malignant,1
D:/university/summer 26/Data Mining/research project/archive\train\Malignant\593.jpg,Malignant,1
D:/university/summer 26/Data Mining/research project/archive\train\Malignant\4732.jpg,Malignant,1
D:/university/summer 26/Data Mining/research project/archive\train\Malignant\2142.jpg,Malignant,1
D:/university/summer 26/Data Mining/research project/archive\train\Malignant\5368.jpg,Malignant,1
D:/university/summer 26/Data Mining/research project/archive\train\Benign\4579.jpg,Benign,0
D:/university/summer 26/Data Mining/research project/archive\train\Malignant\5129.jpg,Malignant,1
D:/university/summer 26/Data Mining/research project/archive\train\Malignant\5534.jpg,Malignant,1
D:/university/summer 26/Data Mining/research project/archive\train\Benign\5012.jpg,Benign,0
D:/university/summer 26/Data Mining/research project/archive\train\Benign\3984.jpg,Benign,0
D:/university/summer 26/Data Mining/research project/archive\train\Malignant\4197.jpg,Malignant,1
D:/university/summer 26/Data Mining/research project/archive\train\Malignant\3819.jpg,Malignant,1
D:/university/summer 26/Data Mining/research project/archive\train\Benign\3070.jpg,Benign,0
D:/university/summer 26/Data Mining/research project/archive\train\Benign\5608.jpg,Benign,0
D:/university/summer 26/Data Mining/research project/archive\train\Malignant\891.jpg,Malignant,1
D:/university/summer 26/Data Mining/research project/archive\train\Benign\3368.jpg,Benign,0
D:/university/summer 26/Data Mining/research project/archive\train\Malignant\1473.jpg,Malignant,1
D:/university/summer 26/Data Mining/research project/archive\train\Benign\3370.jpg,Benign,0
D:/university/summer 26/Data Mining/research project/archive\train\Malignant\3820.jpg,Malignant,1
D:/university/summer 26/Data Mining/research project/archive\train\Malignant\3132.jpg,Malignant,1
D:/university/summer 26/Data Mining/research project/archive\train\Malignant\3152.jpg,Malignant,1
D:/university/summer 26/Data Mining/research project/archive\train\Benign\1664.jpg,Benign,0
D:/university/summer 26/Data Mining/research project/archive\train\Malignant\1369.jpg,Malignant,1
D:/university/summer 26/Data Mining/research project/archive\train\Malignant\4256.jpg,Malignant,1
D:/university/summer 26/Data Mining/research project/archive\train\Malignant\4477.jpg,Malignant,1
D:/university/summer 26/Data Mining/research project/archive\train\Benign\754.jpg,Benign,0
D:/university/summer 26/Data Mining/research project/archive\train\Malignant\3392.jpg,Malignant,1
D:/university/summer 26/Data Mining/research project/archive\train\Benign\6078.jpg,Benign,0
D:/university/summer 26/Data Mining/research project/archive\train\Malignant\4358.jpg,Malignant,1
D:/university/summer 26/Data Mining/research project/archive\train\Malignant\886.jpg,Malignant,1
D:/university/summer 26/Data Mining/research project/archive\train\Benign\5237.jpg,Benign,0
D:/university/summer 26/Data Mining/research project/archive\train\Malignant\200.jpg,Malignant,1
D:/university/summer 26/Data Mining/research project/archive\train\Malignant\3186.jpg,Malignant,1
D:/university/summer 26/Data Mining/research project/archive\train\Benign\4379.jpg,Benign,0
D:/university/summer 26/Data Mining/research project/archive\train\Benign\1864.jpg,Benign,0
D:/university/summer 26/Data Mining/research project/archive\train\Malignant\3414.jpg,Malignant,1
D:/university/summer 26/Data Mining/research project/archive\train\Benign\4348.jpg,Benign,0
D:/university/summer 26/Data Mining/research project/archive\train\Malignant\5130.jpg,Malignant,1
D:/university/summer 26/Data Mining/research project/archive\train\Benign\1175.jpg,Benign,0
D:/university/summer 26/Data Mining/research project/archive\train\Benign\1499.jpg,Benign,0
D:/university/summer 26/Data Mining/research project/archive\train\Benign\4492.jpg,Benign,0
D:/university/summer 26/Data Mining/research project/archive\train\Malignant\4128.jpg,Malignant,1
D:/university/summer 26/Data Mining/research project/archive\train\Benign\2894.jpg,Benign,0
D:/university/summer 26/Data Mining/research project/archive\train\Benign\3069.jpg,Benign,0
D:/university/summer 26/Data Mining/research project/archive\train\Benign\2961.jpg,Benign,0
D:/university/summer 26/Data Mining/research project/archive\train\Malignant\1756.jpg,Malignant,1
D:/university/summer 26/Data Mining/research project/archive\train\Benign\553.jpg,Benign,0
D:/university/summer 26/Data Mining/research project/archive\train\Malignant\2937.jpg,Malignant,1
D:/university/summer 26/Data Mining/research project/archive\train\Benign\5200.jpg,Benign,0
D:/university/summer 26/Data Mining/research project/archive\train\Benign\96.jpg,Benign,0
D:/university/summer 26/Data Mining/research project/archive\train\Benign\397.jpg,Benign,0
D:/university/summer 26/Data Mining/research project/archive\train\Malignant\3162.jpg,Malignant,1
D:/university/summer 26/Data Mining/research project/archive\train\Malignant\4572.jpg,Malignant,1
D:/university/summer 26/Data Mining/research project/archive\train\Benign\2439.jpg,Benign,0
D:/university/summer 26/Data Mining/research project/archive\train\Malignant\1565.jpg,Malignant,1
D:/university/summer 26/Data Mining/research project/archive\train\Malignant\3083.jpg,Malignant,1
D:/university/summer 26/Data Mining/research project/archive\train\Benign\2920.jpg,Benign,0
D:/university/summer 26/Data Mining/research project/archive\train\Benign\2218.jpg,Benign,0
D:/university/summer 26/Data Mining/research project/archive\train\Benign\601.jpg,Benign,0
D:/university/summer 26/Data Mining/research project/archive\train\Benign\6052.jpg,Benign,0
D:/university/summer 26/Data Mining/research project/archive\train\Malignant\5472.jpg,Malignant,1
D:/university/summer 26/Data Mining/research project/archive\train\Benign\4295.jpg,Benign,0
D:/university/summer 26/Data Mining/research project/archive\train\Malignant\4852.jpg,Malignant,1
D:/university/summer 26/Data Mining/research project/archive\train\Malignant\2221.jpg,Malignant,1
D:/university/summer 26/Data Mining/research project/archive\train\Benign\2947.jpg,Benign,0
D:/university/summer 26/Data Mining/research project/archive\train\Malignant\1968.jpg,Malignant,1
D:/university/summer 26/Data Mining/research project/archive\train\Benign\1923.jpg,Benign,0
D:/university/summer 26/Data Mining/research project/archive\train\Benign\6222.jpg,Benign,0
D:/university/summer 26/Data Mining/research project/archive\train\Malignant\4841.jpg,Malignant,1
D:/university/summer 26/Data Mining/research project/archive\train\Malignant\2607.jpg,Malignant,1
D:/university/summer 26/Data Mining/research project/archive\train\Benign\79.jpg,Benign,0
D:/university/summer 26/Data Mining/research project/archive\train\Malignant\3366.jpg,Malignant,1
D:/university/summer 26/Data Mining/research project/archive\train\Malignant\4956.jpg,Malignant,1
D:/university/summer 26/Data Mining/research project/archive\train\Benign\3369.jpg,Benign,0
D:/university/summer 26/Data Mining/research project/archive\train\Malignant\348.jpg,Malignant,1
D:/university/summer 26/Data Mining/research project/archive\train\Benign\3479.jpg,Benign,0
D:/university/summer 26/Data Mining/research project/archive\train\Malignant\2191.jpg,Malignant,1
D:/university/summer 26/Data Mining/research project/archive\train\Malignant\1591.jpg,Malignant,1
D:/university/summer 26/Data Mining/research project/archive\train\Malignant\5475.jpg,Malignant,1
D:/university/summer 26/Data Mining/research project/archive\train\Benign\4429.jpg,Benign,0
D:/university/summer 26/Data Mining/research project/archive\train\Malignant\2356.jpg,Malignant,1
D:/university/summer 26/Data Mining/research project/archive\train\Benign\2130.jpg,Benign,0
D:/university/summer 26/Data Mining/research project/archive\train\Benign\150.jpg,Benign,0
D:/university/summer 26/Data Mining/research project/archive\train\Malignant\4827.jpg,Malignant,1
D:/university/summer 26/Data Mining/research project/archive\train\Malignant\445.jpg,Malignant,1
D:/university/summer 26/Data Mining/research project/archive\train\Malignant\1002.jpg,Malignant,1
D:/university/summer 26/Data Mining/research project/archive\train\Malignant\93.jpg,Malignant,1
D:/university/summer 26/Data Mining/research project/archive\train\Malignant\23.jpg,Malignant,1
D:/university/summer 26/Data Mining/research project/archive\train\Benign\3193.jpg,Benign,0
D:/university/summer 26/Data Mining/research project/archive\train\Benign\1338.jpg,Benign,0
D:/university/summer 26/Data Mining/research project/archive\train\Benign\2876.jpg,Benign,0
D:/university/summer 26/Data Mining/research project/archive\train\Benign\4750.jpg,Benign,0
D:/university/summer 26/Data Mining/research project/archive\train\Benign\4442.jpg,Benign,0
D:/university/summer 26/Data Mining/research project/archive\train\Benign\5293.jpg,Benign,0
D:/university/summer 26/Data Mining/research project/archive\train\Benign\294.jpg,Benign,0
D:/university/summer 26/Data Mining/research project/archive\train\Benign\4767.jpg,Benign,0
D:/university/summer 26/Data Mining/research project/archive\train\Malignant\1297.jpg,Malignant,1
D:/university/summer 26/Data Mining/research project/archive\train\Benign\356.jpg,Benign,0
D:/university/summer 26/Data Mining/research project/archive\train\Malignant\4353.jpg,Malignant,1
D:/university/summer 26/Data Mining/research project/archive\train\Benign\5056.jpg,Benign,0
D:/university/summer 26/Data Mining/research project/archive\train\Benign\60.jpg,Benign,0
D:/university/summer 26/Data Mining/research project/archive\train\Malignant\3585.jpg,Malignant,1
D:/university/summer 26/Data Mining/research project/archive\train\Malignant\3634.jpg,Malignant,1
D:/university/summer 26/Data Mining/research project/archive\train\Malignant\5240.jpg,Malignant,1
D:/university/summer 26/Data Mining/research project/archive\train\Benign\342.jpg,Benign,0
D:/university/summer 26/Data Mining/research project/archive\train\Malignant\660.jpg,Malignant,1
D:/university/summer 26/Data Mining/research project/archive\train\Benign\2292.jpg,Benign,0
D:/university/summer 26/Data Mining/research project/archive\train\Malignant\2863.jpg,Malignant,1
D:/university/summer 26/Data Mining/research project/archive\train\Malignant\3772.jpg,Malignant,1
D:/university/summer 26/Data Mining/research project/archive\train\Malignant\2644.jpg,Malignant,1
D:/university/summer 26/Data Mining/research project/archive\train\Malignant\2884.jpg,Malignant,1
D:/university/summer 26/Data Mining/research project/archive\train\Benign\6199.jpg,Benign,0
D:/university/summer 26/Data Mining/research project/archive\train\Benign\409.jpg,Benign,0
D:/university/summer 26/Data Mining/research project/archive\train\Benign\2132.jpg,Benign,0
D:/university/summer 26/Data Mining/research project/archive\train\Benign\5381.jpg,Benign,0
D:/university/summer 26/Data Mining/research project/archive\train\Benign\1532.jpg,Benign,0
D:/university/summer 26/Data Mining/research project/archive\train\Benign\3893.jpg,Benign,0
D:/university/summer 26/Data Mining/research project/archive\train\Benign\4852.jpg,Benign,0
D:/university/summer 26/Data Mining/research project/archive\train\Benign\5111.jpg,Benign,0
D:/university/summer 26/Data Mining/research project/archive\train\Benign\4633.jpg,Benign,0
D:/university/summer 26/Data Mining/research project/archive\train\Benign\715.jpg,Benign,0
D:/university/summer 26/Data Mining/research project/archive\train\Malignant\5536.jpg,Malignant,1
D:/university/summer 26/Data Mining/research project/archive\train\Malignant\1546.jpg,Malignant,1
D:/university/summer 26/Data Mining/research project/archive\train\Malignant\1682.jpg,Malignant,1
D:/university/summer 26/Data Mining/research project/archive\train\Malignant\4680.jpg,Malignant,1
D:/university/summer 26/Data Mining/research project/archive\train\Malignant\1851.jpg,Malignant,1
D:/university/summer 26/Data Mining/research project/archive\train\Malignant\2676.jpg,Malignant,1
D:/university/summer 26/Data Mining/research project/archive\train\Malignant\1585.jpg,Malignant,1
D:/university/summer 26/Data Mining/research project/archive\train\Benign\891.jpg,Benign,0
D:/university/summer 26/Data Mining/research project/archive\train\Benign\3944.jpg,Benign,0
D:/university/summer 26/Data Mining/research project/archive\train\Benign\4464.jpg,Benign,0
D:/university/summer 26/Data Mining/research project/archive\train\Malignant\2556.jpg,Malignant,1
D:/university/summer 26/Data Mining/research project/archive\train\Benign\5655.jpg,Benign,0
D:/university/summer 26/Data Mining/research project/archive\train\Benign\4598.jpg,Benign,0
D:/university/summer 26/Data Mining/research project/archive\train\Benign\2093.jpg,Benign,0
D:/university/summer 26/Data Mining/research project/archive\train\Malignant\3933.jpg,Malignant,1
D:/university/summer 26/Data Mining/research project/archive\train\Benign\45.jpg,Benign,0
D:/university/summer 26/Data Mining/research project/archive\train\Benign\1457.jpg,Benign,0
D:/university/summer 26/Data Mining/research project/archive\train\Benign\2059.jpg,Benign,0
D:/university/summer 26/Data Mining/research project/archive\train\Benign\4146.jpg,Benign,0
D:/university/summer 26/Data Mining/research project/archive\train\Benign\6293.jpg,Benign,0
D:/university/summer 26/Data Mining/research project/archive\train\Malignant\2955.jpg,Malignant,1
D:/university/summer 26/Data Mining/research project/archive\train\Malignant\2577.jpg,Malignant,1
D:/university/summer 26/Data Mining/research project/archive\train\Malignant\5290.jpg,Malignant,1
D:/university/summer 26/Data Mining/research project/archive\train\Benign\266.jpg,Benign,0
D:/university/summer 26/Data Mining/research project/archive\train\Malignant\4077.jpg,Malignant,1
D:/university/summer 26/Data Mining/research project/archive\train\Benign\6209.jpg,Benign,0
D:/university/summer 26/Data Mining/research project/archive\train\Benign\5854.jpg,Benign,0
D:/university/summer 26/Data Mining/research project/archive\train\Malignant\4289.jpg,Malignant,1
D:/university/summer 26/Data Mining/research project/archive\train\Benign\861.jpg,Benign,0
D:/university/summer 26/Data Mining/research project/archive\train\Benign\1109.jpg,Benign,0
D:/university/summer 26/Data Mining/research project/archive\train\Malignant\3216.jpg,Malignant,1
D:/university/summer 26/Data Mining/research project/archive\train\Benign\654.jpg,Benign,0
D:/university/summer 26/Data Mining/research project/archive\train\Malignant\4862.jpg,Malignant,1
D:/university/summer 26/Data Mining/research project/archive\train\Benign\4714.jpg,Benign,0
D:/university/summer 26/Data Mining/research project/archive\train\Malignant\2979.jpg,Malignant,1
D:/university/summer 26/Data Mining/research project/archive\train\Malignant\4579.jpg,Malignant,1
D:/university/summer 26/Data Mining/research project/archive\train\Malignant\1970.jpg,Malignant,1
D:/university/summer 26/Data Mining/research project/archive\train\Malignant\84.jpg,Malignant,1
D:/university/summer 26/Data Mining/research project/archive\train\Malignant\4917.jpg,Malignant,1
D:/university/summer 26/Data Mining/research project/archive\train\Malignant\3567.jpg,Malignant,1
D:/university/summer 26/Data Mining/research project/archive\train\Malignant\3783.jpg,Malignant,1
D:/university/summer 26/Data Mining/research project/archive\train\Malignant\785.jpg,Malignant,1
D:/university/summer 26/Data Mining/research project/archive\train\Benign\3902.jpg,Benign,0
D:/university/summer 26/Data Mining/research project/archive\train\Malignant\2541.jpg,Malignant,1
D:/university/summer 26/Data Mining/research project/archive\train\Malignant\479.jpg,Malignant,1
D:/university/summer 26/Data Mining/research project/archive\train\Malignant\3195.jpg,Malignant,1
D:/university/summer 26/Data Mining/research project/archive\train\Malignant\3809.jpg,Malignant,1
D:/university/summer 26/Data Mining/research project/archive\train\Benign\2703.jpg,Benign,0
D:/university/summer 26/Data Mining/research project/archive\train\Benign\862.jpg,Benign,0
D:/university/summer 26/Data Mining/research project/archive\train\Malignant\5264.jpg,Malignant,1
D:/university/summer 26/Data Mining/research project/archive\train\Malignant\2295.jpg,Malignant,1
D:/university/summer 26/Data Mining/research project/archive\train\Malignant\130.jpg,Malignant,1
D:/university/summer 26/Data Mining/research project/archive\train\Malignant\1267.jpg,Malignant,1
D:/university/summer 26/Data Mining/research project/archive\train\Benign\2952.jpg,Benign,0
D:/university/summer 26/Data Mining/research project/archive\train\Benign\3789.jpg,Benign,0
D:/university/summer 26/Data Mining/research project/archive\train\Malignant\5079.jpg,Malignant,1
D:/university/summer 26/Data Mining/research project/archive\train\Benign\5256.jpg,Benign,0
D:/university/summer 26/Data Mining/research project/archive\train\Malignant\2747.jpg,Malignant,1
D:/university/summer 26/Data Mining/research project/archive\train\Malignant\2952.jpg,Malignant,1
D:/university/summer 26/Data Mining/research project/archive\train\Benign\2878.jpg,Benign,0
D:/university/summer 26/Data Mining/research project/archive\train\Malignant\1927.jpg,Malignant,1
D:/university/summer 26/Data Mining/research project/archive\train\Benign\4201.jpg,Benign,0
D:/university/summer 26/Data Mining/research project/archive\train\Benign\2475.jpg,Benign,0
D:/university/summer 26/Data Mining/research project/archive\train\Malignant\2654.jpg,Malignant,1
D:/university/summer 26/Data Mining/research project/archive\train\Malignant\2612.jpg,Malignant,1
D:/university/summer 26/Data Mining/research project/archive\train\Malignant\1061.jpg,Malignant,1
D:/university/summer 26/Data Mining/research project/archive\train\Benign\3739.jpg,Benign,0
D:/university/summer 26/Data Mining/research project/archive\train\Benign\1306.jpg,Benign,0
D:/university/summer 26/Data Mining/research project/archive\train\Malignant\4574.jpg,Malignant,1
D:/university/summer 26/Data Mining/research project/archive\train\Benign\5393.jpg,Benign,0
D:/university/summer 26/Data Mining/research project/archive\train\Malignant\4734.jpg,Malignant,1
D:/university/summer 26/Data Mining/research project/archive\train\Benign\869.jpg,Benign,0
D:/university/summer 26/Data Mining/research project/archive\train\Malignant\935.jpg,Malignant,1
D:/university/summer 26/Data Mining/research project/archive\train\Malignant\4481.jpg,Malignant,1
D:/university/summer 26/Data Mining/research project/archive\train\Benign\2081.jpg,Benign,0
D:/university/summer 26/Data Mining/research project/archive\train\Malignant\3747.jpg,Malignant,1
D:/university/summer 26/Data Mining/research project/archive\train\Benign\1724.jpg,Benign,0
D:/university/summer 26/Data Mining/research project/archive\train\Benign\5420.jpg,Benign,0
D:/university/summer 26/Data Mining/research project/archive\train\Malignant\2661.jpg,Malignant,1
D:/university/summer 26/Data Mining/research project/archive\train\Benign\2651.jpg,Benign,0
D:/university/summer 26/Data Mining/research project/archive\train\Benign\3249.jpg,Benign,0
D:/university/summer 26/Data Mining/research project/archive\train\Malignant\4019.jpg,Malignant,1
D:/university/summer 26/Data Mining/research project/archive\train\Malignant\2368.jpg,Malignant,1
D:/university/summer 26/Data Mining/research project/archive\train\Malignant\319.jpg,Malignant,1
D:/university/summer 26/Data Mining/research project/archive\train\Benign\695.jpg,Benign,0
D:/university/summer 26/Data Mining/research project/archive\train\Malignant\3154.jpg,Malignant,1
D:/university/summer 26/Data Mining/research project/archive\train\Benign\3825.jpg,Benign,0
D:/university/summer 26/Data Mining/research project/archive\train\Benign\635.jpg,Benign,0
D:/university/summer 26/Data Mining/research project/archive\train\Benign\3820.jpg,Benign,0
D:/university/summer 26/Data Mining/research project/archive\train\Malignant\640.jpg,Malignant,1
D:/university/summer 26/Data Mining/research project/archive\train\Benign\4141.jpg,Benign,0
D:/university/summer 26/Data Mining/research project/archive\train\Benign\3119.jpg,Benign,0
D:/university/summer 26/Data Mining/research project/archive\train\Benign\1542.jpg,Benign,0
D:/university/summer 26/Data Mining/research project/archive\train\Malignant\2819.jpg,Malignant,1
D:/university/summer 26/Data Mining/research project/archive\train\Malignant\854.jpg,Malignant,1
D:/university/summer 26/Data Mining/research project/archive\train\Benign\4497.jpg,Benign,0
D:/university/summer 26/Data Mining/research project/archive\train\Benign\5410.jpg,Benign,0
D:/university/summer 26/Data Mining/research project/archive\train\Malignant\2926.jpg,Malignant,1
D:/university/summer 26/Data Mining/research project/archive\train\Malignant\166.jpg,Malignant,1
D:/university/summer 26/Data Mining/research project/archive\train\Benign\6002.jpg,Benign,0
D:/university/summer 26/Data Mining/research project/archive\train\Benign\1755.jpg,Benign,0
D:/university/summer 26/Data Mining/research project/archive\train\Malignant\2177.jpg,Malignant,1
D:/university/summer 26/Data Mining/research project/archive\train\Malignant\3964.jpg,Malignant,1
D:/university/summer 26/Data Mining/research project/archive\train\Benign\1412.jpg,Benign,0
D:/university/summer 26/Data Mining/research project/archive\train\Benign\6165.jpg,Benign,0
D:/university/summer 26/Data Mining/research project/archive\train\Benign\5698.jpg,Benign,0
D:/university/summer 26/Data Mining/research project/archive\train\Benign\5.jpg,Benign,0
D:/university/summer 26/Data Mining/research project/archive\train\Benign\4637.jpg,Benign,0
D:/university/summer 26/Data Mining/research project/archive\train\Benign\3599.jpg,Benign,0
D:/university/summer 26/Data Mining/research project/archive\train\Benign\752.jpg,Benign,0
D:/university/summer 26/Data Mining/research project/archive\train\Malignant\3776.jpg,Malignant,1
D:/university/summer 26/Data Mining/research project/archive\train\Malignant\5151.jpg,Malignant,1
D:/university/summer 26/Data Mining/research project/archive\train\Malignant\400.jpg,Malignant,1
D:/university/summer 26/Data Mining/research project/archive\train\Malignant\4236.jpg,Malignant,1
D:/university/summer 26/Data Mining/research project/archive\train\Benign\3773.jpg,Benign,0
D:/university/summer 26/Data Mining/research project/archive\train\Benign\5405.jpg,Benign,0
D:/university/summer 26/Data Mining/research project/archive\train\Benign\2705.jpg,Benign,0
D:/university/summer 26/Data Mining/research project/archive\train\Malignant\4009.jpg,Malignant,1
D:/university/summer 26/Data Mining/research project/archive\train\Malignant\160.jpg,Malignant,1
D:/university/summer 26/Data Mining/research project/archive\train\Benign\5953.jpg,Benign,0
D:/university/summer 26/Data Mining/research project/archive\train\Benign\5568.jpg,Benign,0
D:/university/summer 26/Data Mining/research project/archive\train\Benign\10.jpg,Benign,0
D:/university/summer 26/Data Mining/research project/archive\train\Benign\3182.jpg,Benign,0
D:/university/summer 26/Data Mining/research project/archive\train\Benign\4851.jpg,Benign,0
D:/university/summer 26/Data Mining/research project/archive\train\Benign\4976.jpg,Benign,0
D:/university/summer 26/Data Mining/research project/archive\train\Benign\3096.jpg,Benign,0
D:/university/summer 26/Data Mining/research project/archive\train\Benign\1777.jpg,Benign,0
D:/university/summer 26/Data Mining/research project/archive\train\Benign\4998.jpg,Benign,0
D:/university/summer 26/Data Mining/research project/archive\train\Benign\4654.jpg,Benign,0
D:/university/summer 26/Data Mining/research project/archive\train\Benign\706.jpg,Benign,0
D:/university/summer 26/Data Mining/research project/archive\train\Malignant\3778.jpg,Malignant,1
D:/university/summer 26/Data Mining/research project/archive\train\Benign\893.jpg,Benign,0
D:/university/summer 26/Data Mining/research project/archive\train\Malignant\1347.jpg,Malignant,1
D:/university/summer 26/Data Mining/research project/archive\train\Malignant\2900.jpg,Malignant,1
D:/university/summer 26/Data Mining/research project/archive\train\Benign\1420.jpg,Benign,0
D:/university/summer 26/Data Mining/research project/archive\train\Malignant\3668.jpg,Malignant,1
D:/university/summer 26/Data Mining/research project/archive\train\Malignant\4949.jpg,Malignant,1
D:/university/summer 26/Data Mining/research project/archive\train\Malignant\1809.jpg,Malignant,1
D:/university/summer 26/Data Mining/research project/archive\train\Benign\4858.jpg,Benign,0
D:/university/summer 26/Data Mining/research project/archive\train\Malignant\2525.jpg,Malignant,1
D:/university/summer 26/Data Mining/research project/archive\train\Benign\2586.jpg,Benign,0
D:/university/summer 26/Data Mining/research project/archive\train\Malignant\1912.jpg,Malignant,1
D:/university/summer 26/Data Mining/research project/archive\train\Malignant\3203.jpg,Malignant,1
D:/university/summer 26/Data Mining/research project/archive\train\Benign\4738.jpg,Benign,0
D:/university/summer 26/Data Mining/research project/archive\train\Malignant\3792.jpg,Malignant,1
D:/university/summer 26/Data Mining/research project/archive\train\Malignant\4196.jpg,Malignant,1
D:/university/summer 26/Data Mining/research project/archive\train\Malignant\2233.jpg,Malignant,1
D:/university/summer 26/Data Mining/research project/archive\train\Benign\1589.jpg,Benign,0
D:/university/summer 26/Data Mining/research project/archive\train\Malignant\5224.jpg,Malignant,1
D:/university/summer 26/Data Mining/research project/archive\train\Malignant\3566.jpg,Malignant,1
D:/university/summer 26/Data Mining/research project/archive\train\Malignant\86.jpg,Malignant,1
D:/university/summer 26/Data Mining/research project/archive\train\Malignant\19.jpg,Malignant,1
D:/university/summer 26/Data Mining/research project/archive\train\Benign\4398.jpg,Benign,0
D:/university/summer 26/Data Mining/research project/archive\train\Benign\2746.jpg,Benign,0
D:/university/summer 26/Data Mining/research project/archive\train\Malignant\3969.jpg,Malignant,1
D:/university/summer 26/Data Mining/research project/archive\train\Benign\1993.jpg,Benign,0
D:/university/summer 26/Data Mining/research project/archive\train\Malignant\2310.jpg,Malignant,1
D:/university/summer 26/Data Mining/research project/archive\train\Benign\116.jpg,Benign,0
D:/university/summer 26/Data Mining/research project/archive\train\Malignant\2051.jpg,Malignant,1
D:/university/summer 26/Data Mining/research project/archive\train\Benign\6025.jpg,Benign,0
D:/university/summer 26/Data Mining/research project/archive\train\Malignant\1025.jpg,Malignant,1
D:/university/summer 26/Data Mining/research project/archive\train\Malignant\4986.jpg,Malignant,1
D:/university/summer 26/Data Mining/research project/archive\train\Malignant\3475.jpg,Malignant,1
D:/university/summer 26/Data Mining/research project/archive\train\Malignant\1173.jpg,Malignant,1
D:/university/summer 26/Data Mining/research project/archive\train\Malignant\492.jpg,Malignant,1
D:/university/summer 26/Data Mining/research project/archive\train\Malignant\5546.jpg,Malignant,1
D:/university/summer 26/Data Mining/research project/archive\train\Benign\4458.jpg,Benign,0
D:/university/summer 26/Data Mining/research project/archive\train\Benign\6004.jpg,Benign,0
D:/university/summer 26/Data Mining/research project/archive\train\Malignant\794.jpg,Malignant,1
D:/university/summer 26/Data Mining/research project/archive\train\Benign\1865.jpg,Benign,0
D:/university/summer 26/Data Mining/research project/archive\train\Benign\726.jpg,Benign,0
D:/university/summer 26/Data Mining/research project/archive\train\Malignant\5357.jpg,Malignant,1
D:/university/summer 26/Data Mining/research project/archive\train\Malignant\3048.jpg,Malignant,1
D:/university/summer 26/Data Mining/research project/archive\train\Malignant\5558.jpg,Malignant,1
D:/university/summer 26/Data Mining/research project/archive\train\Malignant\2995.jpg,Malignant,1
D:/university/summer 26/Data Mining/research project/archive\train\Benign\4382.jpg,Benign,0
D:/university/summer 26/Data Mining/research project/archive\train\Malignant\5251.jpg,Malignant,1
D:/university/summer 26/Data Mining/research project/archive\train\Benign\1533.jpg,Benign,0
D:/university/summer 26/Data Mining/research project/archive\train\Malignant\487.jpg,Malignant,1
D:/university/summer 26/Data Mining/research project/archive\train\Malignant\4218.jpg,Malignant,1
D:/university/summer 26/Data Mining/research project/archive\train\Malignant\1814.jpg,Malignant,1
D:/university/summer 26/Data Mining/research project/archive\train\Benign\1506.jpg,Benign,0
D:/university/summer 26/Data Mining/research project/archive\train\Benign\1043.jpg,Benign,0
D:/university/summer 26/Data Mining/research project/archive\train\Benign\5622.jpg,Benign,0
D:/university/summer 26/Data Mining/research project/archive\train\Benign\1149.jpg,Benign,0
D:/university/summer 26/Data Mining/research project/archive\train\Benign\5149.jpg,Benign,0
D:/university/summer 26/Data Mining/research project/archive\train\Benign\6206.jpg,Benign,0
D:/university/summer 26/Data Mining/research project/archive\train\Malignant\1024.jpg,Malignant,1
D:/university/summer 26/Data Mining/research project/archive\train\Malignant\3525.jpg,Malignant,1
D:/university/summer 26/Data Mining/research project/archive\train\Malignant\1356.jpg,Malignant,1
D:/university/summer 26/Data Mining/research project/archive\train\Malignant\2387.jpg,Malignant,1
D:/university/summer 26/Data Mining/research project/archive\train\Benign\1257.jpg,Benign,0
D:/university/summer 26/Data Mining/research project/archive\train\Benign\1299.jpg,Benign,0
D:/university/summer 26/Data Mining/research project/archive\train\Malignant\459.jpg,Malignant,1
D:/university/summer 26/Data Mining/research project/archive\train\Malignant\960.jpg,Malignant,1
D:/university/summer 26/Data Mining/research project/archive\train\Benign\3489.jpg,Benign,0
D:/university/summer 26/Data Mining/research project/archive\train\Benign\1473.jpg,Benign,0
D:/university/summer 26/Data Mining/research project/archive\train\Benign\2259.jpg,Benign,0
D:/university/summer 26/Data Mining/research project/archive\train\Malignant\4727.jpg,Malignant,1
D:/university/summer 26/Data Mining/research project/archive\train\Malignant\2466.jpg,Malignant,1
D:/university/summer 26/Data Mining/research project/archive\train\Benign\4491.jpg,Benign,0
D:/university/summer 26/Data Mining/research project/archive\train\Benign\62.jpg,Benign,0
D:/university/summer 26/Data Mining/research project/archive\train\Malignant\3723.jpg,Malignant,1
D:/university/summer 26/Data Mining/research project/archive\train\Benign\46.jpg,Benign,0
D:/university/summer 26/Data Mining/research project/archive\train\Benign\398.jpg,Benign,0
D:/university/summer 26/Data Mining/research project/archive\train\Benign\2989.jpg,Benign,0
D:/university/summer 26/Data Mining/research project/archive\train\Benign\1013.jpg,Benign,0
D:/university/summer 26/Data Mining/research project/archive\train\Benign\621.jpg,Benign,0
D:/university/summer 26/Data Mining/research project/archive\train\Benign\2142.jpg,Benign,0
D:/university/summer 26/Data Mining/research project/archive\train\Benign\472.jpg,Benign,0
D:/university/summer 26/Data Mining/research project/archive\train\Malignant\1396.jpg,Malignant,1
D:/university/summer 26/Data Mining/research project/archive\train\Malignant\2613.jpg,Malignant,1
D:/university/summer 26/Data Mining/research project/archive\train\Malignant\2850.jpg,Malignant,1
D:/university/summer 26/Data Mining/research project/archive\train\Benign\3032.jpg,Benign,0
D:/university/summer 26/Data Mining/research project/archive\train\Benign\1925.jpg,Benign,0
D:/university/summer 26/Data Mining/research project/archive\train\Malignant\5100.jpg,Malignant,1
D:/university/summer 26/Data Mining/research project/archive\train\Malignant\3750.jpg,Malignant,1
D:/university/summer 26/Data Mining/research project/archive\train\Benign\1812.jpg,Benign,0
D:/university/summer 26/Data Mining/research project/archive\train\Malignant\4418.jpg,Malignant,1
D:/university/summer 26/Data Mining/research project/archive\train\Malignant\4836.jpg,Malignant,1
D:/university/summer 26/Data Mining/research project/archive\train\Benign\167.jpg,Benign,0
D:/university/summer 26/Data Mining/research project/archive\train\Benign\4638.jpg,Benign,0
D:/university/summer 26/Data Mining/research project/archive\train\Benign\1313.jpg,Benign,0
D:/university/summer 26/Data Mining/research project/archive\train\Malignant\2067.jpg,Malignant,1
D:/university/summer 26/Data Mining/research project/archive\train\Benign\1595.jpg,Benign,0
D:/university/summer 26/Data Mining/research project/archive\train\Benign\4186.jpg,Benign,0
D:/university/summer 26/Data Mining/research project/archive\train\Benign\4457.jpg,Benign,0
D:/university/summer 26/Data Mining/research project/archive\train\Benign\3262.jpg,Benign,0
D:/university/summer 26/Data Mining/research project/archive\train\Malignant\1419.jpg,Malignant,1
D:/university/summer 26/Data Mining/research project/archive\train\Malignant\802.jpg,Malignant,1
D:/university/summer 26/Data Mining/research project/archive\train\Malignant\2875.jpg,Malignant,1
D:/university/summer 26/Data Mining/research project/archive\train\Malignant\4776.jpg,Malignant,1
D:/university/summer 26/Data Mining/research project/archive\train\Malignant\2478.jpg,Malignant,1
D:/university/summer 26/Data Mining/research project/archive\train\Malignant\4624.jpg,Malignant,1
D:/university/summer 26/Data Mining/research project/archive\train\Malignant\3402.jpg,Malignant,1
D:/university/summer 26/Data Mining/research project/archive\train\Benign\4596.jpg,Benign,0
D:/university/summer 26/Data Mining/research project/archive\train\Malignant\5139.jpg,Malignant,1
D:/university/summer 26/Data Mining/research project/archive\train\Benign\2547.jpg,Benign,0
D:/university/summer 26/Data Mining/research project/archive\train\Benign\1813.jpg,Benign,0
D:/university/summer 26/Data Mining/research project/archive\train\Malignant\1713.jpg,Malignant,1
D:/university/summer 26/Data Mining/research project/archive\train\Benign\559.jpg,Benign,0
D:/university/summer 26/Data Mining/research project/archive\train\Malignant\2582.jpg,Malignant,1
D:/university/summer 26/Data Mining/research project/archive\train\Malignant\246.jpg,Malignant,1
D:/university/summer 26/Data Mining/research project/archive\train\Benign\3008.jpg,Benign,0
D:/university/summer 26/Data Mining/research project/archive\train\Malignant\4279.jpg,Malignant,1
D:/university/summer 26/Data Mining/research project/archive\train\Malignant\3652.jpg,Malignant,1
D:/university/summer 26/Data Mining/research project/archive\train\Malignant\5512.jpg,Malignant,1
D:/university/summer 26/Data Mining/research project/archive\train\Benign\3929.jpg,Benign,0
D:/university/summer 26/Data Mining/research project/archive\train\Malignant\1469.jpg,Malignant,1
D:/university/summer 26/Data Mining/research project/archive\train\Benign\2532.jpg,Benign,0
D:/university/summer 26/Data Mining/research project/archive\train\Benign\2240.jpg,Benign,0
D:/university/summer 26/Data Mining/research project/archive\train\Malignant\4207.jpg,Malignant,1
D:/university/summer 26/Data Mining/research project/archive\train\Malignant\1598.jpg,Malignant,1
D:/university/summer 26/Data Mining/research project/archive\train\Benign\4916.jpg,Benign,0
D:/university/summer 26/Data Mining/research project/archive\train\Malignant\3131.jpg,Malignant,1
D:/university/summer 26/Data Mining/research project/archive\train\Benign\164.jpg,Benign,0
D:/university/summer 26/Data Mining/research project/archive\train\Benign\4926.jpg,Benign,0
D:/university/summer 26/Data Mining/research project/archive\train\Benign\3790.jpg,Benign,0
D:/university/summer 26/Data Mining/research project/archive\train\Benign\492.jpg,Benign,0
D:/university/summer 26/Data Mining/research project/archive\train\Benign\965.jpg,Benign,0
D:/university/summer 26/Data Mining/research project/archive\train\Malignant\3540.jpg,Malignant,1
D:/university/summer 26/Data Mining/research project/archive\train\Malignant\1902.jpg,Malignant,1
D:/university/summer 26/Data Mining/research project/archive\train\Benign\5759.jpg,Benign,0
D:/university/summer 26/Data Mining/research project/archive\train\Benign\2392.jpg,Benign,0
D:/university/summer 26/Data Mining/research project/archive\train\Benign\1069.jpg,Benign,0
D:/university/summer 26/Data Mining/research project/archive\train\Benign\386.jpg,Benign,0
D:/university/summer 26/Data Mining/research project/archive\train\Malignant\4785.jpg,Malignant,1
D:/university/summer 26/Data Mining/research project/archive\train\Malignant\5045.jpg,Malignant,1
D:/university/summer 26/Data Mining/research project/archive\train\Benign\2576.jpg,Benign,0
D:/university/summer 26/Data Mining/research project/archive\train\Benign\4247.jpg,Benign,0
D:/university/summer 26/Data Mining/research project/archive\train\Malignant\3957.jpg,Malignant,1
D:/university/summer 26/Data Mining/research project/archive\train\Benign\1359.jpg,Benign,0
D:/university/summer 26/Data Mining/research project/archive\train\Malignant\4188.jpg,Malignant,1
D:/university/summer 26/Data Mining/research project/archive\train\Benign\6041.jpg,Benign,0
D:/university/summer 26/Data Mining/research project/archive\train\Malignant\4960.jpg,Malignant,1
D:/university/summer 26/Data Mining/research project/archive\train\Benign\301.jpg,Benign,0
D:/university/summer 26/Data Mining/research project/archive\train\Malignant\3862.jpg,Malignant,1
D:/university/summer 26/Data Mining/research project/archive\train\Malignant\235.jpg,Malignant,1
D:/university/summer 26/Data Mining/research project/archive\train\Benign\145.jpg,Benign,0
D:/university/summer 26/Data Mining/research project/archive\train\Benign\1922.jpg,Benign,0
D:/university/summer 26/Data Mining/research project/archive\train\Malignant\2788.jpg,Malignant,1
D:/university/summer 26/Data Mining/research project/archive\train\Malignant\4502.jpg,Malignant,1
D:/university/summer 26/Data Mining/research project/archive\train\Benign\731.jpg,Benign,0
D:/university/summer 26/Data Mining/research project/archive\train\Malignant\3251.jpg,Malignant,1
D:/university/summer 26/Data Mining/research project/archive\train\Malignant\3185.jpg,Malignant,1
D:/university/summer 26/Data Mining/research project/archive\train\Benign\4891.jpg,Benign,0
D:/university/summer 26/Data Mining/research project/archive\train\Malignant\2439.jpg,Malignant,1
D:/university/summer 26/Data Mining/research project/archive\train\Malignant\1910.jpg,Malignant,1
D:/university/summer 26/Data Mining/research project/archive\train\Benign\3618.jpg,Benign,0
D:/university/summer 26/Data Mining/research project/archive\train\Benign\6155.jpg,Benign,0
D:/university/summer 26/Data Mining/research project/archive\train\Benign\5106.jpg,Benign,0
D:/university/summer 26/Data Mining/research project/archive\train\Malignant\1839.jpg,Malignant,1
D:/university/summer 26/Data Mining/research project/archive\train\Benign\767.jpg,Benign,0
D:/university/summer 26/Data Mining/research project/archive\train\Benign\1622.jpg,Benign,0
D:/university/summer 26/Data Mining/research project/archive\train\Malignant\2263.jpg,Malignant,1
D:/university/summer 26/Data Mining/research project/archive\train\Malignant\3620.jpg,Malignant,1
D:/university/summer 26/Data Mining/research project/archive\train\Benign\4026.jpg,Benign,0
D:/university/summer 26/Data Mining/research project/archive\train\Malignant\1746.jpg,Malignant,1
D:/university/summer 26/Data Mining/research project/archive\train\Malignant\4627.jpg,Malignant,1
D:/university/summer 26/Data Mining/research project/archive\train\Benign\4731.jpg,Benign,0
D:/university/summer 26/Data Mining/research project/archive\train\Benign\5541.jpg,Benign,0
D:/university/summer 26/Data Mining/research project/archive\train\Malignant\5321.jpg,Malignant,1
D:/university/summer 26/Data Mining/research project/archive\train\Benign\1694.jpg,Benign,0
D:/university/summer 26/Data Mining/research project/archive\train\Malignant\999.jpg,Malignant,1
D:/university/summer 26/Data Mining/research project/archive\train\Malignant\3679.jpg,Malignant,1
D:/university/summer 26/Data Mining/research project/archive\train\Benign\1493.jpg,Benign,0
D:/university/summer 26/Data Mining/research project/archive\train\Malignant\2358.jpg,Malignant,1
D:/university/summer 26/Data Mining/research project/archive\train\Malignant\561.jpg,Malignant,1
D:/university/summer 26/Data Mining/research project/archive\train\Malignant\1446.jpg,Malignant,1
D:/university/summer 26/Data Mining/research project/archive\train\Malignant\4718.jpg,Malignant,1
D:/university/summer 26/Data Mining/research project/archive\train\Benign\4562.jpg,Benign,0
D:/university/summer 26/Data Mining/research project/archive\train\Malignant\4107.jpg,Malignant,1
D:/university/summer 26/Data Mining/research project/archive\train\Benign\3689.jpg,Benign,0
D:/university/summer 26/Data Mining/research project/archive\train\Malignant\3117.jpg,Malignant,1
D:/university/summer 26/Data Mining/research project/archive\train\Malignant\4379.jpg,Malignant,1
D:/university/summer 26/Data Mining/research project/archive\train\Benign\4803.jpg,Benign,0
D:/university/summer 26/Data Mining/research project/archive\train\Malignant\3801.jpg,Malignant,1
D:/university/summer 26/Data Mining/research project/archive\train\Benign\1556.jpg,Benign,0
D:/university/summer 26/Data Mining/research project/archive\train\Malignant\738.jpg,Malignant,1
D:/university/summer 26/Data Mining/research project/archive\train\Benign\3788.jpg,Benign,0
D:/university/summer 26/Data Mining/research project/archive\train\Benign\2968.jpg,Benign,0
D:/university/summer 26/Data Mining/research project/archive\train\Benign\1709.jpg,Benign,0
D:/university/summer 26/Data Mining/research project/archive\train\Benign\6195.jpg,Benign,0
D:/university/summer 26/Data Mining/research project/archive\train\Benign\1552.jpg,Benign,0
D:/university/summer 26/Data Mining/research project/archive\train\Malignant\37.jpg,Malignant,1
D:/university/summer 26/Data Mining/research project/archive\train\Malignant\3092.jpg,Malignant,1
D:/university/summer 26/Data Mining/research project/archive\train\Malignant\3380.jpg,Malignant,1
D:/university/summer 26/Data Mining/research project/archive\train\Malignant\2873.jpg,Malignant,1
D:/university/summer 26/Data Mining/research project/archive\train\Benign\3386.jpg,Benign,0
D:/university/summer 26/Data Mining/research project/archive\train\Malignant\4271.jpg,Malignant,1
D:/university/summer 26/Data Mining/research project/archive\train\Benign\2932.jpg,Benign,0
D:/university/summer 26/Data Mining/research project/archive\train\Benign\3117.jpg,Benign,0
D:/university/summer 26/Data Mining/research project/archive\train\Benign\197.jpg,Benign,0
D:/university/summer 26/Data Mining/research project/archive\train\Malignant\579.jpg,Malignant,1
D:/university/summer 26/Data Mining/research project/archive\train\Benign\1667.jpg,Benign,0
D:/university/summer 26/Data Mining/research project/archive\train\Benign\4820.jpg,Benign,0
D:/university/summer 26/Data Mining/research project/archive\train\Benign\4639.jpg,Benign,0
D:/university/summer 26/Data Mining/research project/archive\train\Malignant\5124.jpg,Malignant,1
D:/university/summer 26/Data Mining/research project/archive\train\Malignant\5329.jpg,Malignant,1
D:/university/summer 26/Data Mining/research project/archive\train\Malignant\4155.jpg,Malignant,1
D:/university/summer 26/Data Mining/research project/archive\train\Malignant\1495.jpg,Malignant,1
D:/university/summer 26/Data Mining/research project/archive\train\Malignant\1165.jpg,Malignant,1
D:/university/summer 26/Data Mining/research project/archive\train\Benign\5643.jpg,Benign,0
D:/university/summer 26/Data Mining/research project/archive\train\Malignant\1662.jpg,Malignant,1
D:/university/summer 26/Data Mining/research project/archive\train\Benign\5544.jpg,Benign,0
D:/university/summer 26/Data Mining/research project/archive\train\Benign\2079.jpg,Benign,0
D:/university/summer 26/Data Mining/research project/archive\train\Malignant\4091.jpg,Malignant,1
D:/university/summer 26/Data Mining/research project/archive\train\Malignant\823.jpg,Malignant,1
D:/university/summer 26/Data Mining/research project/archive\train\Malignant\2782.jpg,Malignant,1
D:/university/summer 26/Data Mining/research project/archive\train\Benign\922.jpg,Benign,0
D:/university/summer 26/Data Mining/research project/archive\train\Benign\4261.jpg,Benign,0
D:/university/summer 26/Data Mining/research project/archive\train\Benign\4824.jpg,Benign,0
D:/university/summer 26/Data Mining/research project/archive\train\Malignant\335.jpg,Malignant,1
D:/university/summer 26/Data Mining/research project/archive\train\Benign\3948.jpg,Benign,0
D:/university/summer 26/Data Mining/research project/archive\train\Benign\2280.jpg,Benign,0
D:/university/summer 26/Data Mining/research project/archive\train\Benign\217.jpg,Benign,0
D:/university/summer 26/Data Mining/research project/archive\train\Benign\3022.jpg,Benign,0
D:/university/summer 26/Data Mining/research project/archive\train\Malignant\983.jpg,Malignant,1
D:/university/summer 26/Data Mining/research project/archive\train\Benign\824.jpg,Benign,0
D:/university/summer 26/Data Mining/research project/archive\train\Benign\5618.jpg,Benign,0
D:/university/summer 26/Data Mining/research project/archive\train\Benign\2459.jpg,Benign,0
D:/university/summer 26/Data Mining/research project/archive\train\Benign\4483.jpg,Benign,0
D:/university/summer 26/Data Mining/research project/archive\train\Benign\6167.jpg,Benign,0
D:/university/summer 26/Data Mining/research project/archive\train\Benign\4606.jpg,Benign,0
D:/university/summer 26/Data Mining/research project/archive\train\Benign\1963.jpg,Benign,0
D:/university/summer 26/Data Mining/research project/archive\train\Malignant\1883.jpg,Malignant,1
D:/university/summer 26/Data Mining/research project/archive\train\Malignant\4394.jpg,Malignant,1
D:/university/summer 26/Data Mining/research project/archive\train\Benign\3001.jpg,Benign,0
D:/university/summer 26/Data Mining/research project/archive\train\Benign\5210.jpg,Benign,0
D:/university/summer 26/Data Mining/research project/archive\train\Benign\4019.jpg,Benign,0
D:/university/summer 26/Data Mining/research project/archive\train\Benign\5162.jpg,Benign,0
D:/university/summer 26/Data Mining/research project/archive\train\Malignant\4359.jpg,Malignant,1
D:/university/summer 26/Data Mining/research project/archive\train\Malignant\4235.jpg,Malignant,1
D:/university/summer 26/Data Mining/research project/archive\train\Benign\1859.jpg,Benign,0
D:/university/summer 26/Data Mining/research project/archive\train\Benign\457.jpg,Benign,0
D:/university/summer 26/Data Mining/research project/archive\train\Malignant\4360.jpg,Malignant,1
D:/university/summer 26/Data Mining/research project/archive\train\Benign\6045.jpg,Benign,0
D:/university/summer 26/Data Mining/research project/archive\train\Malignant\4694.jpg,Malignant,1
D:/university/summer 26/Data Mining/research project/archive\train\Malignant\3595.jpg,Malignant,1
D:/university/summer 26/Data Mining/research project/archive\train\Benign\4908.jpg,Benign,0
D:/university/summer 26/Data Mining/research project/archive\train\Benign\1974.jpg,Benign,0
D:/university/summer 26/Data Mining/research project/archive\train\Benign\5020.jpg,Benign,0
D:/university/summer 26/Data Mining/research project/archive\train\Malignant\3211.jpg,Malignant,1
D:/university/summer 26/Data Mining/research project/archive\train\Malignant\2558.jpg,Malignant,1
D:/university/summer 26/Data Mining/research project/archive\train\Benign\542.jpg,Benign,0
D:/university/summer 26/Data Mining/research project/archive\train\Malignant\418.jpg,Malignant,1
D:/university/summer 26/Data Mining/research project/archive\train\Benign\4961.jpg,Benign,0
D:/university/summer 26/Data Mining/research project/archive\train\Malignant\3340.jpg,Malignant,1
D:/university/summer 26/Data Mining/research project/archive\train\Malignant\4744.jpg,Malignant,1
D:/university/summer 26/Data Mining/research project/archive\train\Malignant\3177.jpg,Malignant,1
D:/university/summer 26/Data Mining/research project/archive\train\Benign\1948.jpg,Benign,0
D:/university/summer 26/Data Mining/research project/archive\train\Benign\345.jpg,Benign,0
D:/university/summer 26/Data Mining/research project/archive\train\Malignant\1262.jpg,Malignant,1
D:/university/summer 26/Data Mining/research project/archive\train\Benign\5849.jpg,Benign,0
D:/university/summer 26/Data Mining/research project/archive\train\Benign\1186.jpg,Benign,0
D:/university/summer 26/Data Mining/research project/archive\train\Malignant\2152.jpg,Malignant,1
D:/university/summer 26/Data Mining/research project/archive\train\Benign\3238.jpg,Benign,0
D:/university/summer 26/Data Mining/research project/archive\train\Benign\2242.jpg,Benign,0
D:/university/summer 26/Data Mining/research project/archive\train\Benign\1832.jpg,Benign,0
D:/university/summer 26/Data Mining/research project/archive\train\Benign\3361.jpg,Benign,0
D:/university/summer 26/Data Mining/research project/archive\train\Benign\2084.jpg,Benign,0
D:/university/summer 26/Data Mining/research project/archive\train\Malignant\1544.jpg,Malignant,1
D:/university/summer 26/Data Mining/research project/archive\train\Benign\84.jpg,Benign,0
D:/university/summer 26/Data Mining/research project/archive\train\Benign\3703.jpg,Benign,0
D:/university/summer 26/Data Mining/research project/archive\train\Benign\315.jpg,Benign,0
D:/university/summer 26/Data Mining/research project/archive\train\Malignant\2972.jpg,Malignant,1
D:/university/summer 26/Data Mining/research project/archive\train\Malignant\2445.jpg,Malignant,1
D:/university/summer 26/Data Mining/research project/archive\train\Malignant\4931.jpg,Malignant,1
D:/university/summer 26/Data Mining/research project/archive\train\Malignant\1459.jpg,Malignant,1
D:/university/summer 26/Data Mining/research project/archive\train\Benign\242.jpg,Benign,0
D:/university/summer 26/Data Mining/research project/archive\train\Malignant\2800.jpg,Malignant,1
D:/university/summer 26/Data Mining/research project/archive\train\Benign\4920.jpg,Benign,0
D:/university/summer 26/Data Mining/research project/archive\train\Benign\243.jpg,Benign,0
D:/university/summer 26/Data Mining/research project/archive\train\Benign\2002.jpg,Benign,0
D:/university/summer 26/Data Mining/research project/archive\train\Malignant\630.jpg,Malignant,1
D:/university/summer 26/Data Mining/research project/archive\train\Malignant\1886.jpg,Malignant,1
D:/university/summer 26/Data Mining/research project/archive\train\Benign\461.jpg,Benign,0
D:/university/summer 26/Data Mining/research project/archive\train\Benign\4794.jpg,Benign,0
D:/university/summer 26/Data Mining/research project/archive\train\Benign\1308.jpg,Benign,0
D:/university/summer 26/Data Mining/research project/archive\train\Benign\1177.jpg,Benign,0
D:/university/summer 26/Data Mining/research project/archive\train\Benign\4984.jpg,Benign,0
D:/university/summer 26/Data Mining/research project/archive\train\Benign\172.jpg,Benign,0
D:/university/summer 26/Data Mining/research project/archive\train\Malignant\3192.jpg,Malignant,1
D:/university/summer 26/Data Mining/research project/archive\train\Benign\762.jpg,Benign,0
D:/university/summer 26/Data Mining/research project/archive\train\Benign\4001.jpg,Benign,0
D:/university/summer 26/Data Mining/research project/archive\train\Benign\630.jpg,Benign,0
D:/university/summer 26/Data Mining/research project/archive\train\Malignant\4478.jpg,Malignant,1
D:/university/summer 26/Data Mining/research project/archive\train\Benign\6128.jpg,Benign,0
D:/university/summer 26/Data Mining/research project/archive\train\Benign\4454.jpg,Benign,0
D:/university/summer 26/Data Mining/research project/archive\train\Malignant\5304.jpg,Malignant,1
D:/university/summer 26/Data Mining/research project/archive\train\Malignant\4021.jpg,Malignant,1
D:/university/summer 26/Data Mining/research project/archive\train\Benign\3533.jpg,Benign,0
D:/university/summer 26/Data Mining/research project/archive\train\Malignant\4568.jpg,Malignant,1
D:/university/summer 26/Data Mining/research project/archive\train\Benign\3772.jpg,Benign,0
D:/university/summer 26/Data Mining/research project/archive\train\Malignant\3278.jpg,Malignant,1
D:/university/summer 26/Data Mining/research project/archive\train\Benign\578.jpg,Benign,0
D:/university/summer 26/Data Mining/research project/archive\train\Benign\6014.jpg,Benign,0
D:/university/summer 26/Data Mining/research project/archive\train\Benign\652.jpg,Benign,0
D:/university/summer 26/Data Mining/research project/archive\train\Benign\6181.jpg,Benign,0
D:/university/summer 26/Data Mining/research project/archive\train\Benign\5091.jpg,Benign,0
D:/university/summer 26/Data Mining/research project/archive\train\Benign\6283.jpg,Benign,0
D:/university/summer 26/Data Mining/research project/archive\train\Malignant\244.jpg,Malignant,1
D:/university/summer 26/Data Mining/research project/archive\train\Benign\3024.jpg,Benign,0
D:/university/summer 26/Data Mining/research project/archive\train\Benign\5104.jpg,Benign,0
D:/university/summer 26/Data Mining/research project/archive\train\Malignant\2286.jpg,Malignant,1
D:/university/summer 26/Data Mining/research project/archive\train\Malignant\3047.jpg,Malignant,1
D:/university/summer 26/Data Mining/research project/archive\train\Benign\2122.jpg,Benign,0
D:/university/summer 26/Data Mining/research project/archive\train\Malignant\5261.jpg,Malignant,1
D:/university/summer 26/Data Mining/research project/archive\train\Benign\2637.jpg,Benign,0
D:/university/summer 26/Data Mining/research project/archive\train\Malignant\978.jpg,Malignant,1
D:/university/summer 26/Data Mining/research project/archive\train\Malignant\4908.jpg,Malignant,1
D:/university/summer 26/Data Mining/research project/archive\train\Malignant\4550.jpg,Malignant,1
D:/university/summer 26/Data Mining/research project/archive\train\Benign\5974.jpg,Benign,0
D:/university/summer 26/Data Mining/research project/archive\train\Malignant\4815.jpg,Malignant,1
D:/university/summer 26/Data Mining/research project/archive\train\Benign\3028.jpg,Benign,0
D:/university/summer 26/Data Mining/research project/archive\train\Benign\5093.jpg,Benign,0
D:/university/summer 26/Data Mining/research project/archive\train\Malignant\3591.jpg,Malignant,1
D:/university/summer 26/Data Mining/research project/archive\train\Malignant\72.jpg,Malignant,1
D:/university/summer 26/Data Mining/research project/archive\train\Benign\1051.jpg,Benign,0
D:/university/summer 26/Data Mining/research project/archive\train\Benign\899.jpg,Benign,0
D:/university/summer 26/Data Mining/research project/archive\train\Benign\3938.jpg,Benign,0
D:/university/summer 26/Data Mining/research project/archive\train\Malignant\3604.jpg,Malignant,1
D:/university/summer 26/Data Mining/research project/archive\train\Benign\2360.jpg,Benign,0
D:/university/summer 26/Data Mining/research project/archive\train\Malignant\5504.jpg,Malignant,1
D:/university/summer 26/Data Mining/research project/archive\train\Benign\3111.jpg,Benign,0
D:/university/summer 26/Data Mining/research project/archive\train\Malignant\4882.jpg,Malignant,1
D:/university/summer 26/Data Mining/research project/archive\train\Malignant\4076.jpg,Malignant,1
D:/university/summer 26/Data Mining/research project/archive\train\Malignant\3208.jpg,Malignant,1
D:/university/summer 26/Data Mining/research project/archive\train\Benign\3395.jpg,Benign,0
D:/university/summer 26/Data Mining/research project/archive\train\Malignant\5433.jpg,Malignant,1
D:/university/summer 26/Data Mining/research project/archive\train\Benign\2839.jpg,Benign,0
D:/university/summer 26/Data Mining/research project/archive\train\Malignant\4366.jpg,Malignant,1
D:/university/summer 26/Data Mining/research project/archive\train\Malignant\4032.jpg,Malignant,1
D:/university/summer 26/Data Mining/research project/archive\train\Benign\519.jpg,Benign,0
D:/university/summer 26/Data Mining/research project/archive\train\Malignant\2891.jpg,Malignant,1
D:/university/summer 26/Data Mining/research project/archive\train\Benign\1945.jpg,Benign,0
D:/university/summer 26/Data Mining/research project/archive\train\Benign\703.jpg,Benign,0
D:/university/summer 26/Data Mining/research project/archive\train\Malignant\1975.jpg,Malignant,1
D:/university/summer 26/Data Mining/research project/archive\train\Malignant\4461.jpg,Malignant,1
D:/university/summer 26/Data Mining/research project/archive\train\Malignant\1673.jpg,Malignant,1
D:/university/summer 26/Data Mining/research project/archive\train\Malignant\1384.jpg,Malignant,1
D:/university/summer 26/Data Mining/research project/archive\train\Benign\6247.jpg,Benign,0
D:/university/summer 26/Data Mining/research project/archive\train\Malignant\4981.jpg,Malignant,1
D:/university/summer 26/Data Mining/research project/archive\train\Malignant\2830.jpg,Malignant,1
D:/university/summer 26/Data Mining/research project/archive\train\Malignant\1693.jpg,Malignant,1
D:/university/summer 26/Data Mining/research project/archive\train\Benign\3319.jpg,Benign,0
D:/university/summer 26/Data Mining/research project/archive\train\Malignant\2534.jpg,Malignant,1
D:/university/summer 26/Data Mining/research project/archive\train\Benign\746.jpg,Benign,0
D:/university/summer 26/Data Mining/research project/archive\train\Benign\2187.jpg,Benign,0
D:/university/summer 26/Data Mining/research project/archive\train\Benign\3803.jpg,Benign,0
D:/university/summer 26/Data Mining/research project/archive\train\Malignant\2626.jpg,Malignant,1
D:/university/summer 26/Data Mining/research project/archive\train\Benign\2598.jpg,Benign,0
D:/university/summer 26/Data Mining/research project/archive\train\Benign\993.jpg,Benign,0
D:/university/summer 26/Data Mining/research project/archive\train\Benign\2815.jpg,Benign,0
D:/university/summer 26/Data Mining/research project/archive\train\Malignant\2813.jpg,Malignant,1
D:/university/summer 26/Data Mining/research project/archive\train\Benign\48.jpg,Benign,0
D:/university/summer 26/Data Mining/research project/archive\train\Malignant\1489.jpg,Malignant,1
D:/university/summer 26/Data Mining/research project/archive\train\Benign\2900.jpg,Benign,0
D:/university/summer 26/Data Mining/research project/archive\train\Benign\1129.jpg,Benign,0
D:/university/summer 26/Data Mining/research project/archive\train\Benign\4619.jpg,Benign,0
D:/university/summer 26/Data Mining/research project/archive\train\Benign\1780.jpg,Benign,0
D:/university/summer 26/Data Mining/research project/archive\train\Malignant\3866.jpg,Malignant,1
D:/university/summer 26/Data Mining/research project/archive\train\Benign\4093.jpg,Benign,0
D:/university/summer 26/Data Mining/research project/archive\train\Malignant\5024.jpg,Malignant,1
D:/university/summer 26/Data Mining/research project/archive\train\Benign\1113.jpg,Benign,0
D:/university/summer 26/Data Mining/research project/archive\train\Benign\5765.jpg,Benign,0
D:/university/summer 26/Data Mining/research project/archive\train\Benign\3816.jpg,Benign,0
D:/university/summer 26/Data Mining/research project/archive\train\Benign\3569.jpg,Benign,0
D:/university/summer 26/Data Mining/research project/archive\train\Benign\1907.jpg,Benign,0
D:/university/summer 26/Data Mining/research project/archive\train\Benign\2665.jpg,Benign,0
D:/university/summer 26/Data Mining/research project/archive\train\Benign\4225.jpg,Benign,0
D:/university/summer 26/Data Mining/research project/archive\train\Malignant\26.jpg,Malignant,1
D:/university/summer 26/Data Mining/research project/archive\train\Malignant\2340.jpg,Malignant,1
D:/university/summer 26/Data Mining/research project/archive\train\Malignant\4476.jpg,Malignant,1
D:/university/summer 26/Data Mining/research project/archive\train\Benign\3409.jpg,Benign,0
D:/university/summer 26/Data Mining/research project/archive\train\Malignant\1258.jpg,Malignant,1
D:/university/summer 26/Data Mining/research project/archive\train\Benign\1908.jpg,Benign,0
D:/university/summer 26/Data Mining/research project/archive\train\Benign\3577.jpg,Benign,0
D:/university/summer 26/Data Mining/research project/archive\train\Malignant\1069.jpg,Malignant,1
D:/university/summer 26/Data Mining/research project/archive\train\Malignant\2601.jpg,Malignant,1
D:/university/summer 26/Data Mining/research project/archive\train\Malignant\4648.jpg,Malignant,1
D:/university/summer 26/Data Mining/research project/archive\train\Malignant\4658.jpg,Malignant,1
D:/university/summer 26/Data Mining/research project/archive\train\Malignant\3736.jpg,Malignant,1
D:/university/summer 26/Data Mining/research project/archive\train\Benign\4147.jpg,Benign,0
D:/university/summer 26/Data Mining/research project/archive\train\Benign\5236.jpg,Benign,0
D:/university/summer 26/Data Mining/research project/archive\train\Benign\2650.jpg,Benign,0
D:/university/summer 26/Data Mining/research project/archive\train\Benign\2189.jpg,Benign,0
D:/university/summer 26/Data Mining/research project/archive\train\Benign\1262.jpg,Benign,0
D:/university/summer 26/Data Mining/research project/archive\train\Benign\2253.jpg,Benign,0
D:/university/summer 26/Data Mining/research project/archive\train\Malignant\1099.jpg,Malignant,1
D:/university/summer 26/Data Mining/research project/archive\train\Malignant\1593.jpg,Malignant,1
D:/university/summer 26/Data Mining/research project/archive\train\Malignant\2297.jpg,Malignant,1
D:/university/summer 26/Data Mining/research project/archive\train\Malignant\5089.jpg,Malignant,1
D:/university/summer 26/Data Mining/research project/archive\train\Benign\2013.jpg,Benign,0
D:/university/summer 26/Data Mining/research project/archive\train\Benign\5078.jpg,Benign,0
D:/university/summer 26/Data Mining/research project/archive\train\Malignant\47.jpg,Malignant,1
D:/university/summer 26/Data Mining/research project/archive\train\Malignant\1688.jpg,Malignant,1
D:/university/summer 26/Data Mining/research project/archive\train\Benign\4813.jpg,Benign,0
D:/university/summer 26/Data Mining/research project/archive\train\Benign\2405.jpg,Benign,0
D:/university/summer 26/Data Mining/research project/archive\train\Benign\2092.jpg,Benign,0
D:/university/summer 26/Data Mining/research project/archive\train\Malignant\1517.jpg,Malignant,1
D:/university/summer 26/Data Mining/research project/archive\train\Benign\2711.jpg,Benign,0
D:/university/summer 26/Data Mining/research project/archive\train\Malignant\4251.jpg,Malignant,1
D:/university/summer 26/Data Mining/research project/archive\train\Malignant\3254.jpg,Malignant,1
D:/university/summer 26/Data Mining/research project/archive\train\Benign\4219.jpg,Benign,0
D:/university/summer 26/Data Mining/research project/archive\train\Benign\3574.jpg,Benign,0
D:/university/summer 26/Data Mining/research project/archive\train\Benign\2617.jpg,Benign,0
D:/university/summer 26/Data Mining/research project/archive\train\Malignant\5135.jpg,Malignant,1
D:/university/summer 26/Data Mining/research project/archive\train\Benign\4651.jpg,Benign,0
D:/university/summer 26/Data Mining/research project/archive\train\Malignant\4939.jpg,Malignant,1
D:/university/summer 26/Data Mining/research project/archive\train\Malignant\4673.jpg,Malignant,1
D:/university/summer 26/Data Mining/research project/archive\train\Malignant\1815.jpg,Malignant,1
D:/university/summer 26/Data Mining/research project/archive\train\Benign\3188.jpg,Benign,0
D:/university/summer 26/Data Mining/research project/archive\train\Benign\2594.jpg,Benign,0
D:/university/summer 26/Data Mining/research project/archive\train\Benign\55.jpg,Benign,0
D:/university/summer 26/Data Mining/research project/archive\train\Malignant\1824.jpg,Malignant,1
D:/university/summer 26/Data Mining/research project/archive\train\Malignant\2347.jpg,Malignant,1
D:/university/summer 26/Data Mining/research project/archive\train\Malignant\4035.jpg,Malignant,1
D:/university/summer 26/Data Mining/research project/archive\train\Benign\5787.jpg,Benign,0
D:/university/summer 26/Data Mining/research project/archive\train\Benign\5491.jpg,Benign,0
D:/university/summer 26/Data Mining/research project/archive\train\Benign\689.jpg,Benign,0
D:/university/summer 26/Data Mining/research project/archive\train\Benign\1670.jpg,Benign,0
D:/university/summer 26/Data Mining/research project/archive\train\Benign\198.jpg,Benign,0
D:/university/summer 26/Data Mining/research project/archive\train\Benign\3422.jpg,Benign,0
D:/university/summer 26/Data Mining/research project/archive\train\Malignant\4017.jpg,Malignant,1
D:/university/summer 26/Data Mining/research project/archive\train\Malignant\656.jpg,Malignant,1
D:/university/summer 26/Data Mining/research project/archive\train\Benign\2308.jpg,Benign,0
D:/university/summer 26/Data Mining/research project/archive\train\Benign\5425.jpg,Benign,0
D:/university/summer 26/Data Mining/research project/archive\train\Malignant\4818.jpg,Malignant,1
D:/university/summer 26/Data Mining/research project/archive\train\Benign\6064.jpg,Benign,0
D:/university/summer 26/Data Mining/research project/archive\train\Malignant\4420.jpg,Malignant,1
D:/university/summer 26/Data Mining/research project/archive\train\Malignant\869.jpg,Malignant,1
D:/university/summer 26/Data Mining/research project/archive\train\Benign\1094.jpg,Benign,0
D:/university/summer 26/Data Mining/research project/archive\train\Malignant\1850.jpg,Malignant,1
D:/university/summer 26/Data Mining/research project/archive\train\Malignant\2399.jpg,Malignant,1
D:/university/summer 26/Data Mining/research project/archive\train\Benign\640.jpg,Benign,0
D:/university/summer 26/Data Mining/research project/archive\train\Malignant\1018.jpg,Malignant,1
D:/university/summer 26/Data Mining/research project/archive\train\Malignant\63.jpg,Malignant,1
D:/university/summer 26/Data Mining/research project/archive\train\Benign\4374.jpg,Benign,0
D:/university/summer 26/Data Mining/research project/archive\train\Benign\560.jpg,Benign,0
D:/university/summer 26/Data Mining/research project/archive\train\Benign\3205.jpg,Benign,0
D:/university/summer 26/Data Mining/research project/archive\train\Malignant\4435.jpg,Malignant,1
D:/university/summer 26/Data Mining/research project/archive\train\Malignant\424.jpg,Malignant,1
D:/university/summer 26/Data Mining/research project/archive\train\Malignant\4162.jpg,Malignant,1
D:/university/summer 26/Data Mining/research project/archive\train\Malignant\2273.jpg,Malignant,1
D:/university/summer 26/Data Mining/research project/archive\train\Benign\614.jpg,Benign,0
D:/university/summer 26/Data Mining/research project/archive\train\Benign\3734.jpg,Benign,0
D:/university/summer 26/Data Mining/research project/archive\train\Benign\725.jpg,Benign,0
D:/university/summer 26/Data Mining/research project/archive\train\Malignant\3693.jpg,Malignant,1
D:/university/summer 26/Data Mining/research project/archive\train\Malignant\4557.jpg,Malignant,1
D:/university/summer 26/Data Mining/research project/archive\train\Benign\1527.jpg,Benign,0
D:/university/summer 26/Data Mining/research project/archive\train\Malignant\3924.jpg,Malignant,1
D:/university/summer 26/Data Mining/research project/archive\train\Malignant\1064.jpg,Malignant,1
D:/university/summer 26/Data Mining/research project/archive\train\Benign\5494.jpg,Benign,0
D:/university/summer 26/Data Mining/research project/archive\train\Malignant\1527.jpg,Malignant,1
D:/university/summer 26/Data Mining/research project/archive\train\Benign\3565.jpg,Benign,0
D:/university/summer 26/Data Mining/research project/archive\train\Malignant\4677.jpg,Malignant,1
D:/university/summer 26/Data Mining/research project/archive\train\Benign\4507.jpg,Benign,0
D:/university/summer 26/Data Mining/research project/archive\train\Benign\1577.jpg,Benign,0
D:/university/summer 26/Data Mining/research project/archive\train\Benign\589.jpg,Benign,0
D:/university/summer 26/Data Mining/research project/archive\train\Benign\3853.jpg,Benign,0
D:/university/summer 26/Data Mining/research project/archive\train\Benign\5349.jpg,Benign,0
D:/university/summer 26/Data Mining/research project/archive\train\Benign\5221.jpg,Benign,0
D:/university/summer 26/Data Mining/research project/archive\train\Benign\2196.jpg,Benign,0
D:/university/summer 26/Data Mining/research project/archive\train\Malignant\5527.jpg,Malignant,1
D:/university/summer 26/Data Mining/research project/archive\train\Benign\910.jpg,Benign,0
D:/university/summer 26/Data Mining/research project/archive\train\Malignant\5.jpg,Malignant,1
D:/university/summer 26/Data Mining/research project/archive\train\Benign\5952.jpg,Benign,0
D:/university/summer 26/Data Mining/research project/archive\train\Malignant\866.jpg,Malignant,1
D:/university/summer 26/Data Mining/research project/archive\train\Malignant\1557.jpg,Malignant,1
D:/university/summer 26/Data Mining/research project/archive\train\Benign\18.jpg,Benign,0
D:/university/summer 26/Data Mining/research project/archive\train\Benign\1623.jpg,Benign,0
D:/university/summer 26/Data Mining/research project/archive\train\Benign\3068.jpg,Benign,0
D:/university/summer 26/Data Mining/research project/archive\train\Benign\2395.jpg,Benign,0
D:/university/summer 26/Data Mining/research project/archive\train\Benign\2103.jpg,Benign,0
D:/university/summer 26/Data Mining/research project/archive\train\Benign\3127.jpg,Benign,0
D:/university/summer 26/Data Mining/research project/archive\train\Benign\1794.jpg,Benign,0
D:/university/summer 26/Data Mining/research project/archive\train\Malignant\3182.jpg,Malignant,1
D:/university/summer 26/Data Mining/research project/archive\train\Benign\4567.jpg,Benign,0
D:/university/summer 26/Data Mining/research project/archive\train\Benign\3309.jpg,Benign,0
D:/university/summer 26/Data Mining/research project/archive\train\Benign\3307.jpg,Benign,0
D:/university/summer 26/Data Mining/research project/archive\train\Malignant\3360.jpg,Malignant,1
D:/university/summer 26/Data Mining/research project/archive\train\Benign\5690.jpg,Benign,0
D:/university/summer 26/Data Mining/research project/archive\train\Benign\1007.jpg,Benign,0
D:/university/summer 26/Data Mining/research project/archive\train\Malignant\5372.jpg,Malignant,1
D:/university/summer 26/Data Mining/research project/archive\train\Benign\1860.jpg,Benign,0
D:/university/summer 26/Data Mining/research project/archive\train\Malignant\5490.jpg,Malignant,1
D:/university/summer 26/Data Mining/research project/archive\train\Benign\1267.jpg,Benign,0
D:/university/summer 26/Data Mining/research project/archive\train\Benign\1614.jpg,Benign,0
D:/university/summer 26/Data Mining/research project/archive\train\Malignant\4613.jpg,Malignant,1
D:/university/summer 26/Data Mining/research project/archive\train\Malignant\2742.jpg,Malignant,1
D:/university/summer 26/Data Mining/research project/archive\train\Malignant\1771.jpg,Malignant,1
D:/university/summer 26/Data Mining/research project/archive\train\Benign\2579.jpg,Benign,0
D:/university/summer 26/Data Mining/research project/archive\train\Malignant\4304.jpg,Malignant,1
D:/university/summer 26/Data Mining/research project/archive\train\Malignant\3034.jpg,Malignant,1
D:/university/summer 26/Data Mining/research project/archive\train\Malignant\5141.jpg,Malignant,1
D:/university/summer 26/Data Mining/research project/archive\train\Malignant\79.jpg,Malignant,1
D:/university/summer 26/Data Mining/research project/archive\train\Benign\322.jpg,Benign,0
D:/university/summer 26/Data Mining/research project/archive\train\Benign\3323.jpg,Benign,0
D:/university/summer 26/Data Mining/research project/archive\train\Benign\2861.jpg,Benign,0
D:/university/summer 26/Data Mining/research project/archive\train\Benign\58.jpg,Benign,0
D:/university/summer 26/Data Mining/research project/archive\train\Benign\6010.jpg,Benign,0
D:/university/summer 26/Data Mining/research project/archive\train\Malignant\5454.jpg,Malignant,1
D:/university/summer 26/Data Mining/research project/archive\train\Malignant\3542.jpg,Malignant,1
D:/university/summer 26/Data Mining/research project/archive\train\Malignant\4404.jpg,Malignant,1
D:/university/summer 26/Data Mining/research project/archive\train\Benign\6153.jpg,Benign,0
D:/university/summer 26/Data Mining/research project/archive\train\Malignant\5044.jpg,Malignant,1
D:/university/summer 26/Data Mining/research project/archive\train\Malignant\5334.jpg,Malignant,1
D:/university/summer 26/Data Mining/research project/archive\train\Benign\4801.jpg,Benign,0
D:/university/summer 26/Data Mining/research project/archive\train\Malignant\196.jpg,Malignant,1
D:/university/summer 26/Data Mining/research project/archive\train\Benign\4359.jpg,Benign,0
D:/university/summer 26/Data Mining/research project/archive\train\Benign\5748.jpg,Benign,0
D:/university/summer 26/Data Mining/research project/archive\train\Benign\3824.jpg,Benign,0
D:/university/summer 26/Data Mining/research project/archive\train\Benign\970.jpg,Benign,0
D:/university/summer 26/Data Mining/research project/archive\train\Malignant\651.jpg,Malignant,1
D:/university/summer 26/Data Mining/research project/archive\train\Malignant\2188.jpg,Malignant,1
D:/university/summer 26/Data Mining/research project/archive\train\Malignant\2639.jpg,Malignant,1
D:/university/summer 26/Data Mining/research project/archive\train\Benign\1092.jpg,Benign,0
D:/university/summer 26/Data Mining/research project/archive\train\Malignant\1657.jpg,Malignant,1
D:/university/summer 26/Data Mining/research project/archive\train\Malignant\2144.jpg,Malignant,1
D:/university/summer 26/Data Mining/research project/archive\train\Malignant\5517.jpg,Malignant,1
D:/university/summer 26/Data Mining/research project/archive\train\Benign\4864.jpg,Benign,0
D:/university/summer 26/Data Mining/research project/archive\train\Benign\24.jpg,Benign,0
D:/university/summer 26/Data Mining/research project/archive\train\Benign\4684.jpg,Benign,0
D:/university/summer 26/Data Mining/research project/archive\train\Benign\4571.jpg,Benign,0
D:/university/summer 26/Data Mining/research project/archive\train\Benign\1824.jpg,Benign,0
D:/university/summer 26/Data Mining/research project/archive\train\Benign\545.jpg,Benign,0
D:/university/summer 26/Data Mining/research project/archive\train\Benign\4600.jpg,Benign,0
D:/university/summer 26/Data Mining/research project/archive\train\Malignant\2606.jpg,Malignant,1
D:/university/summer 26/Data Mining/research project/archive\train\Malignant\765.jpg,Malignant,1
D:/university/summer 26/Data Mining/research project/archive\train\Benign\101.jpg,Benign,0
D:/university/summer 26/Data Mining/research project/archive\train\Malignant\4642.jpg,Malignant,1
D:/university/summer 26/Data Mining/research project/archive\train\Malignant\3544.jpg,Malignant,1
D:/university/summer 26/Data Mining/research project/archive\train\Benign\5575.jpg,Benign,0
D:/university/summer 26/Data Mining/research project/archive\train\Benign\1967.jpg,Benign,0
D:/university/summer 26/Data Mining/research project/archive\train\Malignant\1865.jpg,Malignant,1
D:/university/summer 26/Data Mining/research project/archive\train\Benign\992.jpg,Benign,0
D:/university/summer 26/Data Mining/research project/archive\train\Malignant\4070.jpg,Malignant,1
D:/university/summer 26/Data Mining/research project/archive\train\Benign\80.jpg,Benign,0
D:/university/summer 26/Data Mining/research project/archive\train\Benign\3871.jpg,Benign,0
D:/university/summer 26/Data Mining/research project/archive\train\Malignant\5257.jpg,Malignant,1
D:/university/summer 26/Data Mining/research project/archive\train\Benign\1485.jpg,Benign,0
D:/university/summer 26/Data Mining/research project/archive\train\Benign\3970.jpg,Benign,0
D:/university/summer 26/Data Mining/research project/archive\train\Malignant\1029.jpg,Malignant,1
D:/university/summer 26/Data Mining/research project/archive\train\Benign\1508.jpg,Benign,0
D:/university/summer 26/Data Mining/research project/archive\train\Benign\1024.jpg,Benign,0
D:/university/summer 26/Data Mining/research project/archive\train\Benign\3245.jpg,Benign,0
D:/university/summer 26/Data Mining/research project/archive\train\Benign\2404.jpg,Benign,0
D:/university/summer 26/Data Mining/research project/archive\train\Malignant\109.jpg,Malignant,1
D:/university/summer 26/Data Mining/research project/archive\train\Malignant\3608.jpg,Malignant,1
D:/university/summer 26/Data Mining/research project/archive\train\Benign\1042.jpg,Benign,0
D:/university/summer 26/Data Mining/research project/archive\train\Benign\187.jpg,Benign,0
D:/university/summer 26/Data Mining/research project/archive\train\Benign\973.jpg,Benign,0
D:/university/summer 26/Data Mining/research project/archive\train\Benign\157.jpg,Benign,0
D:/university/summer 26/Data Mining/research project/archive\train\Malignant\5447.jpg,Malignant,1
D:/university/summer 26/Data Mining/research project/archive\train\Benign\469.jpg,Benign,0
D:/university/summer 26/Data Mining/research project/archive\train\Malignant\4154.jpg,Malignant,1
D:/university/summer 26/Data Mining/research project/archive\train\Benign\3353.jpg,Benign,0
D:/university/summer 26/Data Mining/research project/archive\train\Malignant\522.jpg,Malignant,1
D:/university/summer 26/Data Mining/research project/archive\train\Benign\4499.jpg,Benign,0
D:/university/summer 26/Data Mining/research project/archive\train\Benign\1502.jpg,Benign,0
D:/university/summer 26/Data Mining/research project/archive\train\Malignant\3361.jpg,Malignant,1
D:/university/summer 26/Data Mining/research project/archive\train\Malignant\2001.jpg,Malignant,1
D:/university/summer 26/Data Mining/research project/archive\train\Malignant\2423.jpg,Malignant,1
D:/university/summer 26/Data Mining/research project/archive\train\Malignant\1312.jpg,Malignant,1
D:/university/summer 26/Data Mining/research project/archive\train\Benign\2378.jpg,Benign,0
D:/university/summer 26/Data Mining/research project/archive\train\Benign\5923.jpg,Benign,0
D:/university/summer 26/Data Mining/research project/archive\train\Malignant\3626.jpg,Malignant,1
D:/university/summer 26/Data Mining/research project/archive\train\Benign\5401.jpg,Benign,0
D:/university/summer 26/Data Mining/research project/archive\train\Benign\2318.jpg,Benign,0
D:/university/summer 26/Data Mining/research project/archive\train\Malignant\607.jpg,Malignant,1
D:/university/summer 26/Data Mining/research project/archive\train\Malignant\3541.jpg,Malignant,1
D:/university/summer 26/Data Mining/research project/archive\train\Malignant\192.jpg,Malignant,1
D:/university/summer 26/Data Mining/research project/archive\train\Benign\2249.jpg,Benign,0
D:/university/summer 26/Data Mining/research project/archive\train\Malignant\1818.jpg,Malignant,1
D:/university/summer 26/Data Mining/research project/archive\train\Benign\5522.jpg,Benign,0
D:/university/summer 26/Data Mining/research project/archive\train\Malignant\4276.jpg,Malignant,1
D:/university/summer 26/Data Mining/research project/archive\train\Benign\4083.jpg,Benign,0
D:/university/summer 26/Data Mining/research project/archive\train\Benign\6238.jpg,Benign,0
D:/university/summer 26/Data Mining/research project/archive\train\Malignant\4228.jpg,Malignant,1
D:/university/summer 26/Data Mining/research project/archive\train\Malignant\546.jpg,Malignant,1
D:/university/summer 26/Data Mining/research project/archive\train\Benign\5072.jpg,Benign,0
D:/university/summer 26/Data Mining/research project/archive\train\Malignant\3265.jpg,Malignant,1
D:/university/summer 26/Data Mining/research project/archive\train\Malignant\5189.jpg,Malignant,1
D:/university/summer 26/Data Mining/research project/archive\train\Benign\276.jpg,Benign,0
D:/university/summer 26/Data Mining/research project/archive\train\Malignant\3945.jpg,Malignant,1
D:/university/summer 26/Data Mining/research project/archive\train\Benign\4075.jpg,Benign,0
D:/university/summer 26/Data Mining/research project/archive\train\Malignant\3660.jpg,Malignant,1
D:/university/summer 26/Data Mining/research project/archive\train\Benign\1395.jpg,Benign,0
D:/university/summer 26/Data Mining/research project/archive\train\Malignant\4040.jpg,Malignant,1
D:/university/summer 26/Data Mining/research project/archive\train\Malignant\3424.jpg,Malignant,1
D:/university/summer 26/Data Mining/research project/archive\train\Malignant\2646.jpg,Malignant,1
D:/university/summer 26/Data Mining/research project/archive\train\Malignant\5006.jpg,Malignant,1
D:/university/summer 26/Data Mining/research project/archive\train\Benign\1478.jpg,Benign,0
D:/university/summer 26/Data Mining/research project/archive\train\Malignant\908.jpg,Malignant,1
D:/university/summer 26/Data Mining/research project/archive\train\Malignant\2698.jpg,Malignant,1
D:/university/summer 26/Data Mining/research project/archive\train\Malignant\4765.jpg,Malignant,1
D:/university/summer 26/Data Mining/research project/archive\train\Malignant\1954.jpg,Malignant,1
D:/university/summer 26/Data Mining/research project/archive\train\Benign\3483.jpg,Benign,0
D:/university/summer 26/Data Mining/research project/archive\train\Benign\3686.jpg,Benign,0
D:/university/summer 26/Data Mining/research project/archive\train\Benign\1410.jpg,Benign,0
D:/university/summer 26/Data Mining/research project/archive\train\Malignant\4614.jpg,Malignant,1
D:/university/summer 26/Data Mining/research project/archive\train\Benign\1367.jpg,Benign,0
D:/university/summer 26/Data Mining/research project/archive\train\Benign\2687.jpg,Benign,0
D:/university/summer 26/Data Mining/research project/archive\train\Malignant\4057.jpg,Malignant,1
D:/university/summer 26/Data Mining/research project/archive\train\Malignant\1478.jpg,Malignant,1
D:/university/summer 26/Data Mining/research project/archive\train\Malignant\4760.jpg,Malignant,1
D:/university/summer 26/Data Mining/research project/archive\train\Benign\2718.jpg,Benign,0
D:/university/summer 26/Data Mining/research project/archive\train\Malignant\1519.jpg,Malignant,1
D:/university/summer 26/Data Mining/research project/archive\train\Benign\1710.jpg,Benign,0
D:/university/summer 26/Data Mining/research project/archive\train\Benign\1801.jpg,Benign,0
D:/university/summer 26/Data Mining/research project/archive\train\Malignant\1036.jpg,Malignant,1
D:/university/summer 26/Data Mining/research project/archive\train\Malignant\4581.jpg,Malignant,1
D:/university/summer 26/Data Mining/research project/archive\train\Malignant\2841.jpg,Malignant,1
D:/university/summer 26/Data Mining/research project/archive\train\Malignant\321.jpg,Malignant,1
D:/university/summer 26/Data Mining/research project/archive\train\Benign\1754.jpg,Benign,0
D:/university/summer 26/Data Mining/research project/archive\train\Malignant\5325.jpg,Malignant,1
D:/university/summer 26/Data Mining/research project/archive\train\Benign\5495.jpg,Benign,0
D:/university/summer 26/Data Mining/research project/archive\train\Benign\806.jpg,Benign,0
D:/university/summer 26/Data Mining/research project/archive\train\Benign\6092.jpg,Benign,0
D:/university/summer 26/Data Mining/research project/archive\train\Benign\1651.jpg,Benign,0
D:/university/summer 26/Data Mining/research project/archive\train\Benign\6150.jpg,Benign,0
D:/university/summer 26/Data Mining/research project/archive\train\Benign\2913.jpg,Benign,0
D:/university/summer 26/Data Mining/research project/archive\train\Malignant\423.jpg,Malignant,1
D:/university/summer 26/Data Mining/research project/archive\train\Benign\5831.jpg,Benign,0
D:/university/summer 26/Data Mining/research project/archive\train\Benign\5896.jpg,Benign,0
D:/university/summer 26/Data Mining/research project/archive\train\Malignant\3989.jpg,Malignant,1
D:/university/summer 26/Data Mining/research project/archive\train\Benign\6232.jpg,Benign,0
D:/university/summer 26/Data Mining/research project/archive\train\Malignant\106.jpg,Malignant,1
D:/university/summer 26/Data Mining/research project/archive\train\Benign\2809.jpg,Benign,0
D:/university/summer 26/Data Mining/research project/archive\train\Malignant\3107.jpg,Malignant,1
D:/university/summer 26/Data Mining/research project/archive\train\Benign\1902.jpg,Benign,0
D:/university/summer 26/Data Mining/research project/archive\train\Malignant\2604.jpg,Malignant,1
D:/university/summer 26/Data Mining/research project/archive\train\Benign\4189.jpg,Benign,0
D:/university/summer 26/Data Mining/research project/archive\train\Malignant\3738.jpg,Malignant,1
D:/university/summer 26/Data Mining/research project/archive\train\Malignant\1039.jpg,Malignant,1
D:/university/summer 26/Data Mining/research project/archive\train\Benign\5064.jpg,Benign,0
D:/university/summer 26/Data Mining/research project/archive\train\Malignant\1537.jpg,Malignant,1
D:/university/summer 26/Data Mining/research project/archive\train\Malignant\2252.jpg,Malignant,1
D:/university/summer 26/Data Mining/research project/archive\train\Malignant\195.jpg,Malignant,1
D:/university/summer 26/Data Mining/research project/archive\train\Malignant\2594.jpg,Malignant,1
D:/university/summer 26/Data Mining/research project/archive\train\Benign\3056.jpg,Benign,0
D:/university/summer 26/Data Mining/research project/archive\train\Benign\4799.jpg,Benign,0
D:/university/summer 26/Data Mining/research project/archive\train\Malignant\860.jpg,Malignant,1
D:/university/summer 26/Data Mining/research project/archive\train\Benign\1611.jpg,Benign,0
D:/university/summer 26/Data Mining/research project/archive\train\Benign\4401.jpg,Benign,0
D:/university/summer 26/Data Mining/research project/archive\train\Benign\1930.jpg,Benign,0
D:/university/summer 26/Data Mining/research project/archive\train\Benign\4409.jpg,Benign,0
D:/university/summer 26/Data Mining/research project/archive\train\Malignant\1503.jpg,Malignant,1
D:/university/summer 26/Data Mining/research project/archive\train\Malignant\1773.jpg,Malignant,1
D:/university/summer 26/Data Mining/research project/archive\train\Benign\2300.jpg,Benign,0
D:/university/summer 26/Data Mining/research project/archive\train\Malignant\4835.jpg,Malignant,1
D:/university/summer 26/Data Mining/research project/archive\train\Malignant\3796.jpg,Malignant,1
D:/university/summer 26/Data Mining/research project/archive\train\Malignant\4278.jpg,Malignant,1
D:/university/summer 26/Data Mining/research project/archive\train\Malignant\484.jpg,Malignant,1
D:/university/summer 26/Data Mining/research project/archive\train\Malignant\4179.jpg,Malignant,1
D:/university/summer 26/Data Mining/research project/archive\train\Benign\201.jpg,Benign,0
D:/university/summer 26/Data Mining/research project/archive\train\Benign\4030.jpg,Benign,0
D:/university/summer 26/Data Mining/research project/archive\train\Malignant\336.jpg,Malignant,1
D:/university/summer 26/Data Mining/research project/archive\train\Malignant\1381.jpg,Malignant,1
D:/university/summer 26/Data Mining/research project/archive\train\Benign\2319.jpg,Benign,0
D:/university/summer 26/Data Mining/research project/archive\train\Malignant\5373.jpg,Malignant,1
D:/university/summer 26/Data Mining/research project/archive\train\Malignant\78.jpg,Malignant,1
D:/university/summer 26/Data Mining/research project/archive\train\Malignant\110.jpg,Malignant,1
D:/university/summer 26/Data Mining/research project/archive\train\Malignant\3537.jpg,Malignant,1
D:/university/summer 26/Data Mining/research project/archive\train\Benign\6236.jpg,Benign,0
D:/university/summer 26/Data Mining/research project/archive\train\Malignant\4050.jpg,Malignant,1
D:/university/summer 26/Data Mining/research project/archive\train\Benign\1906.jpg,Benign,0
D:/university/summer 26/Data Mining/research project/archive\train\Benign\3982.jpg,Benign,0
D:/university/summer 26/Data Mining/research project/archive\train\Malignant\3068.jpg,Malignant,1
D:/university/summer 26/Data Mining/research project/archive\train\Benign\4679.jpg,Benign,0
D:/university/summer 26/Data Mining/research project/archive\train\Malignant\1252.jpg,Malignant,1
D:/university/summer 26/Data Mining/research project/archive\train\Benign\3379.jpg,Benign,0
D:/university/summer 26/Data Mining/research project/archive\train\Benign\2283.jpg,Benign,0
D:/university/summer 26/Data Mining/research project/archive\train\Benign\6272.jpg,Benign,0
D:/university/summer 26/Data Mining/research project/archive\train\Benign\2677.jpg,Benign,0
D:/university/summer 26/Data Mining/research project/archive\train\Malignant\4054.jpg,Malignant,1
D:/university/summer 26/Data Mining/research project/archive\train\Malignant\206.jpg,Malignant,1
D:/university/summer 26/Data Mining/research project/archive\train\Benign\2402.jpg,Benign,0
D:/university/summer 26/Data Mining/research project/archive\train\Benign\5414.jpg,Benign,0
D:/university/summer 26/Data Mining/research project/archive\train\Malignant\1639.jpg,Malignant,1
D:/university/summer 26/Data Mining/research project/archive\train\Benign\4802.jpg,Benign,0
D:/university/summer 26/Data Mining/research project/archive\train\Malignant\887.jpg,Malignant,1
D:/university/summer 26/Data Mining/research project/archive\train\Benign\354.jpg,Benign,0
D:/university/summer 26/Data Mining/research project/archive\train\Benign\3172.jpg,Benign,0
D:/university/summer 26/Data Mining/research project/archive\train\Malignant\1765.jpg,Malignant,1
D:/university/summer 26/Data Mining/research project/archive\train\Benign\1815.jpg,Benign,0
D:/university/summer 26/Data Mining/research project/archive\train\Benign\3454.jpg,Benign,0
D:/university/summer 26/Data Mining/research project/archive\train\Benign\399.jpg,Benign,0
D:/university/summer 26/Data Mining/research project/archive\train\Benign\1762.jpg,Benign,0
D:/university/summer 26/Data Mining/research project/archive\train\Malignant\393.jpg,Malignant,1
D:/university/summer 26/Data Mining/research project/archive\train\Benign\5837.jpg,Benign,0
D:/university/summer 26/Data Mining/research project/archive\train\Benign\3462.jpg,Benign,0
D:/university/summer 26/Data Mining/research project/archive\train\Benign\3455.jpg,Benign,0
D:/university/summer 26/Data Mining/research project/archive\train\Benign\587.jpg,Benign,0
D:/university/summer 26/Data Mining/research project/archive\train\Benign\5805.jpg,Benign,0
D:/university/summer 26/Data Mining/research project/archive\train\Benign\5195.jpg,Benign,0
D:/university/summer 26/Data Mining/research project/archive\train\Malignant\852.jpg,Malignant,1
D:/university/summer 26/Data Mining/research project/archive\train\Malignant\2724.jpg,Malignant,1
D:/university/summer 26/Data Mining/research project/archive\train\Malignant\1741.jpg,Malignant,1
D:/university/summer 26/Data Mining/research project/archive\train\Malignant\2419.jpg,Malignant,1
D:/university/summer 26/Data Mining/research project/archive\train\Benign\1809.jpg,Benign,0
D:/university/summer 26/Data Mining/research project/archive\train\Malignant\541.jpg,Malignant,1
D:/university/summer 26/Data Mining/research project/archive\train\Malignant\1167.jpg,Malignant,1
D:/university/summer 26/Data Mining/research project/archive\train\Malignant\1738.jpg,Malignant,1
D:/university/summer 26/Data Mining/research project/archive\train\Malignant\5305.jpg,Malignant,1
D:/university/summer 26/Data Mining/research project/archive\train\Benign\3698.jpg,Benign,0
D:/university/summer 26/Data Mining/research project/archive\train\Benign\5375.jpg,Benign,0
D:/university/summer 26/Data Mining/research project/archive\train\Benign\6059.jpg,Benign,0
D:/university/summer 26/Data Mining/research project/archive\train\Malignant\581.jpg,Malignant,1
D:/university/summer 26/Data Mining/research project/archive\train\Benign\1929.jpg,Benign,0
D:/university/summer 26/Data Mining/research project/archive\train\Benign\3490.jpg,Benign,0
D:/university/summer 26/Data Mining/research project/archive\train\Malignant\5115.jpg,Malignant,1
D:/university/summer 26/Data Mining/research project/archive\train\Benign\3591.jpg,Benign,0
D:/university/summer 26/Data Mining/research project/archive\train\Benign\2856.jpg,Benign,0
D:/university/summer 26/Data Mining/research project/archive\train\Benign\5955.jpg,Benign,0
D:/university/summer 26/Data Mining/research project/archive\train\Malignant\811.jpg,Malignant,1
D:/university/summer 26/Data Mining/research project/archive\train\Benign\4115.jpg,Benign,0
D:/university/summer 26/Data Mining/research project/archive\train\Malignant\876.jpg,Malignant,1
D:/university/summer 26/Data Mining/research project/archive\train\Benign\5457.jpg,Benign,0
D:/university/summer 26/Data Mining/research project/archive\train\Malignant\4771.jpg,Malignant,1
D:/university/summer 26/Data Mining/research project/archive\train\Malignant\3644.jpg,Malignant,1
D:/university/summer 26/Data Mining/research project/archive\train\Benign\2245.jpg,Benign,0
D:/university/summer 26/Data Mining/research project/archive\train\Benign\4818.jpg,Benign,0
D:/university/summer 26/Data Mining/research project/archive\train\Benign\3167.jpg,Benign,0
D:/university/summer 26/Data Mining/research project/archive\train\Benign\4368.jpg,Benign,0
D:/university/summer 26/Data Mining/research project/archive\train\Benign\381.jpg,Benign,0
D:/university/summer 26/Data Mining/research project/archive\train\Malignant\2406.jpg,Malignant,1
D:/university/summer 26/Data Mining/research project/archive\train\Benign\3202.jpg,Benign,0
D:/university/summer 26/Data Mining/research project/archive\train\Malignant\2072.jpg,Malignant,1
D:/university/summer 26/Data Mining/research project/archive\train\Benign\6007.jpg,Benign,0
D:/university/summer 26/Data Mining/research project/archive\train\Benign\4890.jpg,Benign,0
D:/university/summer 26/Data Mining/research project/archive\train\Malignant\4719.jpg,Malignant,1
D:/university/summer 26/Data Mining/research project/archive\train\Malignant\5393.jpg,Malignant,1
D:/university/summer 26/Data Mining/research project/archive\train\Malignant\1003.jpg,Malignant,1
D:/university/summer 26/Data Mining/research project/archive\train\Benign\500.jpg,Benign,0
D:/university/summer 26/Data Mining/research project/archive\train\Benign\2141.jpg,Benign,0
D:/university/summer 26/Data Mining/research project/archive\train\Benign\4883.jpg,Benign,0
D:/university/summer 26/Data Mining/research project/archive\train\Benign\1900.jpg,Benign,0
D:/university/summer 26/Data Mining/research project/archive\train\Malignant\4245.jpg,Malignant,1
D:/university/summer 26/Data Mining/research project/archive\train\Benign\4335.jpg,Benign,0
D:/university/summer 26/Data Mining/research project/archive\train\Malignant\787.jpg,Malignant,1
D:/university/summer 26/Data Mining/research project/archive\train\Malignant\3646.jpg,Malignant,1
D:/university/summer 26/Data Mining/research project/archive\train\Malignant\2374.jpg,Malignant,1
D:/university/summer 26/Data Mining/research project/archive\train\Benign\1503.jpg,Benign,0
D:/university/summer 26/Data Mining/research project/archive\train\Malignant\4915.jpg,Malignant,1
D:/university/summer 26/Data Mining/research project/archive\train\Benign\5398.jpg,Benign,0
D:/university/summer 26/Data Mining/research project/archive\train\Malignant\474.jpg,Malignant,1
D:/university/summer 26/Data Mining/research project/archive\train\Malignant\4082.jpg,Malignant,1
D:/university/summer 26/Data Mining/research project/archive\train\Malignant\996.jpg,Malignant,1
D:/university/summer 26/Data Mining/research project/archive\train\Malignant\1156.jpg,Malignant,1
D:/university/summer 26/Data Mining/research project/archive\train\Malignant\3103.jpg,Malignant,1
D:/university/summer 26/Data Mining/research project/archive\train\Malignant\4830.jpg,Malignant,1
D:/university/summer 26/Data Mining/research project/archive\train\Benign\5065.jpg,Benign,0
D:/university/summer 26/Data Mining/research project/archive\train\Malignant\5582.jpg,Malignant,1
D:/university/summer 26/Data Mining/research project/archive\train\Benign\4260.jpg,Benign,0
D:/university/summer 26/Data Mining/research project/archive\train\Malignant\2874.jpg,Malignant,1
D:/university/summer 26/Data Mining/research project/archive\train\Benign\2744.jpg,Benign,0
D:/university/summer 26/Data Mining/research project/archive\train\Benign\4169.jpg,Benign,0
D:/university/summer 26/Data Mining/research project/archive\train\Malignant\2034.jpg,Malignant,1
D:/university/summer 26/Data Mining/research project/archive\train\Malignant\3850.jpg,Malignant,1
D:/university/summer 26/Data Mining/research project/archive\train\Benign\5549.jpg,Benign,0
D:/university/summer 26/Data Mining/research project/archive\train\Malignant\4015.jpg,Malignant,1
D:/university/summer 26/Data Mining/research project/archive\train\Malignant\1108.jpg,Malignant,1
D:/university/summer 26/Data Mining/research project/archive\train\Benign\5350.jpg,Benign,0
D:/university/summer 26/Data Mining/research project/archive\train\Malignant\5492.jpg,Malignant,1
D:/university/summer 26/Data Mining/research project/archive\train\Benign\884.jpg,Benign,0
D:/university/summer 26/Data Mining/research project/archive\train\Benign\2812.jpg,Benign,0
D:/university/summer 26/Data Mining/research project/archive\train\Benign\637.jpg,Benign,0
D:/university/summer 26/Data Mining/research project/archive\train\Benign\4746.jpg,Benign,0
D:/university/summer 26/Data Mining/research project/archive\train\Benign\6231.jpg,Benign,0
D:/university/summer 26/Data Mining/research project/archive\train\Malignant\4101.jpg,Malignant,1
D:/university/summer 26/Data Mining/research project/archive\train\Benign\3572.jpg,Benign,0
D:/university/summer 26/Data Mining/research project/archive\train\Malignant\3628.jpg,Malignant,1
D:/university/summer 26/Data Mining/research project/archive\train\Benign\3996.jpg,Benign,0
D:/university/summer 26/Data Mining/research project/archive\train\Benign\2800.jpg,Benign,0
D:/university/summer 26/Data Mining/research project/archive\train\Benign\1616.jpg,Benign,0
D:/university/summer 26/Data Mining/research project/archive\train\Malignant\3319.jpg,Malignant,1
D:/university/summer 26/Data Mining/research project/archive\train\Malignant\5102.jpg,Malignant,1
D:/university/summer 26/Data Mining/research project/archive\train\Benign\4691.jpg,Benign,0
D:/university/summer 26/Data Mining/research project/archive\train\Benign\5068.jpg,Benign,0
D:/university/summer 26/Data Mining/research project/archive\train\Benign\3661.jpg,Benign,0
D:/university/summer 26/Data Mining/research project/archive\train\Malignant\3264.jpg,Malignant,1
D:/university/summer 26/Data Mining/research project/archive\train\Benign\4207.jpg,Benign,0
D:/university/summer 26/Data Mining/research project/archive\train\Benign\5513.jpg,Benign,0
D:/university/summer 26/Data Mining/research project/archive\train\Malignant\2599.jpg,Malignant,1
D:/university/summer 26/Data Mining/research project/archive\train\Malignant\3026.jpg,Malignant,1
D:/university/summer 26/Data Mining/research project/archive\train\Malignant\4140.jpg,Malignant,1
D:/university/summer 26/Data Mining/research project/archive\train\Malignant\1961.jpg,Malignant,1
D:/university/summer 26/Data Mining/research project/archive\train\Malignant\861.jpg,Malignant,1
D:/university/summer 26/Data Mining/research project/archive\train\Benign\5894.jpg,Benign,0
D:/university/summer 26/Data Mining/research project/archive\train\Malignant\3461.jpg,Malignant,1
D:/university/summer 26/Data Mining/research project/archive\train\Benign\5087.jpg,Benign,0
D:/university/summer 26/Data Mining/research project/archive\train\Benign\2182.jpg,Benign,0
D:/university/summer 26/Data Mining/research project/archive\train\Malignant\3672.jpg,Malignant,1
D:/university/summer 26/Data Mining/research project/archive\train\Benign\3872.jpg,Benign,0
D:/university/summer 26/Data Mining/research project/archive\train\Malignant\704.jpg,Malignant,1
D:/university/summer 26/Data Mining/research project/archive\train\Malignant\3176.jpg,Malignant,1
D:/university/summer 26/Data Mining/research project/archive\train\Malignant\175.jpg,Malignant,1
D:/university/summer 26/Data Mining/research project/archive\train\Malignant\2363.jpg,Malignant,1
D:/university/summer 26/Data Mining/research project/archive\train\Benign\4960.jpg,Benign,0
D:/university/summer 26/Data Mining/research project/archive\train\Malignant\699.jpg,Malignant,1
D:/university/summer 26/Data Mining/research project/archive\train\Benign\2199.jpg,Benign,0
D:/university/summer 26/Data Mining/research project/archive\train\Benign\5115.jpg,Benign,0
D:/university/summer 26/Data Mining/research project/archive\train\Benign\4658.jpg,Benign,0
D:/university/summer 26/Data Mining/research project/archive\train\Malignant\226.jpg,Malignant,1
D:/university/summer 26/Data Mining/research project/archive\train\Malignant\1483.jpg,Malignant,1
D:/university/summer 26/Data Mining/research project/archive\train\Malignant\4124.jpg,Malignant,1
D:/university/summer 26/Data Mining/research project/archive\train\Malignant\5565.jpg,Malignant,1
D:/university/summer 26/Data Mining/research project/archive\train\Benign\3318.jpg,Benign,0
D:/university/summer 26/Data Mining/research project/archive\train\Malignant\3529.jpg,Malignant,1
D:/university/summer 26/Data Mining/research project/archive\train\Malignant\4060.jpg,Malignant,1
D:/university/summer 26/Data Mining/research project/archive\train\Malignant\3057.jpg,Malignant,1
D:/university/summer 26/Data Mining/research project/archive\train\Malignant\3468.jpg,Malignant,1
D:/university/summer 26/Data Mining/research project/archive\train\Malignant\4354.jpg,Malignant,1
D:/university/summer 26/Data Mining/research project/archive\train\Benign\4253.jpg,Benign,0
D:/university/summer 26/Data Mining/research project/archive\train\Benign\694.jpg,Benign,0
D:/university/summer 26/Data Mining/research project/archive\train\Benign\2840.jpg,Benign,0
D:/university/summer 26/Data Mining/research project/archive\train\Malignant\3782.jpg,Malignant,1
D:/university/summer 26/Data Mining/research project/archive\train\Benign\3983.jpg,Benign,0
D:/university/summer 26/Data Mining/research project/archive\train\Malignant\4791.jpg,Malignant,1
D:/university/summer 26/Data Mining/research project/archive\train\Malignant\4012.jpg,Malignant,1
D:/university/summer 26/Data Mining/research project/archive\train\Malignant\1627.jpg,Malignant,1
D:/university/summer 26/Data Mining/research project/archive\train\Benign\2999.jpg,Benign,0
D:/university/summer 26/Data Mining/research project/archive\train\Malignant\5489.jpg,Malignant,1
D:/university/summer 26/Data Mining/research project/archive\train\Malignant\684.jpg,Malignant,1
D:/university/summer 26/Data Mining/research project/archive\train\Benign\544.jpg,Benign,0
D:/university/summer 26/Data Mining/research project/archive\train\Benign\3142.jpg,Benign,0
D:/university/summer 26/Data Mining/research project/archive\train\Malignant\838.jpg,Malignant,1
D:/university/summer 26/Data Mining/research project/archive\train\Benign\2573.jpg,Benign,0
D:/university/summer 26/Data Mining/research project/archive\train\Malignant\1271.jpg,Malignant,1
D:/university/summer 26/Data Mining/research project/archive\train\Malignant\2063.jpg,Malignant,1
D:/university/summer 26/Data Mining/research project/archive\train\Benign\1153.jpg,Benign,0
D:/university/summer 26/Data Mining/research project/archive\train\Benign\3542.jpg,Benign,0
D:/university/summer 26/Data Mining/research project/archive\train\Malignant\2026.jpg,Malignant,1
D:/university/summer 26/Data Mining/research project/archive\train\Malignant\3067.jpg,Malignant,1
D:/university/summer 26/Data Mining/research project/archive\train\Malignant\4907.jpg,Malignant,1
D:/university/summer 26/Data Mining/research project/archive\train\Benign\1574.jpg,Benign,0
D:/university/summer 26/Data Mining/research project/archive\train\Benign\343.jpg,Benign,0
D:/university/summer 26/Data Mining/research project/archive\train\Malignant\3032.jpg,Malignant,1
D:/university/summer 26/Data Mining/research project/archive\train\Malignant\1805.jpg,Malignant,1
D:/university/summer 26/Data Mining/research project/archive\train\Malignant\3487.jpg,Malignant,1
D:/university/summer 26/Data Mining/research project/archive\train\Malignant\5227.jpg,Malignant,1
D:/university/summer 26/Data Mining/research project/archive\train\Malignant\2084.jpg,Malignant,1
D:/university/summer 26/Data Mining/research project/archive\train\Benign\2831.jpg,Benign,0
D:/university/summer 26/Data Mining/research project/archive\train\Benign\3424.jpg,Benign,0
D:/university/summer 26/Data Mining/research project/archive\train\Benign\3171.jpg,Benign,0
D:/university/summer 26/Data Mining/research project/archive\train\Benign\4448.jpg,Benign,0
D:/university/summer 26/Data Mining/research project/archive\train\Benign\3231.jpg,Benign,0
D:/university/summer 26/Data Mining/research project/archive\train\Benign\4371.jpg,Benign,0
D:/university/summer 26/Data Mining/research project/archive\train\Malignant\2329.jpg,Malignant,1
D:/university/summer 26/Data Mining/research project/archive\train\Malignant\4657.jpg,Malignant,1
D:/university/summer 26/Data Mining/research project/archive\train\Benign\5724.jpg,Benign,0
D:/university/summer 26/Data Mining/research project/archive\train\Benign\3993.jpg,Benign,0
D:/university/summer 26/Data Mining/research project/archive\train\Benign\4893.jpg,Benign,0
D:/university/summer 26/Data Mining/research project/archive\train\Benign\4881.jpg,Benign,0
D:/university/summer 26/Data Mining/research project/archive\train\Benign\684.jpg,Benign,0
D:/university/summer 26/Data Mining/research project/archive\train\Malignant\3471.jpg,Malignant,1
D:/university/summer 26/Data Mining/research project/archive\train\Malignant\4108.jpg,Malignant,1
D:/university/summer 26/Data Mining/research project/archive\train\Malignant\4888.jpg,Malignant,1
D:/university/summer 26/Data Mining/research project/archive\train\Malignant\2876.jpg,Malignant,1
D:/university/summer 26/Data Mining/research project/archive\train\Benign\4022.jpg,Benign,0
D:/university/summer 26/Data Mining/research project/archive\train\Benign\2629.jpg,Benign,0
D:/university/summer 26/Data Mining/research project/archive\train\Benign\5247.jpg,Benign,0
D:/university/summer 26/Data Mining/research project/archive\train\Malignant\906.jpg,Malignant,1
D:/university/summer 26/Data Mining/research project/archive\train\Benign\1363.jpg,Benign,0
D:/university/summer 26/Data Mining/research project/archive\train\Malignant\2614.jpg,Malignant,1
D:/university/summer 26/Data Mining/research project/archive\train\Benign\5270.jpg,Benign,0
D:/university/summer 26/Data Mining/research project/archive\train\Benign\2398.jpg,Benign,0
D:/university/summer 26/Data Mining/research project/archive\train\Malignant\2802.jpg,Malignant,1
D:/university/summer 26/Data Mining/research project/archive\train\Benign\3005.jpg,Benign,0
D:/university/summer 26/Data Mining/research project/archive\train\Benign\5403.jpg,Benign,0
D:/university/summer 26/Data Mining/research project/archive\train\Benign\6205.jpg,Benign,0
D:/university/summer 26/Data Mining/research project/archive\train\Malignant\1250.jpg,Malignant,1
D:/university/summer 26/Data Mining/research project/archive\train\Benign\3050.jpg,Benign,0
D:/university/summer 26/Data Mining/research project/archive\train\Benign\2791.jpg,Benign,0
D:/university/summer 26/Data Mining/research project/archive\train\Benign\4320.jpg,Benign,0
D:/university/summer 26/Data Mining/research project/archive\train\Benign\5932.jpg,Benign,0
D:/university/summer 26/Data Mining/research project/archive\train\Malignant\5184.jpg,Malignant,1
D:/university/summer 26/Data Mining/research project/archive\train\Malignant\1403.jpg,Malignant,1
D:/university/summer 26/Data Mining/research project/archive\train\Benign\1511.jpg,Benign,0
D:/university/summer 26/Data Mining/research project/archive\train\Benign\915.jpg,Benign,0
D:/university/summer 26/Data Mining/research project/archive\train\Malignant\1288.jpg,Malignant,1
D:/university/summer 26/Data Mining/research project/archive\train\Malignant\129.jpg,Malignant,1
D:/university/summer 26/Data Mining/research project/archive\train\Malignant\1231.jpg,Malignant,1
D:/university/summer 26/Data Mining/research project/archive\train\Benign\5071.jpg,Benign,0
D:/university/summer 26/Data Mining/research project/archive\train\Benign\4352.jpg,Benign,0
D:/university/summer 26/Data Mining/research project/archive\train\Malignant\2325.jpg,Malignant,1
D:/university/summer 26/Data Mining/research project/archive\train\Malignant\2508.jpg,Malignant,1
D:/university/summer 26/Data Mining/research project/archive\train\Benign\4845.jpg,Benign,0
D:/university/summer 26/Data Mining/research project/archive\train\Benign\3491.jpg,Benign,0
D:/university/summer 26/Data Mining/research project/archive\train\Malignant\65.jpg,Malignant,1
D:/university/summer 26/Data Mining/research project/archive\train\Malignant\4618.jpg,Malignant,1
D:/university/summer 26/Data Mining/research project/archive\train\Benign\2327.jpg,Benign,0
D:/university/summer 26/Data Mining/research project/archive\train\Malignant\4690.jpg,Malignant,1
D:/university/summer 26/Data Mining/research project/archive\train\Benign\3499.jpg,Benign,0
D:/university/summer 26/Data Mining/research project/archive\train\Benign\3629.jpg,Benign,0
D:/university/summer 26/Data Mining/research project/archive\train\Malignant\3082.jpg,Malignant,1
D:/university/summer 26/Data Mining/research project/archive\train\Malignant\1385.jpg,Malignant,1
D:/university/summer 26/Data Mining/research project/archive\train\Benign\2616.jpg,Benign,0
D:/university/summer 26/Data Mining/research project/archive\train\Benign\1089.jpg,Benign,0
D:/university/summer 26/Data Mining/research project/archive\train\Malignant\1595.jpg,Malignant,1
D:/university/summer 26/Data Mining/research project/archive\train\Malignant\473.jpg,Malignant,1
D:/university/summer 26/Data Mining/research project/archive\train\Malignant\4106.jpg,Malignant,1
D:/university/summer 26/Data Mining/research project/archive\train\Malignant\2651.jpg,Malignant,1
D:/university/summer 26/Data Mining/research project/archive\train\Malignant\3285.jpg,Malignant,1
D:/university/summer 26/Data Mining/research project/archive\train\Benign\3961.jpg,Benign,0
D:/university/summer 26/Data Mining/research project/archive\train\Malignant\3960.jpg,Malignant,1
D:/university/summer 26/Data Mining/research project/archive\train\Malignant\2370.jpg,Malignant,1
D:/university/summer 26/Data Mining/research project/archive\train\Malignant\4370.jpg,Malignant,1
D:/university/summer 26/Data Mining/research project/archive\train\Malignant\3897.jpg,Malignant,1
D:/university/summer 26/Data Mining/research project/archive\train\Benign\477.jpg,Benign,0
D:/university/summer 26/Data Mining/research project/archive\train\Benign\5415.jpg,Benign,0
D:/university/summer 26/Data Mining/research project/archive\train\Benign\5829.jpg,Benign,0
D:/university/summer 26/Data Mining/research project/archive\train\Malignant\1202.jpg,Malignant,1
D:/university/summer 26/Data Mining/research project/archive\train\Malignant\503.jpg,Malignant,1
D:/university/summer 26/Data Mining/research project/archive\train\Malignant\5203.jpg,Malignant,1
D:/university/summer 26/Data Mining/research project/archive\train\Malignant\5125.jpg,Malignant,1
D:/university/summer 26/Data Mining/research project/archive\train\Benign\4538.jpg,Benign,0
D:/university/summer 26/Data Mining/research project/archive\train\Benign\4358.jpg,Benign,0
D:/university/summer 26/Data Mining/research project/archive\train\Malignant\4866.jpg,Malignant,1
D:/university/summer 26/Data Mining/research project/archive\train\Malignant\4780.jpg,Malignant,1
D:/university/summer 26/Data Mining/research project/archive\train\Benign\2572.jpg,Benign,0
D:/university/summer 26/Data Mining/research project/archive\train\Benign\6210.jpg,Benign,0
D:/university/summer 26/Data Mining/research project/archive\train\Benign\1898.jpg,Benign,0
D:/university/summer 26/Data Mining/research project/archive\train\Malignant\5178.jpg,Malignant,1
D:/university/summer 26/Data Mining/research project/archive\train\Malignant\1066.jpg,Malignant,1
D:/university/summer 26/Data Mining/research project/archive\train\Malignant\4751.jpg,Malignant,1
D:/university/summer 26/Data Mining/research project/archive\train\Benign\2675.jpg,Benign,0
D:/university/summer 26/Data Mining/research project/archive\train\Benign\3530.jpg,Benign,0
D:/university/summer 26/Data Mining/research project/archive\train\Benign\4301.jpg,Benign,0
D:/university/summer 26/Data Mining/research project/archive\train\Benign\4557.jpg,Benign,0
D:/university/summer 26/Data Mining/research project/archive\train\Malignant\3039.jpg,Malignant,1
D:/university/summer 26/Data Mining/research project/archive\train\Benign\2591.jpg,Benign,0
D:/university/summer 26/Data Mining/research project/archive\train\Malignant\4637.jpg,Malignant,1
D:/university/summer 26/Data Mining/research project/archive\train\Benign\5364.jpg,Benign,0
D:/university/summer 26/Data Mining/research project/archive\train\Malignant\2300.jpg,Malignant,1
D:/university/summer 26/Data Mining/research project/archive\train\Benign\77.jpg,Benign,0
D:/university/summer 26/Data Mining/research project/archive\train\Benign\1985.jpg,Benign,0
D:/university/summer 26/Data Mining/research project/archive\train\Benign\1023.jpg,Benign,0
D:/university/summer 26/Data Mining/research project/archive\train\Malignant\3662.jpg,Malignant,1
D:/university/summer 26/Data Mining/research project/archive\train\Malignant\932.jpg,Malignant,1
D:/university/summer 26/Data Mining/research project/archive\train\Malignant\498.jpg,Malignant,1
D:/university/summer 26/Data Mining/research project/archive\train\Benign\1239.jpg,Benign,0
D:/university/summer 26/Data Mining/research project/archive\train\Benign\3800.jpg,Benign,0
D:/university/summer 26/Data Mining/research project/archive\train\Benign\4513.jpg,Benign,0
D:/university/summer 26/Data Mining/research project/archive\train\Benign\5209.jpg,Benign,0
D:/university/summer 26/Data Mining/research project/archive\train\Benign\1259.jpg,Benign,0
D:/university/summer 26/Data Mining/research project/archive\train\Benign\1793.jpg,Benign,0
D:/university/summer 26/Data Mining/research project/archive\train\Benign\2047.jpg,Benign,0
D:/university/summer 26/Data Mining/research project/archive\train\Malignant\1123.jpg,Malignant,1
D:/university/summer 26/Data Mining/research project/archive\train\Benign\3459.jpg,Benign,0
D:/university/summer 26/Data Mining/research project/archive\train\Malignant\3470.jpg,Malignant,1
D:/university/summer 26/Data Mining/research project/archive\train\Malignant\3128.jpg,Malignant,1
D:/university/summer 26/Data Mining/research project/archive\train\Malignant\764.jpg,Malignant,1
D:/university/summer 26/Data Mining/research project/archive\train\Malignant\5530.jpg,Malignant,1
D:/university/summer 26/Data Mining/research project/archive\train\Benign\2604.jpg,Benign,0
D:/university/summer 26/Data Mining/research project/archive\train\Malignant\115.jpg,Malignant,1
D:/university/summer 26/Data Mining/research project/archive\train\Benign\4381.jpg,Benign,0
D:/university/summer 26/Data Mining/research project/archive\train\Benign\6022.jpg,Benign,0
D:/university/summer 26/Data Mining/research project/archive\train\Benign\5086.jpg,Benign,0
D:/university/summer 26/Data Mining/research project/archive\train\Malignant\1443.jpg,Malignant,1
D:/university/summer 26/Data Mining/research project/archive\train\Malignant\2030.jpg,Malignant,1
D:/university/summer 26/Data Mining/research project/archive\train\Malignant\3320.jpg,Malignant,1
D:/university/summer 26/Data Mining/research project/archive\train\Malignant\929.jpg,Malignant,1
D:/university/summer 26/Data Mining/research project/archive\train\Malignant\4190.jpg,Malignant,1
D:/university/summer 26/Data Mining/research project/archive\train\Benign\3413.jpg,Benign,0
D:/university/summer 26/Data Mining/research project/archive\train\Malignant\716.jpg,Malignant,1
D:/university/summer 26/Data Mining/research project/archive\train\Malignant\3528.jpg,Malignant,1
D:/university/summer 26/Data Mining/research project/archive\train\Malignant\3774.jpg,Malignant,1
D:/university/summer 26/Data Mining/research project/archive\train\Benign\3559.jpg,Benign,0
D:/university/summer 26/Data Mining/research project/archive\train\Benign\613.jpg,Benign,0
D:/university/summer 26/Data Mining/research project/archive\train\Benign\5778.jpg,Benign,0
D:/university/summer 26/Data Mining/research project/archive\train\Benign\2418.jpg,Benign,0
D:/university/summer 26/Data Mining/research project/archive\train\Malignant\3041.jpg,Malignant,1
D:/university/summer 26/Data Mining/research project/archive\train\Benign\1398.jpg,Benign,0
D:/university/summer 26/Data Mining/research project/archive\train\Malignant\538.jpg,Malignant,1
D:/university/summer 26/Data Mining/research project/archive\train\Benign\2413.jpg,Benign,0
D:/university/summer 26/Data Mining/research project/archive\train\Malignant\4037.jpg,Malignant,1
D:/university/summer 26/Data Mining/research project/archive\train\Benign\2523.jpg,Benign,0
D:/university/summer 26/Data Mining/research project/archive\train\Benign\1187.jpg,Benign,0
D:/university/summer 26/Data Mining/research project/archive\train\Benign\6023.jpg,Benign,0
D:/university/summer 26/Data Mining/research project/archive\train\Benign\2948.jpg,Benign,0
D:/university/summer 26/Data Mining/research project/archive\train\Malignant\5094.jpg,Malignant,1
D:/university/summer 26/Data Mining/research project/archive\train\Benign\192.jpg,Benign,0
D:/university/summer 26/Data Mining/research project/archive\train\Malignant\976.jpg,Malignant,1
D:/university/summer 26/Data Mining/research project/archive\train\Benign\1638.jpg,Benign,0
D:/university/summer 26/Data Mining/research project/archive\train\Malignant\2732.jpg,Malignant,1
D:/university/summer 26/Data Mining/research project/archive\train\Malignant\1706.jpg,Malignant,1
D:/university/summer 26/Data Mining/research project/archive\train\Malignant\4598.jpg,Malignant,1
D:/university/summer 26/Data Mining/research project/archive\train\Benign\3471.jpg,Benign,0
D:/university/summer 26/Data Mining/research project/archive\train\Malignant\2491.jpg,Malignant,1
D:/university/summer 26/Data Mining/research project/archive\train\Malignant\5542.jpg,Malignant,1
D:/university/summer 26/Data Mining/research project/archive\train\Benign\6257.jpg,Benign,0
D:/university/summer 26/Data Mining/research project/archive\train\Benign\3305.jpg,Benign,0
D:/university/summer 26/Data Mining/research project/archive\train\Benign\1028.jpg,Benign,0
D:/university/summer 26/Data Mining/research project/archive\train\Malignant\4109.jpg,Malignant,1
D:/university/summer 26/Data Mining/research project/archive\train\Benign\3840.jpg,Benign,0
D:/university/summer 26/Data Mining/research project/archive\train\Malignant\1006.jpg,Malignant,1
D:/university/summer 26/Data Mining/research project/archive\train\Benign\4294.jpg,Benign,0
D:/university/summer 26/Data Mining/research project/archive\train\Benign\5240.jpg,Benign,0
D:/university/summer 26/Data Mining/research project/archive\train\Benign\804.jpg,Benign,0
D:/university/summer 26/Data Mining/research project/archive\train\Malignant\3670.jpg,Malignant,1
D:/university/summer 26/Data Mining/research project/archive\train\Benign\2889.jpg,Benign,0
D:/university/summer 26/Data Mining/research project/archive\train\Malignant\3559.jpg,Malignant,1
D:/university/summer 26/Data Mining/research project/archive\train\Malignant\2832.jpg,Malignant,1
D:/university/summer 26/Data Mining/research project/archive\train\Benign\2986.jpg,Benign,0
D:/university/summer 26/Data Mining/research project/archive\train\Benign\488.jpg,Benign,0
D:/university/summer 26/Data Mining/research project/archive\train\Benign\5769.jpg,Benign,0
D:/university/summer 26/Data Mining/research project/archive\train\Malignant\2943.jpg,Malignant,1
D:/university/summer 26/Data Mining/research project/archive\train\Malignant\3391.jpg,Malignant,1
D:/university/summer 26/Data Mining/research project/archive\train\Malignant\4522.jpg,Malignant,1
D:/university/summer 26/Data Mining/research project/archive\train\Benign\1218.jpg,Benign,0
D:/university/summer 26/Data Mining/research project/archive\train\Benign\3384.jpg,Benign,0
D:/university/summer 26/Data Mining/research project/archive\train\Benign\2775.jpg,Benign,0
D:/university/summer 26/Data Mining/research project/archive\train\Malignant\3616.jpg,Malignant,1
D:/university/summer 26/Data Mining/research project/archive\train\Benign\2417.jpg,Benign,0
D:/university/summer 26/Data Mining/research project/archive\train\Malignant\702.jpg,Malignant,1
D:/university/summer 26/Data Mining/research project/archive\train\Malignant\4263.jpg,Malignant,1
D:/university/summer 26/Data Mining/research project/archive\train\Benign\4006.jpg,Benign,0
D:/university/summer 26/Data Mining/research project/archive\train\Malignant\4356.jpg,Malignant,1
D:/university/summer 26/Data Mining/research project/archive\train\Benign\1802.jpg,Benign,0
D:/university/summer 26/Data Mining/research project/archive\train\Benign\4841.jpg,Benign,0
D:/university/summer 26/Data Mining/research project/archive\train\Malignant\3122.jpg,Malignant,1
D:/university/summer 26/Data Mining/research project/archive\train\Benign\290.jpg,Benign,0
D:/university/summer 26/Data Mining/research project/archive\train\Benign\3520.jpg,Benign,0
D:/university/summer 26/Data Mining/research project/archive\train\Benign\5421.jpg,Benign,0
D:/university/summer 26/Data Mining/research project/archive\train\Benign\3136.jpg,Benign,0
D:/university/summer 26/Data Mining/research project/archive\train\Benign\1810.jpg,Benign,0
D:/university/summer 26/Data Mining/research project/archive\train\Benign\268.jpg,Benign,0
D:/university/summer 26/Data Mining/research project/archive\train\Malignant\803.jpg,Malignant,1
D:/university/summer 26/Data Mining/research project/archive\train\Malignant\2593.jpg,Malignant,1
D:/university/summer 26/Data Mining/research project/archive\train\Benign\122.jpg,Benign,0
D:/university/summer 26/Data Mining/research project/archive\train\Benign\530.jpg,Benign,0
D:/university/summer 26/Data Mining/research project/archive\train\Malignant\3291.jpg,Malignant,1
D:/university/summer 26/Data Mining/research project/archive\train\Malignant\1803.jpg,Malignant,1
D:/university/summer 26/Data Mining/research project/archive\train\Malignant\3583.jpg,Malignant,1
D:/university/summer 26/Data Mining/research project/archive\train\Benign\2626.jpg,Benign,0
D:/university/summer 26/Data Mining/research project/archive\train\Benign\4519.jpg,Benign,0
D:/university/summer 26/Data Mining/research project/archive\train\Benign\4605.jpg,Benign,0
D:/university/summer 26/Data Mining/research project/archive\train\Benign\620.jpg,Benign,0
D:/university/summer 26/Data Mining/research project/archive\train\Malignant\2784.jpg,Malignant,1
D:/university/summer 26/Data Mining/research project/archive\train\Benign\3673.jpg,Benign,0
D:/university/summer 26/Data Mining/research project/archive\train\Benign\6234.jpg,Benign,0
D:/university/summer 26/Data Mining/research project/archive\train\Benign\1886.jpg,Benign,0
D:/university/summer 26/Data Mining/research project/archive\train\Malignant\4511.jpg,Malignant,1
D:/university/summer 26/Data Mining/research project/archive\train\Benign\2538.jpg,Benign,0
D:/university/summer 26/Data Mining/research project/archive\train\Malignant\623.jpg,Malignant,1
D:/university/summer 26/Data Mining/research project/archive\train\Malignant\1092.jpg,Malignant,1
D:/university/summer 26/Data Mining/research project/archive\train\Benign\4828.jpg,Benign,0
D:/university/summer 26/Data Mining/research project/archive\train\Malignant\1948.jpg,Malignant,1
D:/university/summer 26/Data Mining/research project/archive\train\Malignant\859.jpg,Malignant,1
D:/university/summer 26/Data Mining/research project/archive\train\Malignant\5459.jpg,Malignant,1
D:/university/summer 26/Data Mining/research project/archive\train\Benign\2925.jpg,Benign,0
D:/university/summer 26/Data Mining/research project/archive\train\Malignant\329.jpg,Malignant,1
D:/university/summer 26/Data Mining/research project/archive\train\Benign\5171.jpg,Benign,0
D:/university/summer 26/Data Mining/research project/archive\train\Benign\144.jpg,Benign,0
D:/university/summer 26/Data Mining/research project/archive\train\Benign\908.jpg,Benign,0
D:/university/summer 26/Data Mining/research project/archive\train\Malignant\4933.jpg,Malignant,1
D:/university/summer 26/Data Mining/research project/archive\train\Benign\2217.jpg,Benign,0
D:/university/summer 26/Data Mining/research project/archive\train\Benign\5917.jpg,Benign,0
D:/university/summer 26/Data Mining/research project/archive\train\Malignant\1034.jpg,Malignant,1
D:/university/summer 26/Data Mining/research project/archive\train\Malignant\5455.jpg,Malignant,1
D:/university/summer 26/Data Mining/research project/archive\train\Malignant\5270.jpg,Malignant,1
D:/university/summer 26/Data Mining/research project/archive\train\Malignant\4871.jpg,Malignant,1
D:/university/summer 26/Data Mining/research project/archive\train\Benign\2884.jpg,Benign,0
D:/university/summer 26/Data Mining/research project/archive\train\Benign\6019.jpg,Benign,0
D:/university/summer 26/Data Mining/research project/archive\train\Benign\47.jpg,Benign,0
D:/university/summer 26/Data Mining/research project/archive\train\Benign\5007.jpg,Benign,0
D:/university/summer 26/Data Mining/research project/archive\train\Malignant\4999.jpg,Malignant,1
D:/university/summer 26/Data Mining/research project/archive\train\Benign\3289.jpg,Benign,0
D:/university/summer 26/Data Mining/research project/archive\train\Malignant\1617.jpg,Malignant,1
D:/university/summer 26/Data Mining/research project/archive\train\Benign\2339.jpg,Benign,0
D:/university/summer 26/Data Mining/research project/archive\train\Benign\2544.jpg,Benign,0
D:/university/summer 26/Data Mining/research project/archive\train\Malignant\2120.jpg,Malignant,1
D:/university/summer 26/Data Mining/research project/archive\train\Benign\4184.jpg,Benign,0
D:/university/summer 26/Data Mining/research project/archive\train\Benign\4471.jpg,Benign,0
D:/university/summer 26/Data Mining/research project/archive\train\Benign\3880.jpg,Benign,0
D:/university/summer 26/Data Mining/research project/archive\train\Benign\5357.jpg,Benign,0
D:/university/summer 26/Data Mining/research project/archive\train\Malignant\1094.jpg,Malignant,1
D:/university/summer 26/Data Mining/research project/archive\train\Malignant\666.jpg,Malignant,1
D:/university/summer 26/Data Mining/research project/archive\train\Benign\3818.jpg,Benign,0
D:/university/summer 26/Data Mining/research project/archive\train\Benign\5539.jpg,Benign,0
D:/university/summer 26/Data Mining/research project/archive\train\Benign\5867.jpg,Benign,0
D:/university/summer 26/Data Mining/research project/archive\train\Malignant\5450.jpg,Malignant,1
D:/university/summer 26/Data Mining/research project/archive\train\Malignant\2231.jpg,Malignant,1
D:/university/summer 26/Data Mining/research project/archive\train\Malignant\4305.jpg,Malignant,1
D:/university/summer 26/Data Mining/research project/archive\train\Malignant\376.jpg,Malignant,1
D:/university/summer 26/Data Mining/research project/archive\train\Malignant\2659.jpg,Malignant,1
D:/university/summer 26/Data Mining/research project/archive\train\Benign\5426.jpg,Benign,0
D:/university/summer 26/Data Mining/research project/archive\train\Malignant\4958.jpg,Malignant,1
D:/university/summer 26/Data Mining/research project/archive\train\Malignant\1194.jpg,Malignant,1
D:/university/summer 26/Data Mining/research project/archive\train\Benign\5339.jpg,Benign,0
D:/university/summer 26/Data Mining/research project/archive\train\Malignant\673.jpg,Malignant,1
D:/university/summer 26/Data Mining/research project/archive\train\Benign\3259.jpg,Benign,0
D:/university/summer 26/Data Mining/research project/archive\train\Benign\2553.jpg,Benign,0
D:/university/summer 26/Data Mining/research project/archive\train\Benign\4477.jpg,Benign,0
D:/university/summer 26/Data Mining/research project/archive\train\Malignant\1661.jpg,Malignant,1
D:/university/summer 26/Data Mining/research project/archive\train\Malignant\1155.jpg,Malignant,1
D:/university/summer 26/Data Mining/research project/archive\train\Benign\5795.jpg,Benign,0
D:/university/summer 26/Data Mining/research project/archive\train\Malignant\3423.jpg,Malignant,1
D:/university/summer 26/Data Mining/research project/archive\train\Benign\1490.jpg,Benign,0
D:/university/summer 26/Data Mining/research project/archive\train\Benign\3609.jpg,Benign,0
D:/university/summer 26/Data Mining/research project/archive\train\Malignant\1401.jpg,Malignant,1
D:/university/summer 26/Data Mining/research project/archive\train\Benign\299.jpg,Benign,0
D:/university/summer 26/Data Mining/research project/archive\train\Benign\6021.jpg,Benign,0
D:/university/summer 26/Data Mining/research project/archive\train\Malignant\4343.jpg,Malignant,1
D:/university/summer 26/Data Mining/research project/archive\train\Benign\1766.jpg,Benign,0
D:/university/summer 26/Data Mining/research project/archive\train\Benign\4769.jpg,Benign,0
D:/university/summer 26/Data Mining/research project/archive\train\Malignant\1067.jpg,Malignant,1
D:/university/summer 26/Data Mining/research project/archive\train\Benign\3587.jpg,Benign,0
D:/university/summer 26/Data Mining/research project/archive\train\Malignant\555.jpg,Malignant,1
D:/university/summer 26/Data Mining/research project/archive\train\Malignant\4934.jpg,Malignant,1
D:/university/summer 26/Data Mining/research project/archive\train\Malignant\2385.jpg,Malignant,1
D:/university/summer 26/Data Mining/research project/archive\train\Benign\5312.jpg,Benign,0
D:/university/summer 26/Data Mining/research project/archive\train\Malignant\1871.jpg,Malignant,1
D:/university/summer 26/Data Mining/research project/archive\train\Malignant\2932.jpg,Malignant,1
D:/university/summer 26/Data Mining/research project/archive\train\Benign\1265.jpg,Benign,0
D:/university/summer 26/Data Mining/research project/archive\train\Benign\4917.jpg,Benign,0
D:/university/summer 26/Data Mining/research project/archive\train\Benign\2150.jpg,Benign,0
D:/university/summer 26/Data Mining/research project/archive\train\Benign\6015.jpg,Benign,0
D:/university/summer 26/Data Mining/research project/archive\train\Benign\3331.jpg,Benign,0
D:/university/summer 26/Data Mining/research project/archive\train\Malignant\5579.jpg,Malignant,1
D:/university/summer 26/Data Mining/research project/archive\train\Malignant\747.jpg,Malignant,1
D:/university/summer 26/Data Mining/research project/archive\train\Malignant\2343.jpg,Malignant,1
D:/university/summer 26/Data Mining/research project/archive\train\Benign\4589.jpg,Benign,0
D:/university/summer 26/Data Mining/research project/archive\train\Malignant\4552.jpg,Malignant,1
D:/university/summer 26/Data Mining/research project/archive\train\Malignant\4659.jpg,Malignant,1
D:/university/summer 26/Data Mining/research project/archive\train\Benign\3448.jpg,Benign,0
D:/university/summer 26/Data Mining/research project/archive\train\Malignant\4374.jpg,Malignant,1
D:/university/summer 26/Data Mining/research project/archive\train\Benign\914.jpg,Benign,0
D:/university/summer 26/Data Mining/research project/archive\train\Malignant\2412.jpg,Malignant,1
D:/university/summer 26/Data Mining/research project/archive\train\Benign\4364.jpg,Benign,0
D:/university/summer 26/Data Mining/research project/archive\train\Malignant\3347.jpg,Malignant,1
D:/university/summer 26/Data Mining/research project/archive\train\Benign\5133.jpg,Benign,0
D:/university/summer 26/Data Mining/research project/archive\train\Malignant\1209.jpg,Malignant,1
D:/university/summer 26/Data Mining/research project/archive\train\Malignant\2471.jpg,Malignant,1
D:/university/summer 26/Data Mining/research project/archive\train\Malignant\1518.jpg,Malignant,1
D:/university/summer 26/Data Mining/research project/archive\train\Malignant\4994.jpg,Malignant,1
D:/university/summer 26/Data Mining/research project/archive\train\Benign\5359.jpg,Benign,0
D:/university/summer 26/Data Mining/research project/archive\train\Benign\50.jpg,Benign,0
D:/university/summer 26/Data Mining/research project/archive\train\Malignant\4159.jpg,Malignant,1
D:/university/summer 26/Data Mining/research project/archive\train\Benign\575.jpg,Benign,0
D:/university/summer 26/Data Mining/research project/archive\train\Malignant\1299.jpg,Malignant,1
D:/university/summer 26/Data Mining/research project/archive\train\Benign\369.jpg,Benign,0
D:/university/summer 26/Data Mining/research project/archive\train\Malignant\5082.jpg,Malignant,1
D:/university/summer 26/Data Mining/research project/archive\train\Malignant\1878.jpg,Malignant,1
D:/university/summer 26/Data Mining/research project/archive\train\Benign\1989.jpg,Benign,0
D:/university/summer 26/Data Mining/research project/archive\train\Malignant\2372.jpg,Malignant,1
D:/university/summer 26/Data Mining/research project/archive\train\Benign\6126.jpg,Benign,0
D:/university/summer 26/Data Mining/research project/archive\train\Benign\968.jpg,Benign,0
D:/university/summer 26/Data Mining/research project/archive\train\Benign\4316.jpg,Benign,0
D:/university/summer 26/Data Mining/research project/archive\train\Malignant\1413.jpg,Malignant,1
D:/university/summer 26/Data Mining/research project/archive\train\Benign\1076.jpg,Benign,0
D:/university/summer 26/Data Mining/research project/archive\train\Malignant\1630.jpg,Malignant,1
D:/university/summer 26/Data Mining/research project/archive\train\Malignant\4833.jpg,Malignant,1
D:/university/summer 26/Data Mining/research project/archive\train\Malignant\3950.jpg,Malignant,1
D:/university/summer 26/Data Mining/research project/archive\train\Benign\4694.jpg,Benign,0
D:/university/summer 26/Data Mining/research project/archive\train\Malignant\1183.jpg,Malignant,1
D:/university/summer 26/Data Mining/research project/archive\train\Benign\4816.jpg,Benign,0
D:/university/summer 26/Data Mining/research project/archive\train\Malignant\3086.jpg,Malignant,1
D:/university/summer 26/Data Mining/research project/archive\train\Malignant\4026.jpg,Malignant,1
D:/university/summer 26/Data Mining/research project/archive\train\Malignant\2124.jpg,Malignant,1
D:/university/summer 26/Data Mining/research project/archive\train\Benign\109.jpg,Benign,0
D:/university/summer 26/Data Mining/research project/archive\train\Malignant\224.jpg,Malignant,1
D:/university/summer 26/Data Mining/research project/archive\train\Benign\131.jpg,Benign,0
D:/university/summer 26/Data Mining/research project/archive\train\Benign\4237.jpg,Benign,0
D:/university/summer 26/Data Mining/research project/archive\train\Malignant\3059.jpg,Malignant,1
D:/university/summer 26/Data Mining/research project/archive\train\Benign\5190.jpg,Benign,0
D:/university/summer 26/Data Mining/research project/archive\train\Benign\1943.jpg,Benign,0
D:/university/summer 26/Data Mining/research project/archive\train\Benign\2946.jpg,Benign,0
D:/university/summer 26/Data Mining/research project/archive\train\Benign\2362.jpg,Benign,0
D:/university/summer 26/Data Mining/research project/archive\train\Benign\4576.jpg,Benign,0
D:/university/summer 26/Data Mining/research project/archive\train\Benign\185.jpg,Benign,0
D:/university/summer 26/Data Mining/research project/archive\train\Malignant\603.jpg,Malignant,1
D:/university/summer 26/Data Mining/research project/archive\train\Malignant\4689.jpg,Malignant,1
D:/university/summer 26/Data Mining/research project/archive\train\Malignant\2098.jpg,Malignant,1
D:/university/summer 26/Data Mining/research project/archive\train\Benign\3514.jpg,Benign,0
D:/university/summer 26/Data Mining/research project/archive\train\Benign\769.jpg,Benign,0
D:/university/summer 26/Data Mining/research project/archive\train\Benign\955.jpg,Benign,0
D:/university/summer 26/Data Mining/research project/archive\train\Malignant\3521.jpg,Malignant,1
D:/university/summer 26/Data Mining/research project/archive\train\Malignant\1615.jpg,Malignant,1
D:/university/summer 26/Data Mining/research project/archive\train\Malignant\1462.jpg,Malignant,1
D:/university/summer 26/Data Mining/research project/archive\train\Malignant\4709.jpg,Malignant,1
D:/university/summer 26/Data Mining/research project/archive\train\Benign\2309.jpg,Benign,0
D:/university/summer 26/Data Mining/research project/archive\train\Malignant\836.jpg,Malignant,1
D:/university/summer 26/Data Mining/research project/archive\train\Benign\4092.jpg,Benign,0
D:/university/summer 26/Data Mining/research project/archive\train\Benign\5948.jpg,Benign,0
D:/university/summer 26/Data Mining/research project/archive\train\Malignant\4126.jpg,Malignant,1
D:/university/summer 26/Data Mining/research project/archive\train\Malignant\829.jpg,Malignant,1
D:/university/summer 26/Data Mining/research project/archive\train\Benign\3676.jpg,Benign,0
D:/university/summer 26/Data Mining/research project/archive\train\Benign\5192.jpg,Benign,0
D:/university/summer 26/Data Mining/research project/archive\train\Malignant\3899.jpg,Malignant,1
D:/university/summer 26/Data Mining/research project/archive\train\Malignant\5543.jpg,Malignant,1
D:/university/summer 26/Data Mining/research project/archive\train\Malignant\42.jpg,Malignant,1
D:/university/summer 26/Data Mining/research project/archive\train\Benign\2428.jpg,Benign,0
D:/university/summer 26/Data Mining/research project/archive\train\Benign\2924.jpg,Benign,0
D:/university/summer 26/Data Mining/research project/archive\train\Benign\4622.jpg,Benign,0
D:/university/summer 26/Data Mining/research project/archive\train\Benign\3041.jpg,Benign,0
D:/university/summer 26/Data Mining/research project/archive\train\Benign\2967.jpg,Benign,0
D:/university/summer 26/Data Mining/research project/archive\train\Benign\2527.jpg,Benign,0
D:/university/summer 26/Data Mining/research project/archive\train\Malignant\440.jpg,Malignant,1
D:/university/summer 26/Data Mining/research project/archive\train\Malignant\596.jpg,Malignant,1
D:/university/summer 26/Data Mining/research project/archive\train\Malignant\99.jpg,Malignant,1
D:/university/summer 26/Data Mining/research project/archive\train\Benign\4214.jpg,Benign,0
D:/university/summer 26/Data Mining/research project/archive\train\Benign\685.jpg,Benign,0
D:/university/summer 26/Data Mining/research project/archive\train\Malignant\3768.jpg,Malignant,1
D:/university/summer 26/Data Mining/research project/archive\train\Malignant\1569.jpg,Malignant,1
D:/university/summer 26/Data Mining/research project/archive\train\Malignant\5259.jpg,Malignant,1
D:/university/summer 26/Data Mining/research project/archive\train\Benign\2460.jpg,Benign,0
D:/university/summer 26/Data Mining/research project/archive\train\Benign\2171.jpg,Benign,0
D:/university/summer 26/Data Mining/research project/archive\train\Benign\809.jpg,Benign,0
D:/university/summer 26/Data Mining/research project/archive\train\Benign\3297.jpg,Benign,0
D:/university/summer 26/Data Mining/research project/archive\train\Malignant\4468.jpg,Malignant,1
D:/university/summer 26/Data Mining/research project/archive\train\Malignant\213.jpg,Malignant,1
D:/university/summer 26/Data Mining/research project/archive\train\Malignant\415.jpg,Malignant,1
D:/university/summer 26/Data Mining/research project/archive\train\Malignant\5284.jpg,Malignant,1
D:/university/summer 26/Data Mining/research project/archive\train\Malignant\4180.jpg,Malignant,1
D:/university/summer 26/Data Mining/research project/archive\train\Benign\2335.jpg,Benign,0
D:/university/summer 26/Data Mining/research project/archive\train\Malignant\58.jpg,Malignant,1
D:/university/summer 26/Data Mining/research project/archive\train\Malignant\943.jpg,Malignant,1
D:/university/summer 26/Data Mining/research project/archive\train\Malignant\2485.jpg,Malignant,1
D:/university/summer 26/Data Mining/research project/archive\train\Benign\4326.jpg,Benign,0
D:/university/summer 26/Data Mining/research project/archive\train\Benign\728.jpg,Benign,0
D:/university/summer 26/Data Mining/research project/archive\train\Benign\1872.jpg,Benign,0
D:/university/summer 26/Data Mining/research project/archive\train\Benign\5150.jpg,Benign,0
D:/university/summer 26/Data Mining/research project/archive\train\Malignant\157.jpg,Malignant,1
D:/university/summer 26/Data Mining/research project/archive\train\Benign\5742.jpg,Benign,0
D:/university/summer 26/Data Mining/research project/archive\train\Malignant\5029.jpg,Malignant,1
D:/university/summer 26/Data Mining/research project/archive\train\Benign\1242.jpg,Benign,0
D:/university/summer 26/Data Mining/research project/archive\train\Benign\2892.jpg,Benign,0
D:/university/summer 26/Data Mining/research project/archive\train\Malignant\2388.jpg,Malignant,1
D:/university/summer 26/Data Mining/research project/archive\train\Malignant\3953.jpg,Malignant,1
D:/university/summer 26/Data Mining/research project/archive\train\Benign\2818.jpg,Benign,0
D:/university/summer 26/Data Mining/research project/archive\train\Benign\4330.jpg,Benign,0
D:/university/summer 26/Data Mining/research project/archive\train\Benign\6235.jpg,Benign,0
D:/university/summer 26/Data Mining/research project/archive\train\Malignant\2885.jpg,Malignant,1
D:/university/summer 26/Data Mining/research project/archive\train\Benign\2144.jpg,Benign,0
D:/university/summer 26/Data Mining/research project/archive\train\Malignant\3985.jpg,Malignant,1
D:/university/summer 26/Data Mining/research project/archive\train\Benign\6218.jpg,Benign,0
D:/university/summer 26/Data Mining/research project/archive\train\Benign\1041.jpg,Benign,0
D:/university/summer 26/Data Mining/research project/archive\train\Benign\1349.jpg,Benign,0
D:/university/summer 26/Data Mining/research project/archive\train\Malignant\5266.jpg,Malignant,1
D:/university/summer 26/Data Mining/research project/archive\train\Malignant\2246.jpg,Malignant,1
D:/university/summer 26/Data Mining/research project/archive\train\Benign\6044.jpg,Benign,0
D:/university/summer 26/Data Mining/research project/archive\train\Malignant\191.jpg,Malignant,1
D:/university/summer 26/Data Mining/research project/archive\train\Benign\4293.jpg,Benign,0
D:/university/summer 26/Data Mining/research project/archive\train\Benign\4735.jpg,Benign,0
D:/university/summer 26/Data Mining/research project/archive\train\Benign\2534.jpg,Benign,0
D:/university/summer 26/Data Mining/research project/archive\train\Benign\5045.jpg,Benign,0
D:/university/summer 26/Data Mining/research project/archive\train\Malignant\4781.jpg,Malignant,1
D:/university/summer 26/Data Mining/research project/archive\train\Malignant\2966.jpg,Malignant,1
D:/university/summer 26/Data Mining/research project/archive\train\Malignant\969.jpg,Malignant,1
D:/university/summer 26/Data Mining/research project/archive\train\Malignant\4987.jpg,Malignant,1
D:/university/summer 26/Data Mining/research project/archive\train\Malignant\486.jpg,Malignant,1
D:/university/summer 26/Data Mining/research project/archive\train\Malignant\2463.jpg,Malignant,1
D:/university/summer 26/Data Mining/research project/archive\train\Benign\1430.jpg,Benign,0
D:/university/summer 26/Data Mining/research project/archive\train\Benign\6154.jpg,Benign,0
D:/university/summer 26/Data Mining/research project/archive\train\Benign\626.jpg,Benign,0
D:/university/summer 26/Data Mining/research project/archive\train\Benign\6239.jpg,Benign,0
D:/university/summer 26/Data Mining/research project/archive\train\Benign\816.jpg,Benign,0
D:/university/summer 26/Data Mining/research project/archive\train\Malignant\3966.jpg,Malignant,1
D:/university/summer 26/Data Mining/research project/archive\train\Benign\4328.jpg,Benign,0
D:/university/summer 26/Data Mining/research project/archive\train\Malignant\1.jpg,Malignant,1
D:/university/summer 26/Data Mining/research project/archive\train\Malignant\4591.jpg,Malignant,1
D:/university/summer 26/Data Mining/research project/archive\train\Benign\4898.jpg,Benign,0
D:/university/summer 26/Data Mining/research project/archive\train\Benign\5868.jpg,Benign,0
D:/university/summer 26/Data Mining/research project/archive\train\Malignant\566.jpg,Malignant,1
D:/university/summer 26/Data Mining/research project/archive\train\Benign\2226.jpg,Benign,0
D:/university/summer 26/Data Mining/research project/archive\train\Benign\740.jpg,Benign,0
D:/university/summer 26/Data Mining/research project/archive\train\Malignant\4633.jpg,Malignant,1
D:/university/summer 26/Data Mining/research project/archive\train\Benign\1339.jpg,Benign,0
D:/university/summer 26/Data Mining/research project/archive\train\Benign\1147.jpg,Benign,0
D:/university/summer 26/Data Mining/research project/archive\train\Malignant\3737.jpg,Malignant,1
D:/university/summer 26/Data Mining/research project/archive\train\Malignant\1251.jpg,Malignant,1
D:/university/summer 26/Data Mining/research project/archive\train\Malignant\1498.jpg,Malignant,1
D:/university/summer 26/Data Mining/research project/archive\train\Malignant\3495.jpg,Malignant,1
D:/university/summer 26/Data Mining/research project/archive\train\Malignant\3169.jpg,Malignant,1
D:/university/summer 26/Data Mining/research project/archive\train\Malignant\3272.jpg,Malignant,1
D:/university/summer 26/Data Mining/research project/archive\train\Benign\493.jpg,Benign,0
D:/university/summer 26/Data Mining/research project/archive\train\Malignant\5461.jpg,Malignant,1
D:/university/summer 26/Data Mining/research project/archive\train\Malignant\5154.jpg,Malignant,1
D:/university/summer 26/Data Mining/research project/archive\train\Benign\5061.jpg,Benign,0
D:/university/summer 26/Data Mining/research project/archive\train\Benign\3484.jpg,Benign,0
D:/university/summer 26/Data Mining/research project/archive\train\Malignant\4798.jpg,Malignant,1
D:/university/summer 26/Data Mining/research project/archive\train\Malignant\4834.jpg,Malignant,1
D:/university/summer 26/Data Mining/research project/archive\train\Malignant\2866.jpg,Malignant,1
D:/university/summer 26/Data Mining/research project/archive\train\Malignant\1341.jpg,Malignant,1
D:/university/summer 26/Data Mining/research project/archive\train\Malignant\3153.jpg,Malignant,1
D:/university/summer 26/Data Mining/research project/archive\train\Malignant\663.jpg,Malignant,1
D:/university/summer 26/Data Mining/research project/archive\train\Benign\628.jpg,Benign,0
D:/university/summer 26/Data Mining/research project/archive\train\Malignant\3116.jpg,Malignant,1
D:/university/summer 26/Data Mining/research project/archive\train\Benign\4586.jpg,Benign,0
D:/university/summer 26/Data Mining/research project/archive\train\Malignant\5397.jpg,Malignant,1
D:/university/summer 26/Data Mining/research project/archive\train\Malignant\913.jpg,Malignant,1
D:/university/summer 26/Data Mining/research project/archive\train\Malignant\3926.jpg,Malignant,1
D:/university/summer 26/Data Mining/research project/archive\train\Malignant\4905.jpg,Malignant,1
D:/university/summer 26/Data Mining/research project/archive\train\Malignant\3962.jpg,Malignant,1
D:/university/summer 26/Data Mining/research project/archive\train\Benign\5124.jpg,Benign,0
D:/university/summer 26/Data Mining/research project/archive\train\Malignant\5032.jpg,Malignant,1
D:/university/summer 26/Data Mining/research project/archive\train\Malignant\1256.jpg,Malignant,1
D:/university/summer 26/Data Mining/research project/archive\train\Malignant\3161.jpg,Malignant,1
D:/university/summer 26/Data Mining/research project/archive\train\Malignant\1450.jpg,Malignant,1
D:/university/summer 26/Data Mining/research project/archive\train\Malignant\3421.jpg,Malignant,1
D:/university/summer 26/Data Mining/research project/archive\train\Benign\1290.jpg,Benign,0
D:/university/summer 26/Data Mining/research project/archive\train\Malignant\4507.jpg,Malignant,1
D:/university/summer 26/Data Mining/research project/archive\train\Benign\3768.jpg,Benign,0
D:/university/summer 26/Data Mining/research project/archive\train\Malignant\3674.jpg,Malignant,1
D:/university/summer 26/Data Mining/research project/archive\train\Benign\4008.jpg,Benign,0
D:/university/summer 26/Data Mining/research project/archive\train\Benign\1459.jpg,Benign,0
D:/university/summer 26/Data Mining/research project/archive\train\Benign\83.jpg,Benign,0
D:/university/summer 26/Data Mining/research project/archive\train\Benign\2485.jpg,Benign,0
D:/university/summer 26/Data Mining/research project/archive\train\Malignant\5555.jpg,Malignant,1
D:/university/summer 26/Data Mining/research project/archive\train\Benign\2175.jpg,Benign,0
D:/university/summer 26/Data Mining/research project/archive\train\Malignant\3289.jpg,Malignant,1
D:/university/summer 26/Data Mining/research project/archive\train\Malignant\4826.jpg,Malignant,1
D:/university/summer 26/Data Mining/research project/archive\train\Malignant\5451.jpg,Malignant,1
D:/university/summer 26/Data Mining/research project/archive\train\Malignant\4891.jpg,Malignant,1
D:/university/summer 26/Data Mining/research project/archive\train\Benign\6118.jpg,Benign,0
D:/university/summer 26/Data Mining/research project/archive\train\Malignant\349.jpg,Malignant,1
D:/university/summer 26/Data Mining/research project/archive\train\Benign\3901.jpg,Benign,0
D:/university/summer 26/Data Mining/research project/archive\train\Malignant\5128.jpg,Malignant,1
D:/university/summer 26/Data Mining/research project/archive\train\Malignant\2291.jpg,Malignant,1
D:/university/summer 26/Data Mining/research project/archive\train\Benign\4387.jpg,Benign,0
D:/university/summer 26/Data Mining/research project/archive\train\Malignant\315.jpg,Malignant,1
D:/university/summer 26/Data Mining/research project/archive\train\Benign\2326.jpg,Benign,0
D:/university/summer 26/Data Mining/research project/archive\train\Benign\4482.jpg,Benign,0
D:/university/summer 26/Data Mining/research project/archive\train\Benign\1446.jpg,Benign,0
D:/university/summer 26/Data Mining/research project/archive\train\Malignant\301.jpg,Malignant,1
D:/university/summer 26/Data Mining/research project/archive\train\Benign\3697.jpg,Benign,0
D:/university/summer 26/Data Mining/research project/archive\train\Benign\2276.jpg,Benign,0
D:/university/summer 26/Data Mining/research project/archive\train\Benign\3805.jpg,Benign,0
D:/university/summer 26/Data Mining/research project/archive\train\Benign\491.jpg,Benign,0
D:/university/summer 26/Data Mining/research project/archive\train\Malignant\2304.jpg,Malignant,1
D:/university/summer 26/Data Mining/research project/archive\train\Malignant\257.jpg,Malignant,1
D:/university/summer 26/Data Mining/research project/archive\train\Benign\1364.jpg,Benign,0
D:/university/summer 26/Data Mining/research project/archive\train\Malignant\2129.jpg,Malignant,1
D:/university/summer 26/Data Mining/research project/archive\train\Malignant\178.jpg,Malignant,1
D:/university/summer 26/Data Mining/research project/archive\train\Malignant\4220.jpg,Malignant,1
D:/university/summer 26/Data Mining/research project/archive\train\Benign\569.jpg,Benign,0
D:/university/summer 26/Data Mining/research project/archive\train\Benign\1498.jpg,Benign,0
D:/university/summer 26/Data Mining/research project/archive\train\Benign\2400.jpg,Benign,0
D:/university/summer 26/Data Mining/research project/archive\train\Benign\1699.jpg,Benign,0
D:/university/summer 26/Data Mining/research project/archive\train\Malignant\1811.jpg,Malignant,1
D:/university/summer 26/Data Mining/research project/archive\train\Benign\2710.jpg,Benign,0
D:/university/summer 26/Data Mining/research project/archive\train\Benign\3932.jpg,Benign,0
D:/university/summer 26/Data Mining/research project/archive\train\Malignant\2498.jpg,Malignant,1
D:/university/summer 26/Data Mining/research project/archive\train\Benign\5174.jpg,Benign,0
D:/university/summer 26/Data Mining/research project/archive\train\Benign\1789.jpg,Benign,0
D:/university/summer 26/Data Mining/research project/archive\train\Malignant\934.jpg,Malignant,1
D:/university/summer 26/Data Mining/research project/archive\train\Benign\107.jpg,Benign,0
D:/university/summer 26/Data Mining/research project/archive\train\Benign\3604.jpg,Benign,0
D:/university/summer 26/Data Mining/research project/archive\train\Benign\2911.jpg,Benign,0
D:/university/summer 26/Data Mining/research project/archive\train\Benign\5496.jpg,Benign,0
D:/university/summer 26/Data Mining/research project/archive\train\Benign\636.jpg,Benign,0
D:/university/summer 26/Data Mining/research project/archive\train\Benign\2819.jpg,Benign,0
D:/university/summer 26/Data Mining/research project/archive\train\Malignant\1679.jpg,Malignant,1
D:/university/summer 26/Data Mining/research project/archive\train\Malignant\3759.jpg,Malignant,1
D:/university/summer 26/Data Mining/research project/archive\train\Benign\1999.jpg,Benign,0
D:/university/summer 26/Data Mining/research project/archive\train\Benign\1098.jpg,Benign,0
D:/university/summer 26/Data Mining/research project/archive\train\Malignant\1567.jpg,Malignant,1
D:/university/summer 26/Data Mining/research project/archive\train\Benign\3143.jpg,Benign,0
D:/university/summer 26/Data Mining/research project/archive\train\Benign\5793.jpg,Benign,0
D:/university/summer 26/Data Mining/research project/archive\train\Malignant\4788.jpg,Malignant,1
D:/university/summer 26/Data Mining/research project/archive\train\Benign\3945.jpg,Benign,0
D:/university/summer 26/Data Mining/research project/archive\train\Benign\3295.jpg,Benign,0
D:/university/summer 26/Data Mining/research project/archive\train\Malignant\4756.jpg,Malignant,1
D:/university/summer 26/Data Mining/research project/archive\train\Malignant\1868.jpg,Malignant,1
D:/university/summer 26/Data Mining/research project/archive\train\Malignant\4725.jpg,Malignant,1
D:/university/summer 26/Data Mining/research project/archive\train\Benign\5616.jpg,Benign,0
D:/university/summer 26/Data Mining/research project/archive\train\Benign\509.jpg,Benign,0
D:/university/summer 26/Data Mining/research project/archive\train\Benign\5109.jpg,Benign,0
D:/university/summer 26/Data Mining/research project/archive\train\Malignant\439.jpg,Malignant,1
D:/university/summer 26/Data Mining/research project/archive\train\Malignant\4341.jpg,Malignant,1
D:/university/summer 26/Data Mining/research project/archive\train\Benign\4132.jpg,Benign,0
D:/university/summer 26/Data Mining/research project/archive\train\Malignant\2571.jpg,Malignant,1
D:/university/summer 26/Data Mining/research project/archive\train\Malignant\511.jpg,Malignant,1
D:/university/summer 26/Data Mining/research project/archive\train\Benign\1352.jpg,Benign,0
D:/university/summer 26/Data Mining/research project/archive\train\Malignant\1640.jpg,Malignant,1
D:/university/summer 26/Data Mining/research project/archive\train\Benign\1472.jpg,Benign,0
D:/university/summer 26/Data Mining/research project/archive\train\Malignant\1555.jpg,Malignant,1
D:/university/summer 26/Data Mining/research project/archive\train\Malignant\100.jpg,Malignant,1
D:/university/summer 26/Data Mining/research project/archive\train\Malignant\715.jpg,Malignant,1
D:/university/summer 26/Data Mining/research project/archive\train\Malignant\3598.jpg,Malignant,1
D:/university/summer 26/Data Mining/research project/archive\train\Benign\2085.jpg,Benign,0
D:/university/summer 26/Data Mining/research project/archive\train\Malignant\3535.jpg,Malignant,1
D:/university/summer 26/Data Mining/research project/archive\train\Benign\3792.jpg,Benign,0
D:/university/summer 26/Data Mining/research project/archive\train\Malignant\1105.jpg,Malignant,1
D:/university/summer 26/Data Mining/research project/archive\train\Benign\1375.jpg,Benign,0
D:/university/summer 26/Data Mining/research project/archive\train\Benign\5463.jpg,Benign,0
D:/university/summer 26/Data Mining/research project/archive\train\Malignant\2597.jpg,Malignant,1
D:/university/summer 26/Data Mining/research project/archive\train\Malignant\1847.jpg,Malignant,1
D:/university/summer 26/Data Mining/research project/archive\train\Benign\4098.jpg,Benign,0
D:/university/summer 26/Data Mining/research project/archive\train\Benign\5963.jpg,Benign,0
D:/university/summer 26/Data Mining/research project/archive\train\Benign\2691.jpg,Benign,0
D:/university/summer 26/Data Mining/research project/archive\train\Benign\3672.jpg,Benign,0
D:/university/summer 26/Data Mining/research project/archive\train\Malignant\2906.jpg,Malignant,1
D:/university/summer 26/Data Mining/research project/archive\train\Benign\749.jpg,Benign,0
D:/university/summer 26/Data Mining/research project/archive\train\Benign\1199.jpg,Benign,0
D:/university/summer 26/Data Mining/research project/archive\train\Malignant\2527.jpg,Malignant,1
D:/university/summer 26/Data Mining/research project/archive\train\Malignant\4206.jpg,Malignant,1
D:/university/summer 26/Data Mining/research project/archive\train\Malignant\1712.jpg,Malignant,1
D:/university/summer 26/Data Mining/research project/archive\train\Malignant\1453.jpg,Malignant,1
D:/university/summer 26/Data Mining/research project/archive\train\Malignant\4900.jpg,Malignant,1
D:/university/summer 26/Data Mining/research project/archive\train\Benign\6203.jpg,Benign,0
D:/university/summer 26/Data Mining/research project/archive\train\Malignant\1140.jpg,Malignant,1
D:/university/summer 26/Data Mining/research project/archive\train\Malignant\4265.jpg,Malignant,1
D:/university/summer 26/Data Mining/research project/archive\train\Benign\1634.jpg,Benign,0
D:/university/summer 26/Data Mining/research project/archive\train\Benign\1195.jpg,Benign,0
D:/university/summer 26/Data Mining/research project/archive\train\Benign\5591.jpg,Benign,0
D:/university/summer 26/Data Mining/research project/archive\train\Malignant\2815.jpg,Malignant,1
D:/university/summer 26/Data Mining/research project/archive\train\Malignant\749.jpg,Malignant,1
D:/university/summer 26/Data Mining/research project/archive\train\Benign\6082.jpg,Benign,0
D:/university/summer 26/Data Mining/research project/archive\train\Malignant\3921.jpg,Malignant,1
D:/university/summer 26/Data Mining/research project/archive\train\Malignant\3044.jpg,Malignant,1
D:/university/summer 26/Data Mining/research project/archive\train\Benign\334.jpg,Benign,0
D:/university/summer 26/Data Mining/research project/archive\train\Malignant\5292.jpg,Malignant,1
D:/university/summer 26/Data Mining/research project/archive\train\Malignant\3683.jpg,Malignant,1
D:/university/summer 26/Data Mining/research project/archive\train\Malignant\3501.jpg,Malignant,1
D:/university/summer 26/Data Mining/research project/archive\train\Benign\1019.jpg,Benign,0
D:/university/summer 26/Data Mining/research project/archive\train\Benign\5384.jpg,Benign,0
D:/university/summer 26/Data Mining/research project/archive\train\Malignant\4306.jpg,Malignant,1
D:/university/summer 26/Data Mining/research project/archive\train\Benign\3726.jpg,Benign,0
D:/university/summer 26/Data Mining/research project/archive\train\Malignant\991.jpg,Malignant,1
D:/university/summer 26/Data Mining/research project/archive\train\Benign\5835.jpg,Benign,0
D:/university/summer 26/Data Mining/research project/archive\train\Benign\4696.jpg,Benign,0
D:/university/summer 26/Data Mining/research project/archive\train\Benign\529.jpg,Benign,0
D:/university/summer 26/Data Mining/research project/archive\train\Malignant\4982.jpg,Malignant,1
D:/university/summer 26/Data Mining/research project/archive\train\Malignant\104.jpg,Malignant,1
D:/university/summer 26/Data Mining/research project/archive\train\Benign\5906.jpg,Benign,0
D:/university/summer 26/Data Mining/research project/archive\train\Malignant\3429.jpg,Malignant,1
D:/university/summer 26/Data Mining/research project/archive\train\Benign\302.jpg,Benign,0
D:/university/summer 26/Data Mining/research project/archive\train\Benign\6225.jpg,Benign,0
D:/university/summer 26/Data Mining/research project/archive\train\Malignant\3576.jpg,Malignant,1
D:/university/summer 26/Data Mining/research project/archive\train\Malignant\5143.jpg,Malignant,1
D:/university/summer 26/Data Mining/research project/archive\train\Malignant\2279.jpg,Malignant,1
D:/university/summer 26/Data Mining/research project/archive\train\Benign\64.jpg,Benign,0
D:/university/summer 26/Data Mining/research project/archive\train\Malignant\4754.jpg,Malignant,1
D:/university/summer 26/Data Mining/research project/archive\train\Benign\5188.jpg,Benign,0
D:/university/summer 26/Data Mining/research project/archive\train\Malignant\2468.jpg,Malignant,1
D:/university/summer 26/Data Mining/research project/archive\train\Benign\5265.jpg,Benign,0
D:/university/summer 26/Data Mining/research project/archive\train\Malignant\2755.jpg,Malignant,1
D:/university/summer 26/Data Mining/research project/archive\train\Malignant\1656.jpg,Malignant,1
D:/university/summer 26/Data Mining/research project/archive\train\Benign\2162.jpg,Benign,0
D:/university/summer 26/Data Mining/research project/archive\train\Benign\3051.jpg,Benign,0
D:/university/summer 26/Data Mining/research project/archive\train\Malignant\40.jpg,Malignant,1
D:/university/summer 26/Data Mining/research project/archive\train\Benign\3936.jpg,Benign,0
D:/university/summer 26/Data Mining/research project/archive\train\Malignant\4181.jpg,Malignant,1
D:/university/summer 26/Data Mining/research project/archive\train\Benign\2641.jpg,Benign,0
D:/university/summer 26/Data Mining/research project/archive\train\Benign\772.jpg,Benign,0
D:/university/summer 26/Data Mining/research project/archive\train\Benign\5579.jpg,Benign,0
D:/university/summer 26/Data Mining/research project/archive\train\Malignant\1672.jpg,Malignant,1
D:/university/summer 26/Data Mining/research project/archive\train\Malignant\3457.jpg,Malignant,1
D:/university/summer 26/Data Mining/research project/archive\train\Benign\6113.jpg,Benign,0
D:/university/summer 26/Data Mining/research project/archive\train\Malignant\2013.jpg,Malignant,1
D:/university/summer 26/Data Mining/research project/archive\train\Benign\5878.jpg,Benign,0
D:/university/summer 26/Data Mining/research project/archive\train\Malignant\2441.jpg,Malignant,1
D:/university/summer 26/Data Mining/research project/archive\train\Benign\2177.jpg,Benign,0
D:/university/summer 26/Data Mining/research project/archive\train\Benign\5642.jpg,Benign,0
D:/university/summer 26/Data Mining/research project/archive\train\Malignant\697.jpg,Malignant,1
D:/university/summer 26/Data Mining/research project/archive\train\Benign\1889.jpg,Benign,0
D:/university/summer 26/Data Mining/research project/archive\train\Malignant\5346.jpg,Malignant,1
D:/university/summer 26/Data Mining/research project/archive\train\Malignant\2069.jpg,Malignant,1
D:/university/summer 26/Data Mining/research project/archive\train\Benign\2396.jpg,Benign,0
D:/university/summer 26/Data Mining/research project/archive\train\Malignant\1899.jpg,Malignant,1
D:/university/summer 26/Data Mining/research project/archive\train\Benign\3978.jpg,Benign,0
D:/university/summer 26/Data Mining/research project/archive\train\Malignant\3825.jpg,Malignant,1
D:/university/summer 26/Data Mining/research project/archive\train\Benign\2898.jpg,Benign,0
D:/university/summer 26/Data Mining/research project/archive\train\Benign\3677.jpg,Benign,0
D:/university/summer 26/Data Mining/research project/archive\train\Benign\5605.jpg,Benign,0
D:/university/summer 26/Data Mining/research project/archive\train\Benign\5367.jpg,Benign,0
D:/university/summer 26/Data Mining/research project/archive\train\Benign\5450.jpg,Benign,0
D:/university/summer 26/Data Mining/research project/archive\train\Benign\2642.jpg,Benign,0
D:/university/summer 26/Data Mining/research project/archive\train\Benign\6138.jpg,Benign,0
D:/university/summer 26/Data Mining/research project/archive\train\Benign\1008.jpg,Benign,0
D:/university/summer 26/Data Mining/research project/archive\train\Benign\458.jpg,Benign,0
D:/university/summer 26/Data Mining/research project/archive\train\Malignant\2575.jpg,Malignant,1
D:/university/summer 26/Data Mining/research project/archive\train\Benign\1.jpg,Benign,0
D:/university/summer 26/Data Mining/research project/archive\train\Malignant\2049.jpg,Malignant,1
D:/university/summer 26/Data Mining/research project/archive\train\Benign\5044.jpg,Benign,0
D:/university/summer 26/Data Mining/research project/archive\train\Benign\6068.jpg,Benign,0
D:/university/summer 26/Data Mining/research project/archive\train\Benign\547.jpg,Benign,0
D:/university/summer 26/Data Mining/research project/archive\train\Benign\4528.jpg,Benign,0
D:/university/summer 26/Data Mining/research project/archive\train\Malignant\3653.jpg,Malignant,1
D:/university/summer 26/Data Mining/research project/archive\train\Benign\4487.jpg,Benign,0
D:/university/summer 26/Data Mining/research project/archive\train\Benign\2346.jpg,Benign,0
D:/university/summer 26/Data Mining/research project/archive\train\Malignant\1176.jpg,Malignant,1
D:/university/summer 26/Data Mining/research project/archive\train\Malignant\4055.jpg,Malignant,1
D:/university/summer 26/Data Mining/research project/archive\train\Benign\1381.jpg,Benign,0
D:/university/summer 26/Data Mining/research project/archive\train\Malignant\4348.jpg,Malignant,1
D:/university/summer 26/Data Mining/research project/archive\train\Benign\2066.jpg,Benign,0
D:/university/summer 26/Data Mining/research project/archive\train\Malignant\966.jpg,Malignant,1
D:/university/summer 26/Data Mining/research project/archive\train\Benign\5389.jpg,Benign,0
D:/university/summer 26/Data Mining/research project/archive\train\Benign\4192.jpg,Benign,0
D:/university/summer 26/Data Mining/research project/archive\train\Malignant\2935.jpg,Malignant,1
D:/university/summer 26/Data Mining/research project/archive\train\Benign\3387.jpg,Benign,0
D:/university/summer 26/Data Mining/research project/archive\train\Benign\4804.jpg,Benign,0
D:/university/summer 26/Data Mining/research project/archive\train\Benign\3084.jpg,Benign,0
D:/university/summer 26/Data Mining/research project/archive\train\Benign\1856.jpg,Benign,0
D:/university/summer 26/Data Mining/research project/archive\train\Malignant\2772.jpg,Malignant,1
D:/university/summer 26/Data Mining/research project/archive\train\Malignant\507.jpg,Malignant,1
D:/university/summer 26/Data Mining/research project/archive\train\Malignant\1325.jpg,Malignant,1
D:/university/summer 26/Data Mining/research project/archive\train\Malignant\5126.jpg,Malignant,1
D:/university/summer 26/Data Mining/research project/archive\train\Benign\3013.jpg,Benign,0
D:/university/summer 26/Data Mining/research project/archive\train\Benign\5746.jpg,Benign,0
D:/university/summer 26/Data Mining/research project/archive\train\Malignant\1189.jpg,Malignant,1
D:/university/summer 26/Data Mining/research project/archive\train\Benign\6295.jpg,Benign,0
D:/university/summer 26/Data Mining/research project/archive\train\Benign\2156.jpg,Benign,0
D:/university/summer 26/Data Mining/research project/archive\train\Malignant\2179.jpg,Malignant,1
D:/university/summer 26/Data Mining/research project/archive\train\Malignant\947.jpg,Malignant,1
D:/university/summer 26/Data Mining/research project/archive\train\Malignant\5493.jpg,Malignant,1
D:/university/summer 26/Data Mining/research project/archive\train\Malignant\2311.jpg,Malignant,1
D:/university/summer 26/Data Mining/research project/archive\train\Malignant\3572.jpg,Malignant,1
D:/university/summer 26/Data Mining/research project/archive\train\Malignant\3395.jpg,Malignant,1
D:/university/summer 26/Data Mining/research project/archive\train\Benign\2018.jpg,Benign,0
D:/university/summer 26/Data Mining/research project/archive\train\Malignant\602.jpg,Malignant,1
D:/university/summer 26/Data Mining/research project/archive\train\Malignant\1135.jpg,Malignant,1
D:/university/summer 26/Data Mining/research project/archive\train\Benign\5601.jpg,Benign,0
D:/university/summer 26/Data Mining/research project/archive\train\Benign\3643.jpg,Benign,0
D:/university/summer 26/Data Mining/research project/archive\train\Benign\4582.jpg,Benign,0
D:/university/summer 26/Data Mining/research project/archive\train\Benign\1003.jpg,Benign,0
D:/university/summer 26/Data Mining/research project/archive\train\Benign\5057.jpg,Benign,0
D:/university/summer 26/Data Mining/research project/archive\train\Malignant\1728.jpg,Malignant,1
D:/university/summer 26/Data Mining/research project/archive\train\Benign\5452.jpg,Benign,0
D:/university/summer 26/Data Mining/research project/archive\train\Malignant\4668.jpg,Malignant,1
D:/university/summer 26/Data Mining/research project/archive\train\Benign\1517.jpg,Benign,0
D:/university/summer 26/Data Mining/research project/archive\train\Malignant\137.jpg,Malignant,1
D:/university/summer 26/Data Mining/research project/archive\train\Benign\3312.jpg,Benign,0
D:/university/summer 26/Data Mining/research project/archive\train\Benign\4076.jpg,Benign,0
D:/university/summer 26/Data Mining/research project/archive\train\Malignant\1336.jpg,Malignant,1
D:/university/summer 26/Data Mining/research project/archive\train\Benign\3909.jpg,Benign,0
D:/university/summer 26/Data Mining/research project/archive\train\Benign\4936.jpg,Benign,0
D:/university/summer 26/Data Mining/research project/archive\train\Benign\5612.jpg,Benign,0
D:/university/summer 26/Data Mining/research project/archive\train\Malignant\857.jpg,Malignant,1
D:/university/summer 26/Data Mining/research project/archive\train\Malignant\1404.jpg,Malignant,1
D:/university/summer 26/Data Mining/research project/archive\train\Benign\3332.jpg,Benign,0
D:/university/summer 26/Data Mining/research project/archive\train\Malignant\4217.jpg,Malignant,1
D:/university/summer 26/Data Mining/research project/archive\train\Malignant\1329.jpg,Malignant,1
D:/university/summer 26/Data Mining/research project/archive\train\Benign\1798.jpg,Benign,0
D:/university/summer 26/Data Mining/research project/archive\train\Malignant\7.jpg,Malignant,1
D:/university/summer 26/Data Mining/research project/archive\train\Benign\4231.jpg,Benign,0
D:/university/summer 26/Data Mining/research project/archive\train\Malignant\5340.jpg,Malignant,1
D:/university/summer 26/Data Mining/research project/archive\train\Malignant\2817.jpg,Malignant,1
D:/university/summer 26/Data Mining/research project/archive\train\Malignant\5414.jpg,Malignant,1
D:/university/summer 26/Data Mining/research project/archive\train\Benign\4953.jpg,Benign,0
D:/university/summer 26/Data Mining/research project/archive\train\Benign\5966.jpg,Benign,0
D:/university/summer 26/Data Mining/research project/archive\train\Malignant\1644.jpg,Malignant,1
D:/university/summer 26/Data Mining/research project/archive\train\Benign\2450.jpg,Benign,0
D:/university/summer 26/Data Mining/research project/archive\train\Malignant\3764.jpg,Malignant,1
D:/university/summer 26/Data Mining/research project/archive\train\Benign\2536.jpg,Benign,0
D:/university/summer 26/Data Mining/research project/archive\train\Benign\3817.jpg,Benign,0
D:/university/summer 26/Data Mining/research project/archive\train\Malignant\1982.jpg,Malignant,1
D:/university/summer 26/Data Mining/research project/archive\train\Benign\1168.jpg,Benign,0
D:/university/summer 26/Data Mining/research project/archive\train\Benign\3550.jpg,Benign,0
D:/university/summer 26/Data Mining/research project/archive\train\Benign\1208.jpg,Benign,0
D:/university/summer 26/Data Mining/research project/archive\train\Malignant\4484.jpg,Malignant,1
D:/university/summer 26/Data Mining/research project/archive\train\Malignant\2589.jpg,Malignant,1
D:/university/summer 26/Data Mining/research project/archive\train\Malignant\2786.jpg,Malignant,1
D:/university/summer 26/Data Mining/research project/archive\train\Malignant\2223.jpg,Malignant,1
D:/university/summer 26/Data Mining/research project/archive\train\Malignant\4737.jpg,Malignant,1
D:/university/summer 26/Data Mining/research project/archive\train\Benign\388.jpg,Benign,0
D:/university/summer 26/Data Mining/research project/archive\train\Benign\1296.jpg,Benign,0
D:/university/summer 26/Data Mining/research project/archive\train\Benign\4128.jpg,Benign,0
D:/university/summer 26/Data Mining/research project/archive\train\Benign\3235.jpg,Benign,0
D:/university/summer 26/Data Mining/research project/archive\train\Benign\1108.jpg,Benign,0
D:/university/summer 26/Data Mining/research project/archive\train\Malignant\1319.jpg,Malignant,1
D:/university/summer 26/Data Mining/research project/archive\train\Malignant\497.jpg,Malignant,1
D:/university/summer 26/Data Mining/research project/archive\train\Malignant\1373.jpg,Malignant,1
D:/university/summer 26/Data Mining/research project/archive\train\Benign\2409.jpg,Benign,0
D:/university/summer 26/Data Mining/research project/archive\train\Benign\448.jpg,Benign,0
D:/university/summer 26/Data Mining/research project/archive\train\Malignant\5380.jpg,Malignant,1
D:/university/summer 26/Data Mining/research project/archive\train\Malignant\1905.jpg,Malignant,1
D:/university/summer 26/Data Mining/research project/archive\train\Benign\1230.jpg,Benign,0
D:/university/summer 26/Data Mining/research project/archive\train\Malignant\1065.jpg,Malignant,1
D:/university/summer 26/Data Mining/research project/archive\train\Benign\5677.jpg,Benign,0
D:/university/summer 26/Data Mining/research project/archive\train\Benign\2776.jpg,Benign,0
D:/university/summer 26/Data Mining/research project/archive\train\Malignant\782.jpg,Malignant,1
D:/university/summer 26/Data Mining/research project/archive\train\Malignant\4008.jpg,Malignant,1
D:/university/summer 26/Data Mining/research project/archive\train\Malignant\3283.jpg,Malignant,1
D:/university/summer 26/Data Mining/research project/archive\train\Benign\3075.jpg,Benign,0
D:/university/summer 26/Data Mining/research project/archive\train\Benign\4085.jpg,Benign,0
D:/university/summer 26/Data Mining/research project/archive\train\Benign\3890.jpg,Benign,0
D:/university/summer 26/Data Mining/research project/archive\train\Malignant\4262.jpg,Malignant,1
D:/university/summer 26/Data Mining/research project/archive\train\Malignant\3794.jpg,Malignant,1
D:/university/summer 26/Data Mining/research project/archive\train\Benign\4942.jpg,Benign,0
D:/university/summer 26/Data Mining/research project/archive\train\Benign\1547.jpg,Benign,0
D:/university/summer 26/Data Mining/research project/archive\train\Benign\571.jpg,Benign,0
D:/university/summer 26/Data Mining/research project/archive\train\Malignant\1019.jpg,Malignant,1
D:/university/summer 26/Data Mining/research project/archive\train\Benign\1551.jpg,Benign,0
D:/university/summer 26/Data Mining/research project/archive\train\Benign\4153.jpg,Benign,0
D:/university/summer 26/Data Mining/research project/archive\train\Malignant\91.jpg,Malignant,1
D:/university/summer 26/Data Mining/research project/archive\train\Malignant\5095.jpg,Malignant,1
D:/university/summer 26/Data Mining/research project/archive\train\Malignant\629.jpg,Malignant,1
D:/university/summer 26/Data Mining/research project/archive\train\Benign\781.jpg,Benign,0
D:/university/summer 26/Data Mining/research project/archive\train\Malignant\3303.jpg,Malignant,1
D:/university/summer 26/Data Mining/research project/archive\train\Benign\5813.jpg,Benign,0
D:/university/summer 26/Data Mining/research project/archive\train\Benign\3021.jpg,Benign,0
D:/university/summer 26/Data Mining/research project/archive\train\Benign\410.jpg,Benign,0
D:/university/summer 26/Data Mining/research project/archive\train\Malignant\2684.jpg,Malignant,1
D:/university/summer 26/Data Mining/research project/archive\train\Malignant\2635.jpg,Malignant,1
D:/university/summer 26/Data Mining/research project/archive\train\Benign\566.jpg,Benign,0
D:/university/summer 26/Data Mining/research project/archive\train\Benign\1749.jpg,Benign,0
D:/university/summer 26/Data Mining/research project/archive\train\Malignant\3045.jpg,Malignant,1
D:/university/summer 26/Data Mining/research project/archive\train\Malignant\1178.jpg,Malignant,1
D:/university/summer 26/Data Mining/research project/archive\train\Malignant\2510.jpg,Malignant,1
D:/university/summer 26/Data Mining/research project/archive\train\Benign\2468.jpg,Benign,0
D:/university/summer 26/Data Mining/research project/archive\train\Benign\2560.jpg,Benign,0
D:/university/summer 26/Data Mining/research project/archive\train\Malignant\5238.jpg,Malignant,1
D:/university/summer 26/Data Mining/research project/archive\train\Benign\5827.jpg,Benign,0
D:/university/summer 26/Data Mining/research project/archive\train\Benign\5119.jpg,Benign,0
D:/university/summer 26/Data Mining/research project/archive\train\Malignant\5214.jpg,Malignant,1
D:/university/summer 26/Data Mining/research project/archive\train\Benign\1578.jpg,Benign,0
D:/university/summer 26/Data Mining/research project/archive\train\Malignant\2243.jpg,Malignant,1
D:/university/summer 26/Data Mining/research project/archive\train\Malignant\4227.jpg,Malignant,1
D:/university/summer 26/Data Mining/research project/archive\train\Benign\5107.jpg,Benign,0
D:/university/summer 26/Data Mining/research project/archive\train\Benign\4682.jpg,Benign,0
D:/university/summer 26/Data Mining/research project/archive\train\Benign\2452.jpg,Benign,0
D:/university/summer 26/Data Mining/research project/archive\train\Malignant\4141.jpg,Malignant,1
D:/university/summer 26/Data Mining/research project/archive\train\Benign\4041.jpg,Benign,0
D:/university/summer 26/Data Mining/research project/archive\train\Malignant\3744.jpg,Malignant,1
D:/university/summer 26/Data Mining/research project/archive\train\Malignant\2258.jpg,Malignant,1
D:/university/summer 26/Data Mining/research project/archive\train\Benign\1656.jpg,Benign,0
D:/university/summer 26/Data Mining/research project/archive\train\Benign\2035.jpg,Benign,0
D:/university/summer 26/Data Mining/research project/archive\train\Malignant\3574.jpg,Malignant,1
D:/university/summer 26/Data Mining/research project/archive\train\Benign\3405.jpg,Benign,0
D:/university/summer 26/Data Mining/research project/archive\train\Malignant\2087.jpg,Malignant,1
D:/university/summer 26/Data Mining/research project/archive\train\Malignant\1342.jpg,Malignant,1
D:/university/summer 26/Data Mining/research project/archive\train\Malignant\2290.jpg,Malignant,1
D:/university/summer 26/Data Mining/research project/archive\train\Malignant\3321.jpg,Malignant,1
D:/university/summer 26/Data Mining/research project/archive\train\Malignant\3902.jpg,Malignant,1
D:/university/summer 26/Data Mining/research project/archive\train\Benign\4200.jpg,Benign,0
D:/university/summer 26/Data Mining/research project/archive\train\Benign\4446.jpg,Benign,0
D:/university/summer 26/Data Mining/research project/archive\train\Benign\1846.jpg,Benign,0
D:/university/summer 26/Data Mining/research project/archive\train\Benign\4232.jpg,Benign,0
D:/university/summer 26/Data Mining/research project/archive\train\Benign\3834.jpg,Benign,0
D:/university/summer 26/Data Mining/research project/archive\train\Benign\1279.jpg,Benign,0
D:/university/summer 26/Data Mining/research project/archive\train\Benign\5468.jpg,Benign,0
D:/university/summer 26/Data Mining/research project/archive\train\Benign\3478.jpg,Benign,0
D:/university/summer 26/Data Mining/research project/archive\train\Malignant\4130.jpg,Malignant,1
D:/university/summer 26/Data Mining/research project/archive\train\Malignant\5204.jpg,Malignant,1
D:/university/summer 26/Data Mining/research project/archive\train\Malignant\1552.jpg,Malignant,1
D:/university/summer 26/Data Mining/research project/archive\train\Malignant\5408.jpg,Malignant,1
D:/university/summer 26/Data Mining/research project/archive\train\Benign\2041.jpg,Benign,0
D:/university/summer 26/Data Mining/research project/archive\train\Benign\780.jpg,Benign,0
D:/university/summer 26/Data Mining/research project/archive\train\Malignant\2550.jpg,Malignant,1
D:/university/summer 26/Data Mining/research project/archive\train\Benign\2285.jpg,Benign,0
D:/university/summer 26/Data Mining/research project/archive\train\Malignant\5085.jpg,Malignant,1
D:/university/summer 26/Data Mining/research project/archive\train\Malignant\2895.jpg,Malignant,1
D:/university/summer 26/Data Mining/research project/archive\train\Malignant\799.jpg,Malignant,1
D:/university/summer 26/Data Mining/research project/archive\train\Benign\3536.jpg,Benign,0
D:/university/summer 26/Data Mining/research project/archive\train\Benign\517.jpg,Benign,0
D:/university/summer 26/Data Mining/research project/archive\train\Benign\5869.jpg,Benign,0
D:/university/summer 26/Data Mining/research project/archive\train\Malignant\2168.jpg,Malignant,1
D:/university/summer 26/Data Mining/research project/archive\train\Malignant\143.jpg,Malignant,1
D:/university/summer 26/Data Mining/research project/archive\train\Malignant\4874.jpg,Malignant,1
D:/university/summer 26/Data Mining/research project/archive\train\Malignant\2102.jpg,Malignant,1
D:/university/summer 26/Data Mining/research project/archive\train\Benign\4607.jpg,Benign,0
D:/university/summer 26/Data Mining/research project/archive\train\Malignant\662.jpg,Malignant,1
D:/university/summer 26/Data Mining/research project/archive\train\Benign\4555.jpg,Benign,0
D:/university/summer 26/Data Mining/research project/archive\train\Malignant\3052.jpg,Malignant,1
D:/university/summer 26/Data Mining/research project/archive\train\Benign\4664.jpg,Benign,0
D:/university/summer 26/Data Mining/research project/archive\train\Benign\2310.jpg,Benign,0
D:/university/summer 26/Data Mining/research project/archive\train\Malignant\5088.jpg,Malignant,1
D:/university/summer 26/Data Mining/research project/archive\train\Benign\2664.jpg,Benign,0
D:/university/summer 26/Data Mining/research project/archive\train\Benign\4476.jpg,Benign,0
D:/university/summer 26/Data Mining/research project/archive\train\Malignant\5564.jpg,Malignant,1
D:/university/summer 26/Data Mining/research project/archive\train\Malignant\4234.jpg,Malignant,1
D:/university/summer 26/Data Mining/research project/archive\train\Malignant\848.jpg,Malignant,1
D:/university/summer 26/Data Mining/research project/archive\train\Malignant\979.jpg,Malignant,1
D:/university/summer 26/Data Mining/research project/archive\train\Benign\3696.jpg,Benign,0
D:/university/summer 26/Data Mining/research project/archive\train\Benign\200.jpg,Benign,0
D:/university/summer 26/Data Mining/research project/archive\train\Benign\100.jpg,Benign,0
D:/university/summer 26/Data Mining/research project/archive\train\Benign\2119.jpg,Benign,0
D:/university/summer 26/Data Mining/research project/archive\train\Benign\183.jpg,Benign,0
D:/university/summer 26/Data Mining/research project/archive\train\Malignant\2415.jpg,Malignant,1
D:/university/summer 26/Data Mining/research project/archive\train\Malignant\3633.jpg,Malignant,1
D:/university/summer 26/Data Mining/research project/archive\train\Malignant\3593.jpg,Malignant,1
D:/university/summer 26/Data Mining/research project/archive\train\Benign\5565.jpg,Benign,0
D:/university/summer 26/Data Mining/research project/archive\train\Malignant\1843.jpg,Malignant,1
D:/university/summer 26/Data Mining/research project/archive\train\Malignant\3205.jpg,Malignant,1
D:/university/summer 26/Data Mining/research project/archive\train\Malignant\1561.jpg,Malignant,1
D:/university/summer 26/Data Mining/research project/archive\train\Malignant\1225.jpg,Malignant,1
D:/university/summer 26/Data Mining/research project/archive\train\Benign\4447.jpg,Benign,0
D:/university/summer 26/Data Mining/research project/archive\train\Malignant\402.jpg,Malignant,1
D:/university/summer 26/Data Mining/research project/archive\train\Benign\105.jpg,Benign,0
D:/university/summer 26/Data Mining/research project/archive\train\Malignant\521.jpg,Malignant,1
D:/university/summer 26/Data Mining/research project/archive\train\Malignant\4509.jpg,Malignant,1
D:/university/summer 26/Data Mining/research project/archive\train\Malignant\4566.jpg,Malignant,1
D:/university/summer 26/Data Mining/research project/archive\train\Benign\5011.jpg,Benign,0
D:/university/summer 26/Data Mining/research project/archive\train\Malignant\3991.jpg,Malignant,1
D:/university/summer 26/Data Mining/research project/archive\train\Malignant\269.jpg,Malignant,1
D:/university/summer 26/Data Mining/research project/archive\train\Benign\2466.jpg,Benign,0
D:/university/summer 26/Data Mining/research project/archive\train\Benign\3713.jpg,Benign,0
D:/university/summer 26/Data Mining/research project/archive\train\Malignant\2101.jpg,Malignant,1
D:/university/summer 26/Data Mining/research project/archive\train\Malignant\5354.jpg,Malignant,1
D:/university/summer 26/Data Mining/research project/archive\train\Benign\3418.jpg,Benign,0
D:/university/summer 26/Data Mining/research project/archive\train\Benign\3.jpg,Benign,0
D:/university/summer 26/Data Mining/research project/archive\train\Malignant\3942.jpg,Malignant,1
D:/university/summer 26/Data Mining/research project/archive\train\Malignant\5343.jpg,Malignant,1
D:/university/summer 26/Data Mining/research project/archive\train\Malignant\3483.jpg,Malignant,1
D:/university/summer 26/Data Mining/research project/archive\train\Benign\5866.jpg,Benign,0
D:/university/summer 26/Data Mining/research project/archive\train\Malignant\4843.jpg,Malignant,1
D:/university/summer 26/Data Mining/research project/archive\train\Malignant\5381.jpg,Malignant,1
D:/university/summer 26/Data Mining/research project/archive\train\Malignant\33.jpg,Malignant,1
D:/university/summer 26/Data Mining/research project/archive\train\Benign\3657.jpg,Benign,0
D:/university/summer 26/Data Mining/research project/archive\train\Malignant\3729.jpg,Malignant,1
D:/university/summer 26/Data Mining/research project/archive\train\Benign\5213.jpg,Benign,0
D:/university/summer 26/Data Mining/research project/archive\train\Benign\2702.jpg,Benign,0
D:/university/summer 26/Data Mining/research project/archive\train\Benign\5720.jpg,Benign,0
D:/university/summer 26/Data Mining/research project/archive\train\Benign\2881.jpg,Benign,0
D:/university/summer 26/Data Mining/research project/archive\train\Benign\3160.jpg,Benign,0
D:/university/summer 26/Data Mining/research project/archive\train\Benign\1723.jpg,Benign,0
D:/university/summer 26/Data Mining/research project/archive\train\Benign\2366.jpg,Benign,0
D:/university/summer 26/Data Mining/research project/archive\train\Benign\2495.jpg,Benign,0
D:/university/summer 26/Data Mining/research project/archive\train\Benign\2448.jpg,Benign,0
D:/university/summer 26/Data Mining/research project/archive\train\Malignant\1684.jpg,Malignant,1
D:/university/summer 26/Data Mining/research project/archive\train\Malignant\1235.jpg,Malignant,1
D:/university/summer 26/Data Mining/research project/archive\train\Benign\3509.jpg,Benign,0
D:/university/summer 26/Data Mining/research project/archive\train\Benign\5070.jpg,Benign,0
D:/university/summer 26/Data Mining/research project/archive\train\Malignant\4516.jpg,Malignant,1
D:/university/summer 26/Data Mining/research project/archive\train\Malignant\4200.jpg,Malignant,1
D:/university/summer 26/Data Mining/research project/archive\train\Benign\5658.jpg,Benign,0
D:/university/summer 26/Data Mining/research project/archive\train\Benign\4228.jpg,Benign,0
D:/university/summer 26/Data Mining/research project/archive\train\Benign\797.jpg,Benign,0
D:/university/summer 26/Data Mining/research project/archive\train\Malignant\4342.jpg,Malignant,1
D:/university/summer 26/Data Mining/research project/archive\train\Malignant\4976.jpg,Malignant,1
D:/university/summer 26/Data Mining/research project/archive\train\Benign\5602.jpg,Benign,0
D:/university/summer 26/Data Mining/research project/archive\train\Malignant\3581.jpg,Malignant,1
D:/university/summer 26/Data Mining/research project/archive\train\Benign\5158.jpg,Benign,0
D:/university/summer 26/Data Mining/research project/archive\train\Malignant\615.jpg,Malignant,1
D:/university/summer 26/Data Mining/research project/archive\train\Benign\5662.jpg,Benign,0
D:/university/summer 26/Data Mining/research project/archive\train\Malignant\1583.jpg,Malignant,1
D:/university/summer 26/Data Mining/research project/archive\train\Benign\3915.jpg,Benign,0
D:/university/summer 26/Data Mining/research project/archive\train\Benign\2988.jpg,Benign,0
D:/university/summer 26/Data Mining/research project/archive\train\Benign\1735.jpg,Benign,0
D:/university/summer 26/Data Mining/research project/archive\train\Malignant\3183.jpg,Malignant,1
D:/university/summer 26/Data Mining/research project/archive\train\Benign\1528.jpg,Benign,0
D:/university/summer 26/Data Mining/research project/archive\train\Malignant\1856.jpg,Malignant,1
D:/university/summer 26/Data Mining/research project/archive\train\Benign\4647.jpg,Benign,0
D:/university/summer 26/Data Mining/research project/archive\train\Benign\4687.jpg,Benign,0
D:/university/summer 26/Data Mining/research project/archive\train\Benign\5257.jpg,Benign,0
D:/university/summer 26/Data Mining/research project/archive\train\Benign\1437.jpg,Benign,0
D:/university/summer 26/Data Mining/research project/archive\train\Benign\736.jpg,Benign,0
D:/university/summer 26/Data Mining/research project/archive\train\Benign\2408.jpg,Benign,0
D:/university/summer 26/Data Mining/research project/archive\train\Benign\5687.jpg,Benign,0
D:/university/summer 26/Data Mining/research project/archive\train\Malignant\875.jpg,Malignant,1
D:/university/summer 26/Data Mining/research project/archive\train\Benign\1711.jpg,Benign,0
D:/university/summer 26/Data Mining/research project/archive\train\Malignant\719.jpg,Malignant,1
D:/university/summer 26/Data Mining/research project/archive\train\Benign\6290.jpg,Benign,0
D:/university/summer 26/Data Mining/research project/archive\train\Benign\3216.jpg,Benign,0
D:/university/summer 26/Data Mining/research project/archive\train\Benign\1114.jpg,Benign,0
D:/university/summer 26/Data Mining/research project/archive\train\Benign\3545.jpg,Benign,0
D:/university/summer 26/Data Mining/research project/archive\train\Benign\175.jpg,Benign,0
D:/university/summer 26/Data Mining/research project/archive\train\Malignant\820.jpg,Malignant,1
D:/university/summer 26/Data Mining/research project/archive\train\Malignant\4739.jpg,Malignant,1
D:/university/summer 26/Data Mining/research project/archive\train\Malignant\2741.jpg,Malignant,1
D:/university/summer 26/Data Mining/research project/archive\train\Malignant\796.jpg,Malignant,1
D:/university/summer 26/Data Mining/research project/archive\train\Benign\423.jpg,Benign,0
D:/university/summer 26/Data Mining/research project/archive\train\Benign\2223.jpg,Benign,0
D:/university/summer 26/Data Mining/research project/archive\train\Malignant\4942.jpg,Malignant,1
D:/university/summer 26/Data Mining/research project/archive\train\Malignant\4944.jpg,Malignant,1
D:/university/summer 26/Data Mining/research project/archive\train\Benign\5324.jpg,Benign,0
D:/university/summer 26/Data Mining/research project/archive\train\Benign\1145.jpg,Benign,0
D:/university/summer 26/Data Mining/research project/archive\train\Malignant\5226.jpg,Malignant,1
D:/university/summer 26/Data Mining/research project/archive\train\Malignant\2609.jpg,Malignant,1
D:/university/summer 26/Data Mining/research project/archive\train\Benign\4234.jpg,Benign,0
D:/university/summer 26/Data Mining/research project/archive\train\Benign\1204.jpg,Benign,0
D:/university/summer 26/Data Mining/research project/archive\train\Benign\3442.jpg,Benign,0
D:/university/summer 26/Data Mining/research project/archive\train\Benign\6071.jpg,Benign,0
D:/university/summer 26/Data Mining/research project/archive\train\Benign\2367.jpg,Benign,0
D:/university/summer 26/Data Mining/research project/archive\train\Benign\2990.jpg,Benign,0
D:/university/summer 26/Data Mining/research project/archive\train\Benign\2540.jpg,Benign,0
D:/university/summer 26/Data Mining/research project/archive\train\Malignant\4470.jpg,Malignant,1
D:/university/summer 26/Data Mining/research project/archive\train\Benign\3888.jpg,Benign,0
D:/university/summer 26/Data Mining/research project/archive\train\Malignant\490.jpg,Malignant,1
D:/university/summer 26/Data Mining/research project/archive\train\Malignant\4222.jpg,Malignant,1
D:/university/summer 26/Data Mining/research project/archive\train\Benign\4450.jpg,Benign,0
D:/university/summer 26/Data Mining/research project/archive\train\Malignant\4079.jpg,Malignant,1
D:/university/summer 26/Data Mining/research project/archive\train\Malignant\1427.jpg,Malignant,1
D:/university/summer 26/Data Mining/research project/archive\train\Malignant\4796.jpg,Malignant,1
D:/university/summer 26/Data Mining/research project/archive\train\Benign\4410.jpg,Benign,0
D:/university/summer 26/Data Mining/research project/archive\train\Malignant\3406.jpg,Malignant,1
D:/university/summer 26/Data Mining/research project/archive\train\Benign\3943.jpg,Benign,0
D:/university/summer 26/Data Mining/research project/archive\train\Malignant\2523.jpg,Malignant,1
D:/university/summer 26/Data Mining/research project/archive\train\Benign\5191.jpg,Benign,0
D:/university/summer 26/Data Mining/research project/archive\train\Benign\2893.jpg,Benign,0
D:/university/summer 26/Data Mining/research project/archive\train\Malignant\1177.jpg,Malignant,1
D:/university/summer 26/Data Mining/research project/archive\train\Malignant\4512.jpg,Malignant,1
D:/university/summer 26/Data Mining/research project/archive\train\Benign\5114.jpg,Benign,0
D:/university/summer 26/Data Mining/research project/archive\train\Malignant\1353.jpg,Malignant,1
D:/university/summer 26/Data Mining/research project/archive\train\Malignant\1714.jpg,Malignant,1
D:/university/summer 26/Data Mining/research project/archive\train\Benign\1933.jpg,Benign,0
D:/university/summer 26/Data Mining/research project/archive\train\Benign\3072.jpg,Benign,0
D:/university/summer 26/Data Mining/research project/archive\train\Benign\4188.jpg,Benign,0
D:/university/summer 26/Data Mining/research project/archive\train\Benign\418.jpg,Benign,0
D:/university/summer 26/Data Mining/research project/archive\train\Benign\5212.jpg,Benign,0
D:/university/summer 26/Data Mining/research project/archive\train\Malignant\2529.jpg,Malignant,1
D:/university/summer 26/Data Mining/research project/archive\train\Malignant\5146.jpg,Malignant,1
D:/university/summer 26/Data Mining/research project/archive\train\Benign\2646.jpg,Benign,0
D:/university/summer 26/Data Mining/research project/archive\train\Benign\6106.jpg,Benign,0
D:/university/summer 26/Data Mining/research project/archive\train\Malignant\2187.jpg,Malignant,1
D:/university/summer 26/Data Mining/research project/archive\train\Malignant\5300.jpg,Malignant,1
D:/university/summer 26/Data Mining/research project/archive\train\Benign\5333.jpg,Benign,0
D:/university/summer 26/Data Mining/research project/archive\train\Benign\3918.jpg,Benign,0
D:/university/summer 26/Data Mining/research project/archive\train\Malignant\3665.jpg,Malignant,1
D:/university/summer 26/Data Mining/research project/archive\train\Malignant\2222.jpg,Malignant,1
D:/university/summer 26/Data Mining/research project/archive\train\Malignant\4980.jpg,Malignant,1
D:/university/summer 26/Data Mining/research project/archive\train\Benign\5613.jpg,Benign,0
D:/university/summer 26/Data Mining/research project/archive\train\Benign\417.jpg,Benign,0
D:/university/summer 26/Data Mining/research project/archive\train\Benign\5629.jpg,Benign,0
D:/university/summer 26/Data Mining/research project/archive\train\Malignant\4582.jpg,Malignant,1
D:/university/summer 26/Data Mining/research project/archive\train\Malignant\5537.jpg,Malignant,1
D:/university/summer 26/Data Mining/research project/archive\train\Malignant\1468.jpg,Malignant,1
D:/university/summer 26/Data Mining/research project/archive\train\Malignant\1091.jpg,Malignant,1
D:/university/summer 26/Data Mining/research project/archive\train\Benign\5194.jpg,Benign,0
D:/university/summer 26/Data Mining/research project/archive\train\Malignant\890.jpg,Malignant,1
D:/university/summer 26/Data Mining/research project/archive\train\Benign\5703.jpg,Benign,0
D:/university/summer 26/Data Mining/research project/archive\train\Benign\5930.jpg,Benign,0
D:/university/summer 26/Data Mining/research project/archive\train\Benign\400.jpg,Benign,0
D:/university/summer 26/Data Mining/research project/archive\train\Benign\5737.jpg,Benign,0
D:/university/summer 26/Data Mining/research project/archive\train\Benign\2953.jpg,Benign,0
D:/university/summer 26/Data Mining/research project/archive\train\Benign\3053.jpg,Benign,0
D:/university/summer 26/Data Mining/research project/archive\train\Benign\3399.jpg,Benign,0
D:/university/summer 26/Data Mining/research project/archive\train\Malignant\5152.jpg,Malignant,1
D:/university/summer 26/Data Mining/research project/archive\train\Benign\1343.jpg,Benign,0
D:/university/summer 26/Data Mining/research project/archive\train\Malignant\3523.jpg,Malignant,1
D:/university/summer 26/Data Mining/research project/archive\train\Malignant\1918.jpg,Malignant,1
D:/university/summer 26/Data Mining/research project/archive\train\Benign\4556.jpg,Benign,0
D:/university/summer 26/Data Mining/research project/archive\train\Malignant\1497.jpg,Malignant,1
D:/university/summer 26/Data Mining/research project/archive\train\Malignant\2763.jpg,Malignant,1
D:/university/summer 26/Data Mining/research project/archive\train\Malignant\4447.jpg,Malignant,1
D:/university/summer 26/Data Mining/research project/archive\train\Benign\110.jpg,Benign,0
D:/university/summer 26/Data Mining/research project/archive\train\Benign\4549.jpg,Benign,0
D:/university/summer 26/Data Mining/research project/archive\train\Malignant\3003.jpg,Malignant,1
D:/university/summer 26/Data Mining/research project/archive\train\Benign\868.jpg,Benign,0
D:/university/summer 26/Data Mining/research project/archive\train\Malignant\5057.jpg,Malignant,1
D:/university/summer 26/Data Mining/research project/archive\train\Benign\1888.jpg,Benign,0
D:/university/summer 26/Data Mining/research project/archive\train\Malignant\1778.jpg,Malignant,1
D:/university/summer 26/Data Mining/research project/archive\train\Benign\1679.jpg,Benign,0
D:/university/summer 26/Data Mining/research project/archive\train\Malignant\4380.jpg,Malignant,1
D:/university/summer 26/Data Mining/research project/archive\train\Malignant\5426.jpg,Malignant,1
D:/university/summer 26/Data Mining/research project/archive\train\Malignant\3196.jpg,Malignant,1
D:/university/summer 26/Data Mining/research project/archive\train\Malignant\1832.jpg,Malignant,1
D:/university/summer 26/Data Mining/research project/archive\train\Malignant\2224.jpg,Malignant,1
D:/university/summer 26/Data Mining/research project/archive\train\Benign\5673.jpg,Benign,0
D:/university/summer 26/Data Mining/research project/archive\train\Malignant\3430.jpg,Malignant,1
D:/university/summer 26/Data Mining/research project/archive\train\Malignant\1431.jpg,Malignant,1
D:/university/summer 26/Data Mining/research project/archive\train\Benign\1164.jpg,Benign,0
D:/university/summer 26/Data Mining/research project/archive\train\Benign\1294.jpg,Benign,0
D:/university/summer 26/Data Mining/research project/archive\train\Malignant\4174.jpg,Malignant,1
D:/university/summer 26/Data Mining/research project/archive\train\Malignant\3765.jpg,Malignant,1
D:/university/summer 26/Data Mining/research project/archive\train\Benign\6294.jpg,Benign,0
D:/university/summer 26/Data Mining/research project/archive\train\Benign\142.jpg,Benign,0
D:/university/summer 26/Data Mining/research project/archive\train\Benign\5374.jpg,Benign,0
D:/university/summer 26/Data Mining/research project/archive\train\Benign\4652.jpg,Benign,0
D:/university/summer 26/Data Mining/research project/archive\train\Malignant\1439.jpg,Malignant,1
D:/university/summer 26/Data Mining/research project/archive\train\Benign\2826.jpg,Benign,0
D:/university/summer 26/Data Mining/research project/archive\train\Benign\3278.jpg,Benign,0
D:/university/summer 26/Data Mining/research project/archive\train\Malignant\3815.jpg,Malignant,1
D:/university/summer 26/Data Mining/research project/archive\train\Benign\1178.jpg,Benign,0
D:/university/summer 26/Data Mining/research project/archive\train\Benign\5943.jpg,Benign,0
D:/university/summer 26/Data Mining/research project/archive\train\Benign\759.jpg,Benign,0
D:/university/summer 26/Data Mining/research project/archive\train\Malignant\283.jpg,Malignant,1
D:/university/summer 26/Data Mining/research project/archive\train\Malignant\1641.jpg,Malignant,1
D:/university/summer 26/Data Mining/research project/archive\train\Malignant\1822.jpg,Malignant,1
D:/university/summer 26/Data Mining/research project/archive\train\Benign\4660.jpg,Benign,0
D:/university/summer 26/Data Mining/research project/archive\train\Benign\1486.jpg,Benign,0
D:/university/summer 26/Data Mining/research project/archive\train\Malignant\5097.jpg,Malignant,1
D:/university/summer 26/Data Mining/research project/archive\train\Benign\3453.jpg,Benign,0
D:/university/summer 26/Data Mining/research project/archive\train\Malignant\5402.jpg,Malignant,1
D:/university/summer 26/Data Mining/research project/archive\train\Benign\5574.jpg,Benign,0
D:/university/summer 26/Data Mining/research project/archive\train\Benign\5304.jpg,Benign,0
D:/university/summer 26/Data Mining/research project/archive\train\Benign\827.jpg,Benign,0
D:/university/summer 26/Data Mining/research project/archive\train\Benign\739.jpg,Benign,0
D:/university/summer 26/Data Mining/research project/archive\train\Malignant\4068.jpg,Malignant,1
D:/university/summer 26/Data Mining/research project/archive\train\Malignant\4571.jpg,Malignant,1
D:/university/summer 26/Data Mining/research project/archive\train\Malignant\3500.jpg,Malignant,1
D:/university/summer 26/Data Mining/research project/archive\train\Malignant\1266.jpg,Malignant,1
D:/university/summer 26/Data Mining/research project/archive\train\Malignant\1945.jpg,Malignant,1
D:/university/summer 26/Data Mining/research project/archive\train\Malignant\2503.jpg,Malignant,1
D:/university/summer 26/Data Mining/research project/archive\train\Malignant\2395.jpg,Malignant,1
D:/university/summer 26/Data Mining/research project/archive\train\Benign\6267.jpg,Benign,0
D:/university/summer 26/Data Mining/research project/archive\train\Benign\6177.jpg,Benign,0
D:/university/summer 26/Data Mining/research project/archive\train\Benign\5958.jpg,Benign,0
D:/university/summer 26/Data Mining/research project/archive\train\Benign\3047.jpg,Benign,0
D:/university/summer 26/Data Mining/research project/archive\train\Malignant\2580.jpg,Malignant,1
D:/university/summer 26/Data Mining/research project/archive\train\Malignant\1218.jpg,Malignant,1
D:/university/summer 26/Data Mining/research project/archive\train\Benign\803.jpg,Benign,0
D:/university/summer 26/Data Mining/research project/archive\train\Malignant\3290.jpg,Malignant,1
D:/university/summer 26/Data Mining/research project/archive\train\Benign\2654.jpg,Benign,0
D:/university/summer 26/Data Mining/research project/archive\train\Malignant\5167.jpg,Malignant,1
D:/university/summer 26/Data Mining/research project/archive\train\Benign\3791.jpg,Benign,0
D:/university/summer 26/Data Mining/research project/archive\train\Benign\5351.jpg,Benign,0
D:/university/summer 26/Data Mining/research project/archive\train\Benign\3473.jpg,Benign,0
D:/university/summer 26/Data Mining/research project/archive\train\Benign\5080.jpg,Benign,0
D:/university/summer 26/Data Mining/research project/archive\train\Benign\4928.jpg,Benign,0
D:/university/summer 26/Data Mining/research project/archive\train\Malignant\2143.jpg,Malignant,1
D:/university/summer 26/Data Mining/research project/archive\train\Benign\4907.jpg,Benign,0
D:/university/summer 26/Data Mining/research project/archive\train\Malignant\5254.jpg,Malignant,1
D:/university/summer 26/Data Mining/research project/archive\train\Benign\642.jpg,Benign,0
D:/university/summer 26/Data Mining/research project/archive\train\Benign\606.jpg,Benign,0
D:/university/summer 26/Data Mining/research project/archive\train\Benign\2689.jpg,Benign,0
D:/university/summer 26/Data Mining/research project/archive\train\Malignant\5142.jpg,Malignant,1
D:/university/summer 26/Data Mining/research project/archive\train\Benign\2587.jpg,Benign,0
D:/university/summer 26/Data Mining/research project/archive\train\Benign\565.jpg,Benign,0
D:/university/summer 26/Data Mining/research project/archive\train\Malignant\4463.jpg,Malignant,1
D:/university/summer 26/Data Mining/research project/archive\train\Benign\4591.jpg,Benign,0
D:/university/summer 26/Data Mining/research project/archive\train\Benign\1049.jpg,Benign,0
D:/university/summer 26/Data Mining/research project/archive\train\Malignant\4332.jpg,Malignant,1
D:/university/summer 26/Data Mining/research project/archive\train\Benign\6268.jpg,Benign,0
D:/university/summer 26/Data Mining/research project/archive\train\Malignant\4665.jpg,Malignant,1
D:/university/summer 26/Data Mining/research project/archive\train\Benign\4060.jpg,Benign,0
D:/university/summer 26/Data Mining/research project/archive\train\Benign\4987.jpg,Benign,0
D:/university/summer 26/Data Mining/research project/archive\train\Malignant\3770.jpg,Malignant,1
D:/university/summer 26/Data Mining/research project/archive\train\Malignant\5138.jpg,Malignant,1
D:/university/summer 26/Data Mining/research project/archive\train\Malignant\3465.jpg,Malignant,1
D:/university/summer 26/Data Mining/research project/archive\train\Malignant\5449.jpg,Malignant,1
D:/university/summer 26/Data Mining/research project/archive\train\Malignant\3437.jpg,Malignant,1
D:/university/summer 26/Data Mining/research project/archive\train\Malignant\1147.jpg,Malignant,1
D:/university/summer 26/Data Mining/research project/archive\train\Malignant\3613.jpg,Malignant,1
D:/university/summer 26/Data Mining/research project/archive\train\Malignant\2488.jpg,Malignant,1
D:/university/summer 26/Data Mining/research project/archive\train\Benign\2264.jpg,Benign,0
D:/university/summer 26/Data Mining/research project/archive\train\Benign\5487.jpg,Benign,0
D:/university/summer 26/Data Mining/research project/archive\train\Malignant\3807.jpg,Malignant,1
D:/university/summer 26/Data Mining/research project/archive\train\Malignant\1909.jpg,Malignant,1
D:/university/summer 26/Data Mining/research project/archive\train\Malignant\5518.jpg,Malignant,1
D:/university/summer 26/Data Mining/research project/archive\train\Malignant\1836.jpg,Malignant,1
D:/university/summer 26/Data Mining/research project/archive\train\Benign\1411.jpg,Benign,0
D:/university/summer 26/Data Mining/research project/archive\train\Malignant\2.jpg,Malignant,1
D:/university/summer 26/Data Mining/research project/archive\train\Malignant\4538.jpg,Malignant,1
D:/university/summer 26/Data Mining/research project/archive\train\Malignant\3466.jpg,Malignant,1
D:/university/summer 26/Data Mining/research project/archive\train\Benign\5600.jpg,Benign,0
D:/university/summer 26/Data Mining/research project/archive\train\Benign\4981.jpg,Benign,0
D:/university/summer 26/Data Mining/research project/archive\train\Malignant\4757.jpg,Malignant,1
D:/university/summer 26/Data Mining/research project/archive\train\Malignant\2175.jpg,Malignant,1
D:/university/summer 26/Data Mining/research project/archive\train\Malignant\3669.jpg,Malignant,1
D:/university/summer 26/Data Mining/research project/archive\train\Malignant\2245.jpg,Malignant,1
D:/university/summer 26/Data Mining/research project/archive\train\Malignant\427.jpg,Malignant,1
D:/university/summer 26/Data Mining/research project/archive\train\Malignant\3112.jpg,Malignant,1
D:/university/summer 26/Data Mining/research project/archive\train\Benign\909.jpg,Benign,0
D:/university/summer 26/Data Mining/research project/archive\train\Malignant\4620.jpg,Malignant,1
D:/university/summer 26/Data Mining/research project/archive\train\Benign\2801.jpg,Benign,0
D:/university/summer 26/Data Mining/research project/archive\train\Malignant\2636.jpg,Malignant,1
D:/university/summer 26/Data Mining/research project/archive\train\Benign\2614.jpg,Benign,0
D:/university/summer 26/Data Mining/research project/archive\train\Benign\2380.jpg,Benign,0
D:/university/summer 26/Data Mining/research project/archive\train\Benign\3926.jpg,Benign,0
D:/university/summer 26/Data Mining/research project/archive\train\Benign\5331.jpg,Benign,0
D:/university/summer 26/Data Mining/research project/archive\train\Benign\1795.jpg,Benign,0
D:/university/summer 26/Data Mining/research project/archive\train\Malignant\1306.jpg,Malignant,1
D:/university/summer 26/Data Mining/research project/archive\train\Benign\1154.jpg,Benign,0
D:/university/summer 26/Data Mining/research project/archive\train\Benign\3222.jpg,Benign,0
D:/university/summer 26/Data Mining/research project/archive\train\Benign\512.jpg,Benign,0
D:/university/summer 26/Data Mining/research project/archive\train\Malignant\4867.jpg,Malignant,1
D:/university/summer 26/Data Mining/research project/archive\train\Malignant\4639.jpg,Malignant,1
D:/university/summer 26/Data Mining/research project/archive\train\Benign\2124.jpg,Benign,0
D:/university/summer 26/Data Mining/research project/archive\train\Benign\5005.jpg,Benign,0
D:/university/summer 26/Data Mining/research project/archive\train\Malignant\4766.jpg,Malignant,1
D:/university/summer 26/Data Mining/research project/archive\train\Benign\2661.jpg,Benign,0
D:/university/summer 26/Data Mining/research project/archive\train\Malignant\5481.jpg,Malignant,1
D:/university/summer 26/Data Mining/research project/archive\train\Benign\3529.jpg,Benign,0
D:/university/summer 26/Data Mining/research project/archive\train\Benign\1769.jpg,Benign,0
D:/university/summer 26/Data Mining/research project/archive\train\Benign\2729.jpg,Benign,0
D:/university/summer 26/Data Mining/research project/archive\train\Malignant\5046.jpg,Malignant,1
D:/university/summer 26/Data Mining/research project/archive\train\Malignant\2462.jpg,Malignant,1
D:/university/summer 26/Data Mining/research project/archive\train\Malignant\4042.jpg,Malignant,1
D:/university/summer 26/Data Mining/research project/archive\train\Benign\895.jpg,Benign,0
D:/university/summer 26/Data Mining/research project/archive\train\Benign\5592.jpg,Benign,0
D:/university/summer 26/Data Mining/research project/archive\train\Benign\4425.jpg,Benign,0
D:/university/summer 26/Data Mining/research project/archive\train\Benign\6174.jpg,Benign,0
D:/university/summer 26/Data Mining/research project/archive\train\Benign\1567.jpg,Benign,0
D:/university/summer 26/Data Mining/research project/archive\train\Malignant\5332.jpg,Malignant,1
D:/university/summer 26/Data Mining/research project/archive\train\Benign\3940.jpg,Benign,0
D:/university/summer 26/Data Mining/research project/archive\train\Benign\4935.jpg,Benign,0
D:/university/summer 26/Data Mining/research project/archive\train\Malignant\634.jpg,Malignant,1
D:/university/summer 26/Data Mining/research project/archive\train\Benign\511.jpg,Benign,0
D:/university/summer 26/Data Mining/research project/archive\train\Benign\4971.jpg,Benign,0
D:/university/summer 26/Data Mining/research project/archive\train\Benign\770.jpg,Benign,0
D:/university/summer 26/Data Mining/research project/archive\train\Benign\5088.jpg,Benign,0
D:/university/summer 26/Data Mining/research project/archive\train\Benign\73.jpg,Benign,0
D:/university/summer 26/Data Mining/research project/archive\train\Benign\1163.jpg,Benign,0
D:/university/summer 26/Data Mining/research project/archive\train\Malignant\1928.jpg,Malignant,1
D:/university/summer 26/Data Mining/research project/archive\train\Benign\1927.jpg,Benign,0
D:/university/summer 26/Data Mining/research project/archive\train\Benign\449.jpg,Benign,0
D:/university/summer 26/Data Mining/research project/archive\train\Benign\3232.jpg,Benign,0
D:/university/summer 26/Data Mining/research project/archive\train\Malignant\2913.jpg,Malignant,1
D:/university/summer 26/Data Mining/research project/archive\train\Malignant\2640.jpg,Malignant,1
D:/university/summer 26/Data Mining/research project/archive\train\Malignant\1411.jpg,Malignant,1
D:/university/summer 26/Data Mining/research project/archive\train\Benign\3674.jpg,Benign,0
D:/university/summer 26/Data Mining/research project/archive\train\Benign\4649.jpg,Benign,0
D:/university/summer 26/Data Mining/research project/archive\train\Benign\3819.jpg,Benign,0
D:/university/summer 26/Data Mining/research project/archive\train\Malignant\2192.jpg,Malignant,1
D:/university/summer 26/Data Mining/research project/archive\train\Malignant\2479.jpg,Malignant,1
D:/university/summer 26/Data Mining/research project/archive\train\Benign\1084.jpg,Benign,0
D:/university/summer 26/Data Mining/research project/archive\train\Malignant\2489.jpg,Malignant,1
D:/university/summer 26/Data Mining/research project/archive\train\Benign\5900.jpg,Benign,0
D:/university/summer 26/Data Mining/research project/archive\train\Malignant\3190.jpg,Malignant,1
D:/university/summer 26/Data Mining/research project/archive\train\Malignant\380.jpg,Malignant,1
D:/university/summer 26/Data Mining/research project/archive\train\Benign\1751.jpg,Benign,0
D:/university/summer 26/Data Mining/research project/archive\train\Benign\337.jpg,Benign,0
D:/university/summer 26/Data Mining/research project/archive\train\Benign\3390.jpg,Benign,0
D:/university/summer 26/Data Mining/research project/archive\train\Benign\2298.jpg,Benign,0
D:/university/summer 26/Data Mining/research project/archive\train\Benign\4043.jpg,Benign,0
D:/university/summer 26/Data Mining/research project/archive\train\Malignant\5020.jpg,Malignant,1
D:/university/summer 26/Data Mining/research project/archive\train\Benign\53.jpg,Benign,0
D:/university/summer 26/Data Mining/research project/archive\train\Benign\3375.jpg,Benign,0
D:/university/summer 26/Data Mining/research project/archive\train\Benign\5431.jpg,Benign,0
D:/university/summer 26/Data Mining/research project/archive\train\Malignant\2522.jpg,Malignant,1
D:/university/summer 26/Data Mining/research project/archive\train\Benign\5386.jpg,Benign,0
D:/university/summer 26/Data Mining/research project/archive\train\Malignant\4067.jpg,Malignant,1
D:/university/summer 26/Data Mining/research project/archive\train\Benign\3416.jpg,Benign,0
D:/university/summer 26/Data Mining/research project/archive\train\Malignant\1993.jpg,Malignant,1
D:/university/summer 26/Data Mining/research project/archive\train\Benign\3139.jpg,Benign,0
D:/university/summer 26/Data Mining/research project/archive\train\Benign\1695.jpg,Benign,0
D:/university/summer 26/Data Mining/research project/archive\train\Benign\4903.jpg,Benign,0
D:/university/summer 26/Data Mining/research project/archive\train\Benign\3720.jpg,Benign,0
D:/university/summer 26/Data Mining/research project/archive\train\Malignant\4699.jpg,Malignant,1
D:/university/summer 26/Data Mining/research project/archive\train\Benign\3956.jpg,Benign,0
D:/university/summer 26/Data Mining/research project/archive\train\Malignant\3515.jpg,Malignant,1
D:/university/summer 26/Data Mining/research project/archive\train\Benign\5898.jpg,Benign,0
D:/university/summer 26/Data Mining/research project/archive\train\Benign\4278.jpg,Benign,0
D:/university/summer 26/Data Mining/research project/archive\train\Malignant\1286.jpg,Malignant,1
D:/university/summer 26/Data Mining/research project/archive\train\Benign\1555.jpg,Benign,0
D:/university/summer 26/Data Mining/research project/archive\train\Benign\4669.jpg,Benign,0
D:/university/summer 26/Data Mining/research project/archive\train\Benign\3953.jpg,Benign,0
D:/university/summer 26/Data Mining/research project/archive\train\Benign\2099.jpg,Benign,0
D:/university/summer 26/Data Mining/research project/archive\train\Benign\422.jpg,Benign,0
D:/university/summer 26/Data Mining/research project/archive\train\Benign\68.jpg,Benign,0
D:/university/summer 26/Data Mining/research project/archive\train\Benign\3211.jpg,Benign,0
D:/university/summer 26/Data Mining/research project/archive\train\Malignant\5155.jpg,Malignant,1
D:/university/summer 26/Data Mining/research project/archive\train\Benign\2379.jpg,Benign,0
D:/university/summer 26/Data Mining/research project/archive\train\Benign\3521.jpg,Benign,0
D:/university/summer 26/Data Mining/research project/archive\train\Benign\5165.jpg,Benign,0
D:/university/summer 26/Data Mining/research project/archive\train\Benign\4601.jpg,Benign,0
D:/university/summer 26/Data Mining/research project/archive\train\Malignant\2382.jpg,Malignant,1
D:/university/summer 26/Data Mining/research project/archive\train\Malignant\2490.jpg,Malignant,1
D:/university/summer 26/Data Mining/research project/archive\train\Benign\26.jpg,Benign,0
D:/university/summer 26/Data Mining/research project/archive\train\Malignant\2715.jpg,Malignant,1
D:/university/summer 26/Data Mining/research project/archive\train\Malignant\2779.jpg,Malignant,1
D:/university/summer 26/Data Mining/research project/archive\train\Benign\4627.jpg,Benign,0
D:/university/summer 26/Data Mining/research project/archive\train\Benign\936.jpg,Benign,0
D:/university/summer 26/Data Mining/research project/archive\train\Malignant\262.jpg,Malignant,1
D:/university/summer 26/Data Mining/research project/archive\train\Malignant\941.jpg,Malignant,1
D:/university/summer 26/Data Mining/research project/archive\train\Malignant\4381.jpg,Malignant,1
D:/university/summer 26/Data Mining/research project/archive\train\Malignant\835.jpg,Malignant,1
D:/university/summer 26/Data Mining/research project/archive\train\Benign\40.jpg,Benign,0
D:/university/summer 26/Data Mining/research project/archive\train\Malignant\5437.jpg,Malignant,1
D:/university/summer 26/Data Mining/research project/archive\train\Malignant\4892.jpg,Malignant,1
D:/university/summer 26/Data Mining/research project/archive\train\Malignant\1604.jpg,Malignant,1
D:/university/summer 26/Data Mining/research project/archive\train\Benign\434.jpg,Benign,0
D:/university/summer 26/Data Mining/research project/archive\train\Benign\1248.jpg,Benign,0
D:/university/summer 26/Data Mining/research project/archive\train\Benign\3044.jpg,Benign,0
D:/university/summer 26/Data Mining/research project/archive\train\Malignant\3624.jpg,Malignant,1
D:/university/summer 26/Data Mining/research project/archive\train\Benign\4880.jpg,Benign,0
D:/university/summer 26/Data Mining/research project/archive\train\Benign\6296.jpg,Benign,0
D:/university/summer 26/Data Mining/research project/archive\train\Malignant\2836.jpg,Malignant,1
D:/university/summer 26/Data Mining/research project/archive\train\Malignant\4886.jpg,Malignant,1
D:/university/summer 26/Data Mining/research project/archive\train\Malignant\5425.jpg,Malignant,1
D:/university/summer 26/Data Mining/research project/archive\train\Benign\2311.jpg,Benign,0
D:/university/summer 26/Data Mining/research project/archive\train\Malignant\5371.jpg,Malignant,1
D:/university/summer 26/Data Mining/research project/archive\train\Malignant\816.jpg,Malignant,1
D:/university/summer 26/Data Mining/research project/archive\train\Benign\5271.jpg,Benign,0
D:/university/summer 26/Data Mining/research project/archive\train\Malignant\4023.jpg,Malignant,1
D:/university/summer 26/Data Mining/research project/archive\train\Malignant\5360.jpg,Malignant,1
D:/university/summer 26/Data Mining/research project/archive\train\Benign\1957.jpg,Benign,0
D:/university/summer 26/Data Mining/research project/archive\train\Benign\832.jpg,Benign,0
D:/university/summer 26/Data Mining/research project/archive\train\Benign\2164.jpg,Benign,0
D:/university/summer 26/Data Mining/research project/archive\train\Benign\314.jpg,Benign,0
D:/university/summer 26/Data Mining/research project/archive\train\Malignant\3420.jpg,Malignant,1
D:/university/summer 26/Data Mining/research project/archive\train\Malignant\288.jpg,Malignant,1
D:/university/summer 26/Data Mining/research project/archive\train\Benign\4975.jpg,Benign,0
D:/university/summer 26/Data Mining/research project/archive\train\Benign\236.jpg,Benign,0
D:/university/summer 26/Data Mining/research project/archive\train\Malignant\2195.jpg,Malignant,1
D:/university/summer 26/Data Mining/research project/archive\train\Benign\3924.jpg,Benign,0
D:/university/summer 26/Data Mining/research project/archive\train\Malignant\3388.jpg,Malignant,1
D:/university/summer 26/Data Mining/research project/archive\train\Benign\4624.jpg,Benign,0
D:/university/summer 26/Data Mining/research project/archive\train\Malignant\1374.jpg,Malignant,1
D:/university/summer 26/Data Mining/research project/archive\train\Benign\1057.jpg,Benign,0
D:/university/summer 26/Data Mining/research project/archive\train\Malignant\5509.jpg,Malignant,1
D:/university/summer 26/Data Mining/research project/archive\train\Malignant\2302.jpg,Malignant,1
D:/university/summer 26/Data Mining/research project/archive\train\Benign\390.jpg,Benign,0
D:/university/summer 26/Data Mining/research project/archive\train\Benign\272.jpg,Benign,0
D:/university/summer 26/Data Mining/research project/archive\train\Malignant\1110.jpg,Malignant,1
D:/university/summer 26/Data Mining/research project/archive\train\Benign\1648.jpg,Benign,0
D:/university/summer 26/Data Mining/research project/archive\train\Benign\2361.jpg,Benign,0
D:/university/summer 26/Data Mining/research project/archive\train\Malignant\4311.jpg,Malignant,1
D:/university/summer 26/Data Mining/research project/archive\train\Benign\4502.jpg,Benign,0
D:/university/summer 26/Data Mining/research project/archive\train\Malignant\4775.jpg,Malignant,1
D:/university/summer 26/Data Mining/research project/archive\train\Benign\785.jpg,Benign,0
D:/university/summer 26/Data Mining/research project/archive\train\Malignant\4192.jpg,Malignant,1
D:/university/summer 26/Data Mining/research project/archive\train\Malignant\1711.jpg,Malignant,1
D:/university/summer 26/Data Mining/research project/archive\train\Malignant\85.jpg,Malignant,1
D:/university/summer 26/Data Mining/research project/archive\train\Benign\776.jpg,Benign,0
D:/university/summer 26/Data Mining/research project/archive\train\Malignant\138.jpg,Malignant,1
D:/university/summer 26/Data Mining/research project/archive\train\Benign\6214.jpg,Benign,0
D:/university/summer 26/Data Mining/research project/archive\train\Malignant\2668.jpg,Malignant,1
D:/university/summer 26/Data Mining/research project/archive\train\Benign\699.jpg,Benign,0
D:/university/summer 26/Data Mining/research project/archive\train\Benign\5641.jpg,Benign,0
D:/university/summer 26/Data Mining/research project/archive\train\Malignant\4231.jpg,Malignant,1
D:/university/summer 26/Data Mining/research project/archive\train\Benign\3546.jpg,Benign,0
D:/university/summer 26/Data Mining/research project/archive\train\Benign\5816.jpg,Benign,0
D:/university/summer 26/Data Mining/research project/archive\train\Benign\4740.jpg,Benign,0
D:/university/summer 26/Data Mining/research project/archive\train\Malignant\4825.jpg,Malignant,1
D:/university/summer 26/Data Mining/research project/archive\train\Benign\2354.jpg,Benign,0
D:/university/summer 26/Data Mining/research project/archive\train\Benign\4819.jpg,Benign,0
D:/university/summer 26/Data Mining/research project/archive\train\Malignant\313.jpg,Malignant,1
D:/university/summer 26/Data Mining/research project/archive\train\Benign\5317.jpg,Benign,0
D:/university/summer 26/Data Mining/research project/archive\train\Benign\6089.jpg,Benign,0
D:/university/summer 26/Data Mining/research project/archive\train\Malignant\4495.jpg,Malignant,1
D:/university/summer 26/Data Mining/research project/archive\train\Malignant\3908.jpg,Malignant,1
D:/university/summer 26/Data Mining/research project/archive\train\Benign\3626.jpg,Benign,0
D:/university/summer 26/Data Mining/research project/archive\train\Benign\5510.jpg,Benign,0
D:/university/summer 26/Data Mining/research project/archive\train\Benign\5515.jpg,Benign,0
D:/university/summer 26/Data Mining/research project/archive\train\Benign\1617.jpg,Benign,0
D:/university/summer 26/Data Mining/research project/archive\train\Malignant\2514.jpg,Malignant,1
D:/university/summer 26/Data Mining/research project/archive\train\Benign\6101.jpg,Benign,0
D:/university/summer 26/Data Mining/research project/archive\train\Benign\1449.jpg,Benign,0
D:/university/summer 26/Data Mining/research project/archive\train\Benign\4753.jpg,Benign,0
D:/university/summer 26/Data Mining/research project/archive\train\Malignant\2146.jpg,Malignant,1
D:/university/summer 26/Data Mining/research project/archive\train\Malignant\2431.jpg,Malignant,1
D:/university/summer 26/Data Mining/research project/archive\train\Benign\44.jpg,Benign,0
D:/university/summer 26/Data Mining/research project/archive\train\Benign\5802.jpg,Benign,0
D:/university/summer 26/Data Mining/research project/archive\train\Benign\5621.jpg,Benign,0
D:/university/summer 26/Data Mining/research project/archive\train\Malignant\2828.jpg,Malignant,1
D:/university/summer 26/Data Mining/research project/archive\train\Malignant\2239.jpg,Malignant,1
D:/university/summer 26/Data Mining/research project/archive\train\Malignant\4479.jpg,Malignant,1
D:/university/summer 26/Data Mining/research project/archive\train\Malignant\5320.jpg,Malignant,1
D:/university/summer 26/Data Mining/research project/archive\train\Benign\247.jpg,Benign,0
D:/university/summer 26/Data Mining/research project/archive\train\Benign\6141.jpg,Benign,0
D:/university/summer 26/Data Mining/research project/archive\train\Benign\6104.jpg,Benign,0
D:/university/summer 26/Data Mining/research project/archive\train\Benign\4070.jpg,Benign,0
D:/university/summer 26/Data Mining/research project/archive\train\Malignant\2823.jpg,Malignant,1
D:/university/summer 26/Data Mining/research project/archive\train\Malignant\184.jpg,Malignant,1
D:/university/summer 26/Data Mining/research project/archive\train\Malignant\5171.jpg,Malignant,1
D:/university/summer 26/Data Mining/research project/archive\train\Malignant\1901.jpg,Malignant,1
D:/university/summer 26/Data Mining/research project/archive\train\Benign\3744.jpg,Benign,0
D:/university/summer 26/Data Mining/research project/archive\train\Benign\3421.jpg,Benign,0
D:/university/summer 26/Data Mining/research project/archive\train\Malignant\2526.jpg,Malignant,1
D:/university/summer 26/Data Mining/research project/archive\train\Malignant\2122.jpg,Malignant,1
D:/university/summer 26/Data Mining/research project/archive\train\Malignant\2333.jpg,Malignant,1
D:/university/summer 26/Data Mining/research project/archive\train\Benign\1431.jpg,Benign,0
D:/university/summer 26/Data Mining/research project/archive\train\Malignant\2566.jpg,Malignant,1
D:/university/summer 26/Data Mining/research project/archive\train\Benign\898.jpg,Benign,0
D:/university/summer 26/Data Mining/research project/archive\train\Benign\4755.jpg,Benign,0
D:/university/summer 26/Data Mining/research project/archive\train\Benign\464.jpg,Benign,0
D:/university/summer 26/Data Mining/research project/archive\train\Benign\2315.jpg,Benign,0
D:/university/summer 26/Data Mining/research project/archive\train\Benign\1447.jpg,Benign,0
D:/university/summer 26/Data Mining/research project/archive\train\Malignant\1675.jpg,Malignant,1
D:/university/summer 26/Data Mining/research project/archive\train\Benign\3063.jpg,Benign,0
D:/university/summer 26/Data Mining/research project/archive\train\Malignant\5298.jpg,Malignant,1
D:/university/summer 26/Data Mining/research project/archive\train\Benign\3933.jpg,Benign,0
D:/university/summer 26/Data Mining/research project/archive\train\Benign\2508.jpg,Benign,0
D:/university/summer 26/Data Mining/research project/archive\train\Benign\5232.jpg,Benign,0
D:/university/summer 26/Data Mining/research project/archive\train\Benign\2288.jpg,Benign,0
D:/university/summer 26/Data Mining/research project/archive\train\Benign\4140.jpg,Benign,0
D:/university/summer 26/Data Mining/research project/archive\train\Malignant\5445.jpg,Malignant,1
D:/university/summer 26/Data Mining/research project/archive\train\Benign\5631.jpg,Benign,0
D:/university/summer 26/Data Mining/research project/archive\train\Benign\5446.jpg,Benign,0
D:/university/summer 26/Data Mining/research project/archive\train\Malignant\3911.jpg,Malignant,1
D:/university/summer 26/Data Mining/research project/archive\train\Malignant\3259.jpg,Malignant,1
D:/university/summer 26/Data Mining/research project/archive\train\Malignant\3691.jpg,Malignant,1
D:/university/summer 26/Data Mining/research project/archive\train\Malignant\3231.jpg,Malignant,1
D:/university/summer 26/Data Mining/research project/archive\train\Malignant\112.jpg,Malignant,1
D:/university/summer 26/Data Mining/research project/archive\train\Benign\4254.jpg,Benign,0
D:/university/summer 26/Data Mining/research project/archive\train\Benign\4821.jpg,Benign,0
D:/university/summer 26/Data Mining/research project/archive\train\Malignant\2038.jpg,Malignant,1
D:/university/summer 26/Data Mining/research project/archive\train\Benign\1896.jpg,Benign,0
D:/university/summer 26/Data Mining/research project/archive\train\Benign\5039.jpg,Benign,0
D:/university/summer 26/Data Mining/research project/archive\train\Benign\3930.jpg,Benign,0
D:/university/summer 26/Data Mining/research project/archive\train\Malignant\1090.jpg,Malignant,1
D:/university/summer 26/Data Mining/research project/archive\train\Benign\2941.jpg,Benign,0
D:/university/summer 26/Data Mining/research project/archive\train\Malignant\2709.jpg,Malignant,1
D:/university/summer 26/Data Mining/research project/archive\train\Benign\5003.jpg,Benign,0
D:/university/summer 26/Data Mining/research project/archive\train\Malignant\3687.jpg,Malignant,1
D:/university/summer 26/Data Mining/research project/archive\train\Malignant\4543.jpg,Malignant,1
D:/university/summer 26/Data Mining/research project/archive\train\Benign\304.jpg,Benign,0
D:/university/summer 26/Data Mining/research project/archive\train\Malignant\3453.jpg,Malignant,1
D:/university/summer 26/Data Mining/research project/archive\train\Malignant\3249.jpg,Malignant,1
D:/university/summer 26/Data Mining/research project/archive\train\Malignant\3473.jpg,Malignant,1
D:/university/summer 26/Data Mining/research project/archive\train\Benign\5314.jpg,Benign,0
D:/university/summer 26/Data Mining/research project/archive\train\Malignant\5023.jpg,Malignant,1
D:/university/summer 26/Data Mining/research project/archive\train\Benign\4992.jpg,Benign,0
D:/university/summer 26/Data Mining/research project/archive\train\Malignant\2998.jpg,Malignant,1
D:/university/summer 26/Data Mining/research project/archive\train\Benign\5625.jpg,Benign,0
D:/university/summer 26/Data Mining/research project/archive\train\Benign\1707.jpg,Benign,0
D:/university/summer 26/Data Mining/research project/archive\train\Benign\392.jpg,Benign,0
D:/university/summer 26/Data Mining/research project/archive\train\Malignant\5260.jpg,Malignant,1
D:/university/summer 26/Data Mining/research project/archive\train\Benign\5280.jpg,Benign,0
D:/university/summer 26/Data Mining/research project/archive\train\Benign\3254.jpg,Benign,0
D:/university/summer 26/Data Mining/research project/archive\train\Malignant\2664.jpg,Malignant,1
D:/university/summer 26/Data Mining/research project/archive\train\Malignant\1913.jpg,Malignant,1
D:/university/summer 26/Data Mining/research project/archive\train\Benign\4351.jpg,Benign,0
D:/university/summer 26/Data Mining/research project/archive\train\Malignant\355.jpg,Malignant,1
D:/university/summer 26/Data Mining/research project/archive\train\Benign\1369.jpg,Benign,0
D:/university/summer 26/Data Mining/research project/archive\train\Benign\444.jpg,Benign,0
D:/university/summer 26/Data Mining/research project/archive\train\Malignant\2307.jpg,Malignant,1
D:/university/summer 26/Data Mining/research project/archive\train\Malignant\3344.jpg,Malignant,1
D:/university/summer 26/Data Mining/research project/archive\train\Benign\3317.jpg,Benign,0
D:/university/summer 26/Data Mining/research project/archive\train\Malignant\2936.jpg,Malignant,1
D:/university/summer 26/Data Mining/research project/archive\train\Benign\3692.jpg,Benign,0
D:/university/summer 26/Data Mining/research project/archive\train\Benign\1613.jpg,Benign,0
D:/university/summer 26/Data Mining/research project/archive\train\Malignant\5047.jpg,Malignant,1
D:/university/summer 26/Data Mining/research project/archive\train\Malignant\1162.jpg,Malignant,1
D:/university/summer 26/Data Mining/research project/archive\train\Benign\3887.jpg,Benign,0
D:/university/summer 26/Data Mining/research project/archive\train\Benign\1526.jpg,Benign,0
D:/university/summer 26/Data Mining/research project/archive\train\Malignant\5303.jpg,Malignant,1
D:/university/summer 26/Data Mining/research project/archive\train\Benign\1227.jpg,Benign,0
D:/university/summer 26/Data Mining/research project/archive\train\Benign\3078.jpg,Benign,0
D:/university/summer 26/Data Mining/research project/archive\train\Benign\1805.jpg,Benign,0
D:/university/summer 26/Data Mining/research project/archive\train\Malignant\3980.jpg,Malignant,1
D:/university/summer 26/Data Mining/research project/archive\train\Benign\1004.jpg,Benign,0
D:/university/summer 26/Data Mining/research project/archive\train\Malignant\2198.jpg,Malignant,1
D:/university/summer 26/Data Mining/research project/archive\train\Malignant\3094.jpg,Malignant,1
D:/university/summer 26/Data Mining/research project/archive\train\Malignant\2686.jpg,Malignant,1
D:/university/summer 26/Data Mining/research project/archive\train\Malignant\4789.jpg,Malignant,1
D:/university/summer 26/Data Mining/research project/archive\train\Malignant\188.jpg,Malignant,1
D:/university/summer 26/Data Mining/research project/archive\train\Benign\2183.jpg,Benign,0
D:/university/summer 26/Data Mining/research project/archive\train\Benign\4018.jpg,Benign,0
D:/university/summer 26/Data Mining/research project/archive\train\Benign\1067.jpg,Benign,0
D:/university/summer 26/Data Mining/research project/archive\train\Benign\3267.jpg,Benign,0
D:/university/summer 26/Data Mining/research project/archive\train\Benign\5874.jpg,Benign,0
D:/university/summer 26/Data Mining/research project/archive\train\Benign\2963.jpg,Benign,0
D:/university/summer 26/Data Mining/research project/archive\train\Malignant\2768.jpg,Malignant,1
D:/university/summer 26/Data Mining/research project/archive\train\Benign\1361.jpg,Benign,0
D:/university/summer 26/Data Mining/research project/archive\train\Benign\648.jpg,Benign,0
D:/university/summer 26/Data Mining/research project/archive\train\Malignant\2920.jpg,Malignant,1
D:/university/summer 26/Data Mining/research project/archive\train\Benign\5290.jpg,Benign,0
D:/university/summer 26/Data Mining/research project/archive\train\Benign\5228.jpg,Benign,0
D:/university/summer 26/Data Mining/research project/archive\train\Malignant\599.jpg,Malignant,1
D:/university/summer 26/Data Mining/research project/archive\train\Benign\3258.jpg,Benign,0
D:/university/summer 26/Data Mining/research project/archive\train\Benign\4223.jpg,Benign,0
D:/university/summer 26/Data Mining/research project/archive\train\Benign\3597.jpg,Benign,0
D:/university/summer 26/Data Mining/research project/archive\train\Benign\4896.jpg,Benign,0
D:/university/summer 26/Data Mining/research project/archive\train\Malignant\532.jpg,Malignant,1
D:/university/summer 26/Data Mining/research project/archive\train\Benign\4611.jpg,Benign,0
D:/university/summer 26/Data Mining/research project/archive\train\Malignant\3981.jpg,Malignant,1
D:/university/summer 26/Data Mining/research project/archive\train\Benign\5520.jpg,Benign,0
D:/university/summer 26/Data Mining/research project/archive\train\Malignant\121.jpg,Malignant,1
D:/university/summer 26/Data Mining/research project/archive\train\Benign\5059.jpg,Benign,0
D:/university/summer 26/Data Mining/research project/archive\train\Malignant\4193.jpg,Malignant,1
D:/university/summer 26/Data Mining/research project/archive\train\Malignant\2697.jpg,Malignant,1
D:/university/summer 26/Data Mining/research project/archive\train\Malignant\565.jpg,Malignant,1
D:/university/summer 26/Data Mining/research project/archive\train\Benign\2555.jpg,Benign,0
D:/university/summer 26/Data Mining/research project/archive\train\Benign\4039.jpg,Benign,0
D:/university/summer 26/Data Mining/research project/archive\train\Malignant\709.jpg,Malignant,1
D:/university/summer 26/Data Mining/research project/archive\train\Benign\610.jpg,Benign,0
D:/university/summer 26/Data Mining/research project/archive\train\Benign\4385.jpg,Benign,0
D:/university/summer 26/Data Mining/research project/archive\train\Benign\2314.jpg,Benign,0
D:/university/summer 26/Data Mining/research project/archive\train\Malignant\5211.jpg,Malignant,1
D:/university/summer 26/Data Mining/research project/archive\train\Benign\1977.jpg,Benign,0
D:/university/summer 26/Data Mining/research project/archive\train\Benign\6125.jpg,Benign,0
D:/university/summer 26/Data Mining/research project/archive\train\Benign\5144.jpg,Benign,0
D:/university/summer 26/Data Mining/research project/archive\train\Benign\6237.jpg,Benign,0
D:/university/summer 26/Data Mining/research project/archive\train\Malignant\77.jpg,Malignant,1
D:/university/summer 26/Data Mining/research project/archive\train\Benign\6292.jpg,Benign,0
D:/university/summer 26/Data Mining/research project/archive\train\Malignant\3076.jpg,Malignant,1
D:/university/summer 26/Data Mining/research project/archive\train\Benign\5570.jpg,Benign,0
D:/university/summer 26/Data Mining/research project/archive\train\Benign\1489.jpg,Benign,0
D:/university/summer 26/Data Mining/research project/archive\train\Benign\5000.jpg,Benign,0
D:/university/summer 26/Data Mining/research project/archive\train\Malignant\815.jpg,Malignant,1
D:/university/summer 26/Data Mining/research project/archive\train\Benign\140.jpg,Benign,0
D:/university/summer 26/Data Mining/research project/archive\train\Malignant\4879.jpg,Malignant,1
D:/university/summer 26/Data Mining/research project/archive\train\Malignant\1998.jpg,Malignant,1
D:/university/summer 26/Data Mining/research project/archive\train\Malignant\1510.jpg,Malignant,1
D:/university/summer 26/Data Mining/research project/archive\train\Benign\1156.jpg,Benign,0
D:/university/summer 26/Data Mining/research project/archive\train\Benign\2808.jpg,Benign,0
D:/university/summer 26/Data Mining/research project/archive\train\Malignant\759.jpg,Malignant,1
D:/university/summer 26/Data Mining/research project/archive\train\Malignant\3578.jpg,Malignant,1
D:/university/summer 26/Data Mining/research project/archive\train\Malignant\2678.jpg,Malignant,1
D:/university/summer 26/Data Mining/research project/archive\train\Malignant\4253.jpg,Malignant,1
D:/university/summer 26/Data Mining/research project/archive\train\Benign\4484.jpg,Benign,0
D:/university/summer 26/Data Mining/research project/archive\train\Malignant\4034.jpg,Malignant,1
D:/university/summer 26/Data Mining/research project/archive\train\Malignant\1301.jpg,Malignant,1
D:/university/summer 26/Data Mining/research project/archive\train\Benign\1887.jpg,Benign,0
D:/university/summer 26/Data Mining/research project/archive\train\Benign\3431.jpg,Benign,0
D:/university/summer 26/Data Mining/research project/archive\train\Malignant\2538.jpg,Malignant,1
D:/university/summer 26/Data Mining/research project/archive\train\Malignant\4133.jpg,Malignant,1
D:/university/summer 26/Data Mining/research project/archive\train\Malignant\2483.jpg,Malignant,1
D:/university/summer 26/Data Mining/research project/archive\train\Malignant\5441.jpg,Malignant,1
D:/university/summer 26/Data Mining/research project/archive\train\Malignant\4681.jpg,Malignant,1
D:/university/summer 26/Data Mining/research project/archive\train\Malignant\3769.jpg,Malignant,1
D:/university/summer 26/Data Mining/research project/archive\train\Malignant\5038.jpg,Malignant,1
D:/university/summer 26/Data Mining/research project/archive\train\Malignant\21.jpg,Malignant,1
D:/university/summer 26/Data Mining/research project/archive\train\Malignant\5523.jpg,Malignant,1
D:/university/summer 26/Data Mining/research project/archive\train\Benign\2871.jpg,Benign,0
D:/university/summer 26/Data Mining/research project/archive\train\Malignant\3637.jpg,Malignant,1
D:/university/summer 26/Data Mining/research project/archive\train\Benign\2343.jpg,Benign,0
D:/university/summer 26/Data Mining/research project/archive\train\Malignant\3418.jpg,Malignant,1
D:/university/summer 26/Data Mining/research project/archive\train\Benign\3383.jpg,Benign,0
D:/university/summer 26/Data Mining/research project/archive\train\Malignant\3986.jpg,Malignant,1
D:/university/summer 26/Data Mining/research project/archive\train\Malignant\81.jpg,Malignant,1
D:/university/summer 26/Data Mining/research project/archive\train\Benign\3614.jpg,Benign,0
D:/university/summer 26/Data Mining/research project/archive\train\Malignant\339.jpg,Malignant,1
D:/university/summer 26/Data Mining/research project/archive\train\Malignant\1425.jpg,Malignant,1
D:/university/summer 26/Data Mining/research project/archive\train\Malignant\4813.jpg,Malignant,1
D:/university/summer 26/Data Mining/research project/archive\train\Malignant\4081.jpg,Malignant,1
D:/university/summer 26/Data Mining/research project/archive\train\Benign\1980.jpg,Benign,0
D:/university/summer 26/Data Mining/research project/archive\train\Benign\214.jpg,Benign,0
D:/university/summer 26/Data Mining/research project/archive\train\Benign\5637.jpg,Benign,0
D:/university/summer 26/Data Mining/research project/archive\train\Malignant\1880.jpg,Malignant,1
D:/university/summer 26/Data Mining/research project/archive\train\Benign\2505.jpg,Benign,0
D:/university/summer 26/Data Mining/research project/archive\train\Benign\2595.jpg,Benign,0
D:/university/summer 26/Data Mining/research project/archive\train\Malignant\4672.jpg,Malignant,1
D:/university/summer 26/Data Mining/research project/archive\train\Malignant\2628.jpg,Malignant,1
D:/university/summer 26/Data Mining/research project/archive\train\Malignant\3630.jpg,Malignant,1
D:/university/summer 26/Data Mining/research project/archive\train\Malignant\4115.jpg,Malignant,1
D:/university/summer 26/Data Mining/research project/archive\train\Malignant\4518.jpg,Malignant,1
D:/university/summer 26/Data Mining/research project/archive\train\Benign\2692.jpg,Benign,0
D:/university/summer 26/Data Mining/research project/archive\train\Malignant\2567.jpg,Malignant,1
D:/university/summer 26/Data Mining/research project/archive\train\Malignant\3705.jpg,Malignant,1
D:/university/summer 26/Data Mining/research project/archive\train\Malignant\4749.jpg,Malignant,1
D:/university/summer 26/Data Mining/research project/archive\train\Malignant\1872.jpg,Malignant,1
D:/university/summer 26/Data Mining/research project/archive\train\Malignant\3748.jpg,Malignant,1
D:/university/summer 26/Data Mining/research project/archive\train\Malignant\4536.jpg,Malignant,1
D:/university/summer 26/Data Mining/research project/archive\train\Malignant\4632.jpg,Malignant,1
D:/university/summer 26/Data Mining/research project/archive\train\Malignant\512.jpg,Malignant,1
D:/university/summer 26/Data Mining/research project/archive\train\Malignant\1701.jpg,Malignant,1
D:/university/summer 26/Data Mining/research project/archive\train\Benign\4112.jpg,Benign,0
D:/university/summer 26/Data Mining/research project/archive\train\Malignant\5059.jpg,Malignant,1
D:/university/summer 26/Data Mining/research project/archive\train\Benign\5128.jpg,Benign,0
D:/university/summer 26/Data Mining/research project/archive\train\Malignant\3968.jpg,Malignant,1
D:/university/summer 26/Data Mining/research project/archive\train\Malignant\1208.jpg,Malignant,1
D:/university/summer 26/Data Mining/research project/archive\train\Malignant\2268.jpg,Malignant,1
D:/university/summer 26/Data Mining/research project/archive\train\Malignant\4097.jpg,Malignant,1
D:/university/summer 26/Data Mining/research project/archive\train\Benign\5308.jpg,Benign,0
D:/university/summer 26/Data Mining/research project/archive\train\Benign\2897.jpg,Benign,0
D:/university/summer 26/Data Mining/research project/archive\train\Benign\1568.jpg,Benign,0
D:/university/summer 26/Data Mining/research project/archive\train\Benign\3851.jpg,Benign,0
D:/university/summer 26/Data Mining/research project/archive\train\Malignant\1056.jpg,Malignant,1
D:/university/summer 26/Data Mining/research project/archive\train\Malignant\569.jpg,Malignant,1
D:/university/summer 26/Data Mining/research project/archive\train\Benign\873.jpg,Benign,0
D:/university/summer 26/Data Mining/research project/archive\train\Malignant\1360.jpg,Malignant,1
D:/university/summer 26/Data Mining/research project/archive\train\Malignant\3837.jpg,Malignant,1
D:/university/summer 26/Data Mining/research project/archive\train\Benign\4462.jpg,Benign,0
D:/university/summer 26/Data Mining/research project/archive\train\Malignant\3611.jpg,Malignant,1
D:/university/summer 26/Data Mining/research project/archive\train\Malignant\4840.jpg,Malignant,1
D:/university/summer 26/Data Mining/research project/archive\train\Benign\1335.jpg,Benign,0
D:/university/summer 26/Data Mining/research project/archive\train\Benign\6008.jpg,Benign,0
D:/university/summer 26/Data Mining/research project/archive\train\Malignant\2587.jpg,Malignant,1
D:/university/summer 26/Data Mining/research project/archive\train\Malignant\872.jpg,Malignant,1
D:/university/summer 26/Data Mining/research project/archive\train\Benign\1673.jpg,Benign,0
D:/university/summer 26/Data Mining/research project/archive\train\Malignant\3516.jpg,Malignant,1
D:/university/summer 26/Data Mining/research project/archive\train\Malignant\3858.jpg,Malignant,1
D:/university/summer 26/Data Mining/research project/archive\train\Benign\4501.jpg,Benign,0
D:/university/summer 26/Data Mining/research project/archive\train\Malignant\3615.jpg,Malignant,1
D:/university/summer 26/Data Mining/research project/archive\train\Malignant\4194.jpg,Malignant,1
D:/university/summer 26/Data Mining/research project/archive\train\Malignant\4849.jpg,Malignant,1
D:/university/summer 26/Data Mining/research project/archive\train\Malignant\2938.jpg,Malignant,1
D:/university/summer 26/Data Mining/research project/archive\train\Malignant\1735.jpg,Malignant,1
D:/university/summer 26/Data Mining/research project/archive\train\Benign\2401.jpg,Benign,0
D:/university/summer 26/Data Mining/research project/archive\train\Malignant\3178.jpg,Malignant,1
D:/university/summer 26/Data Mining/research project/archive\train\Benign\2161.jpg,Benign,0
D:/university/summer 26/Data Mining/research project/archive\train\Malignant\2596.jpg,Malignant,1
D:/university/summer 26/Data Mining/research project/archive\train\Benign\3557.jpg,Benign,0
D:/university/summer 26/Data Mining/research project/archive\train\Malignant\4611.jpg,Malignant,1
D:/university/summer 26/Data Mining/research project/archive\train\Malignant\2977.jpg,Malignant,1
D:/university/summer 26/Data Mining/research project/archive\train\Malignant\3740.jpg,Malignant,1
D:/university/summer 26/Data Mining/research project/archive\train\Malignant\2173.jpg,Malignant,1
D:/university/summer 26/Data Mining/research project/archive\train\Benign\3515.jpg,Benign,0
D:/university/summer 26/Data Mining/research project/archive\train\Malignant\357.jpg,Malignant,1
D:/university/summer 26/Data Mining/research project/archive\train\Benign\2074.jpg,Benign,0
D:/university/summer 26/Data Mining/research project/archive\train\Benign\3054.jpg,Benign,0
D:/university/summer 26/Data Mining/research project/archive\train\Benign\4136.jpg,Benign,0
D:/university/summer 26/Data Mining/research project/archive\train\Benign\3659.jpg,Benign,0
D:/university/summer 26/Data Mining/research project/archive\train\Malignant\3711.jpg,Malignant,1
D:/university/summer 26/Data Mining/research project/archive\train\Benign\1078.jpg,Benign,0
D:/university/summer 26/Data Mining/research project/archive\train\Benign\4541.jpg,Benign,0
D:/university/summer 26/Data Mining/research project/archive\train\Benign\3544.jpg,Benign,0
D:/university/summer 26/Data Mining/research project/archive\train\Benign\3326.jpg,Benign,0
D:/university/summer 26/Data Mining/research project/archive\train\Benign\4451.jpg,Benign,0
D:/university/summer 26/Data Mining/research project/archive\train\Benign\1581.jpg,Benign,0
D:/university/summer 26/Data Mining/research project/archive\train\Malignant\421.jpg,Malignant,1
D:/university/summer 26/Data Mining/research project/archive\train\Malignant\4686.jpg,Malignant,1
D:/university/summer 26/Data Mining/research project/archive\train\Malignant\871.jpg,Malignant,1
D:/university/summer 26/Data Mining/research project/archive\train\Malignant\287.jpg,Malignant,1
D:/university/summer 26/Data Mining/research project/archive\train\Malignant\1174.jpg,Malignant,1
D:/university/summer 26/Data Mining/research project/archive\train\Benign\5670.jpg,Benign,0
D:/university/summer 26/Data Mining/research project/archive\train\Malignant\4178.jpg,Malignant,1
D:/university/summer 26/Data Mining/research project/archive\train\Malignant\2671.jpg,Malignant,1
D:/university/summer 26/Data Mining/research project/archive\train\Benign\203.jpg,Benign,0
D:/university/summer 26/Data Mining/research project/archive\train\Malignant\4399.jpg,Malignant,1
D:/university/summer 26/Data Mining/research project/archive\train\Malignant\1355.jpg,Malignant,1
D:/university/summer 26/Data Mining/research project/archive\train\Benign\1027.jpg,Benign,0
D:/university/summer 26/Data Mining/research project/archive\train\Benign\5521.jpg,Benign,0
D:/university/summer 26/Data Mining/research project/archive\train\Benign\2575.jpg,Benign,0
D:/university/summer 26/Data Mining/research project/archive\train\Benign\778.jpg,Benign,0
D:/university/summer 26/Data Mining/research project/archive\train\Malignant\4258.jpg,Malignant,1
D:/university/summer 26/Data Mining/research project/archive\train\Malignant\1354.jpg,Malignant,1
D:/university/summer 26/Data Mining/research project/archive\train\Benign\2322.jpg,Benign,0
D:/university/summer 26/Data Mining/research project/archive\train\Benign\288.jpg,Benign,0
D:/university/summer 26/Data Mining/research project/archive\train\Malignant\2458.jpg,Malignant,1
D:/university/summer 26/Data Mining/research project/archive\train\Malignant\480.jpg,Malignant,1
D:/university/summer 26/Data Mining/research project/archive\train\Malignant\4036.jpg,Malignant,1
D:/university/summer 26/Data Mining/research project/archive\train\Benign\691.jpg,Benign,0
D:/university/summer 26/Data Mining/research project/archive\train\Benign\3156.jpg,Benign,0
D:/university/summer 26/Data Mining/research project/archive\train\Malignant\3504.jpg,Malignant,1
D:/university/summer 26/Data Mining/research project/archive\train\Benign\5936.jpg,Benign,0
D:/university/summer 26/Data Mining/research project/archive\train\Malignant\5288.jpg,Malignant,1
D:/university/summer 26/Data Mining/research project/archive\train\Benign\1752.jpg,Benign,0
D:/university/summer 26/Data Mining/research project/archive\train\Benign\2293.jpg,Benign,0
D:/university/summer 26/Data Mining/research project/archive\train\Benign\2755.jpg,Benign,0
D:/university/summer 26/Data Mining/research project/archive\train\Benign\5449.jpg,Benign,0
D:/university/summer 26/Data Mining/research project/archive\train\Benign\1368.jpg,Benign,0
D:/university/summer 26/Data Mining/research project/archive\train\Malignant\4113.jpg,Malignant,1
D:/university/summer 26/Data Mining/research project/archive\train\Malignant\1239.jpg,Malignant,1
D:/university/summer 26/Data Mining/research project/archive\train\Benign\431.jpg,Benign,0
D:/university/summer 26/Data Mining/research project/archive\train\Malignant\3766.jpg,Malignant,1
D:/university/summer 26/Data Mining/research project/archive\train\Malignant\4025.jpg,Malignant,1
D:/university/summer 26/Data Mining/research project/archive\train\Malignant\3071.jpg,Malignant,1
D:/university/summer 26/Data Mining/research project/archive\train\Benign\5311.jpg,Benign,0
D:/university/summer 26/Data Mining/research project/archive\train\Benign\2430.jpg,Benign,0
D:/university/summer 26/Data Mining/research project/archive\train\Malignant\1559.jpg,Malignant,1
D:/university/summer 26/Data Mining/research project/archive\train\Benign\4877.jpg,Benign,0
D:/university/summer 26/Data Mining/research project/archive\train\Malignant\4424.jpg,Malignant,1
D:/university/summer 26/Data Mining/research project/archive\train\Malignant\2496.jpg,Malignant,1
D:/university/summer 26/Data Mining/research project/archive\train\Malignant\3173.jpg,Malignant,1
D:/university/summer 26/Data Mining/research project/archive\train\Benign\5474.jpg,Benign,0
D:/university/summer 26/Data Mining/research project/archive\train\Malignant\4431.jpg,Malignant,1
D:/university/summer 26/Data Mining/research project/archive\train\Benign\5437.jpg,Benign,0
D:/university/summer 26/Data Mining/research project/archive\train\Benign\986.jpg,Benign,0
D:/university/summer 26/Data Mining/research project/archive\train\Benign\4756.jpg,Benign,0
D:/university/summer 26/Data Mining/research project/archive\train\Malignant\3389.jpg,Malignant,1
D:/university/summer 26/Data Mining/research project/archive\train\Benign\583.jpg,Benign,0
D:/university/summer 26/Data Mining/research project/archive\train\Benign\2003.jpg,Benign,0
D:/university/summer 26/Data Mining/research project/archive\train\Malignant\1922.jpg,Malignant,1
D:/university/summer 26/Data Mining/research project/archive\train\Benign\801.jpg,Benign,0
D:/university/summer 26/Data Mining/research project/archive\train\Malignant\469.jpg,Malignant,1
D:/university/summer 26/Data Mining/research project/archive\train\Benign\2720.jpg,Benign,0
D:/university/summer 26/Data Mining/research project/archive\train\Benign\2813.jpg,Benign,0
D:/university/summer 26/Data Mining/research project/archive\train\Benign\3835.jpg,Benign,0
D:/university/summer 26/Data Mining/research project/archive\train\Malignant\2474.jpg,Malignant,1
D:/university/summer 26/Data Mining/research project/archive\train\Malignant\3207.jpg,Malignant,1
D:/university/summer 26/Data Mining/research project/archive\train\Benign\5825.jpg,Benign,0
D:/university/summer 26/Data Mining/research project/archive\train\Benign\2886.jpg,Benign,0
D:/university/summer 26/Data Mining/research project/archive\train\Benign\4367.jpg,Benign,0
D:/university/summer 26/Data Mining/research project/archive\train\Malignant\5317.jpg,Malignant,1
D:/university/summer 26/Data Mining/research project/archive\train\Malignant\974.jpg,Malignant,1
D:/university/summer 26/Data Mining/research project/archive\train\Malignant\3038.jpg,Malignant,1
D:/university/summer 26/Data Mining/research project/archive\train\Benign\3327.jpg,Benign,0
D:/university/summer 26/Data Mining/research project/archive\train\Benign\3719.jpg,Benign,0
D:/university/summer 26/Data Mining/research project/archive\train\Benign\3132.jpg,Benign,0
D:/university/summer 26/Data Mining/research project/archive\train\Malignant\5206.jpg,Malignant,1
D:/university/summer 26/Data Mining/research project/archive\train\Benign\1939.jpg,Benign,0
D:/university/summer 26/Data Mining/research project/archive\train\Malignant\2455.jpg,Malignant,1
D:/university/summer 26/Data Mining/research project/archive\train\Malignant\370.jpg,Malignant,1
D:/university/summer 26/Data Mining/research project/archive\train\Benign\3535.jpg,Benign,0
D:/university/summer 26/Data Mining/research project/archive\train\Benign\4422.jpg,Benign,0
D:/university/summer 26/Data Mining/research project/archive\train\Malignant\2965.jpg,Malignant,1
D:/university/summer 26/Data Mining/research project/archive\train\Benign\2158.jpg,Benign,0
D:/university/summer 26/Data Mining/research project/archive\train\Malignant\1798.jpg,Malignant,1
D:/university/summer 26/Data Mining/research project/archive\train\Malignant\789.jpg,Malignant,1
D:/university/summer 26/Data Mining/research project/archive\train\Malignant\386.jpg,Malignant,1
D:/university/summer 26/Data Mining/research project/archive\train\Benign\1883.jpg,Benign,0
D:/university/summer 26/Data Mining/research project/archive\train\Benign\5716.jpg,Benign,0
D:/university/summer 26/Data Mining/research project/archive\train\Benign\5143.jpg,Benign,0
D:/university/summer 26/Data Mining/research project/archive\train\Benign\1304.jpg,Benign,0
D:/university/summer 26/Data Mining/research project/archive\train\Malignant\3219.jpg,Malignant,1
D:/university/summer 26/Data Mining/research project/archive\train\Benign\3349.jpg,Benign,0
D:/university/summer 26/Data Mining/research project/archive\train\Malignant\1221.jpg,Malignant,1
D:/university/summer 26/Data Mining/research project/archive\train\Malignant\2464.jpg,Malignant,1
D:/university/summer 26/Data Mining/research project/archive\train\Malignant\1199.jpg,Malignant,1
D:/university/summer 26/Data Mining/research project/archive\train\Benign\3699.jpg,Benign,0
D:/university/summer 26/Data Mining/research project/archive\train\Benign\3658.jpg,Benign,0
D:/university/summer 26/Data Mining/research project/archive\train\Benign\1312.jpg,Benign,0
D:/university/summer 26/Data Mining/research project/archive\train\Benign\4455.jpg,Benign,0
D:/university/summer 26/Data Mining/research project/archive\train\Benign\4061.jpg,Benign,0
D:/university/summer 26/Data Mining/research project/archive\train\Malignant\1658.jpg,Malignant,1
D:/university/summer 26/Data Mining/research project/archive\train\Malignant\1610.jpg,Malignant,1
D:/university/summer 26/Data Mining/research project/archive\train\Malignant\1142.jpg,Malignant,1
D:/university/summer 26/Data Mining/research project/archive\train\Malignant\1022.jpg,Malignant,1
D:/university/summer 26/Data Mining/research project/archive\train\Malignant\2912.jpg,Malignant,1
D:/university/summer 26/Data Mining/research project/archive\train\Benign\4728.jpg,Benign,0
D:/university/summer 26/Data Mining/research project/archive\train\Malignant\278.jpg,Malignant,1
D:/university/summer 26/Data Mining/research project/archive\train\Benign\834.jpg,Benign,0
D:/university/summer 26/Data Mining/research project/archive\train\Benign\2883.jpg,Benign,0
D:/university/summer 26/Data Mining/research project/archive\train\Malignant\2835.jpg,Malignant,1
D:/university/summer 26/Data Mining/research project/archive\train\Benign\4307.jpg,Benign,0
D:/university/summer 26/Data Mining/research project/archive\train\Benign\5285.jpg,Benign,0
D:/university/summer 26/Data Mining/research project/archive\train\Benign\3186.jpg,Benign,0
D:/university/summer 26/Data Mining/research project/archive\train\Malignant\694.jpg,Malignant,1
D:/university/summer 26/Data Mining/research project/archive\train\Benign\4685.jpg,Benign,0
D:/university/summer 26/Data Mining/research project/archive\train\Benign\4974.jpg,Benign,0
D:/university/summer 26/Data Mining/research project/archive\train\Benign\3365.jpg,Benign,0
D:/university/summer 26/Data Mining/research project/archive\train\Benign\3968.jpg,Benign,0
D:/university/summer 26/Data Mining/research project/archive\train\Malignant\3270.jpg,Malignant,1
D:/university/summer 26/Data Mining/research project/archive\train\Malignant\1484.jpg,Malignant,1
D:/university/summer 26/Data Mining/research project/archive\train\Benign\2390.jpg,Benign,0
D:/university/summer 26/Data Mining/research project/archive\train\Benign\515.jpg,Benign,0
D:/university/summer 26/Data Mining/research project/archive\train\Malignant\3840.jpg,Malignant,1
D:/university/summer 26/Data Mining/research project/archive\train\Malignant\5439.jpg,Malignant,1
D:/university/summer 26/Data Mining/research project/archive\train\Benign\3782.jpg,Benign,0
D:/university/summer 26/Data Mining/research project/archive\train\Benign\6179.jpg,Benign,0
D:/university/summer 26/Data Mining/research project/archive\train\Benign\4554.jpg,Benign,0
D:/university/summer 26/Data Mining/research project/archive\train\Malignant\3323.jpg,Malignant,1
D:/university/summer 26/Data Mining/research project/archive\train\Benign\1429.jpg,Benign,0
D:/university/summer 26/Data Mining/research project/archive\train\Malignant\4339.jpg,Malignant,1
D:/university/summer 26/Data Mining/research project/archive\train\Benign\3123.jpg,Benign,0
D:/university/summer 26/Data Mining/research project/archive\train\Benign\702.jpg,Benign,0
D:/university/summer 26/Data Mining/research project/archive\train\Benign\2804.jpg,Benign,0
D:/university/summer 26/Data Mining/research project/archive\train\Malignant\3727.jpg,Malignant,1
D:/university/summer 26/Data Mining/research project/archive\train\Malignant\1290.jpg,Malignant,1
D:/university/summer 26/Data Mining/research project/archive\train\Benign\1851.jpg,Benign,0
D:/university/summer 26/Data Mining/research project/archive\train\Malignant\5412.jpg,Malignant,1
D:/university/summer 26/Data Mining/research project/archive\train\Malignant\2411.jpg,Malignant,1
D:/university/summer 26/Data Mining/research project/archive\train\Malignant\3393.jpg,Malignant,1
D:/university/summer 26/Data Mining/research project/archive\train\Benign\4311.jpg,Benign,0
D:/university/summer 26/Data Mining/research project/archive\train\Malignant\2277.jpg,Malignant,1
D:/university/summer 26/Data Mining/research project/archive\train\Benign\3934.jpg,Benign,0
D:/university/summer 26/Data Mining/research project/archive\train\Benign\1331.jpg,Benign,0
D:/university/summer 26/Data Mining/research project/archive\train\Benign\1334.jpg,Benign,0
D:/university/summer 26/Data Mining/research project/archive\train\Benign\3381.jpg,Benign,0
D:/university/summer 26/Data Mining/research project/archive\train\Benign\1404.jpg,Benign,0
D:/university/summer 26/Data Mining/research project/archive\train\Malignant\939.jpg,Malignant,1
D:/university/summer 26/Data Mining/research project/archive\train\Benign\296.jpg,Benign,0
D:/university/summer 26/Data Mining/research project/archive\train\Benign\2592.jpg,Benign,0
D:/university/summer 26/Data Mining/research project/archive\train\Benign\3104.jpg,Benign,0
D:/university/summer 26/Data Mining/research project/archive\train\Malignant\549.jpg,Malignant,1
D:/university/summer 26/Data Mining/research project/archive\train\Benign\5668.jpg,Benign,0
D:/university/summer 26/Data Mining/research project/archive\train\Malignant\2165.jpg,Malignant,1
D:/university/summer 26/Data Mining/research project/archive\train\Malignant\3893.jpg,Malignant,1
D:/university/summer 26/Data Mining/research project/archive\train\Malignant\3425.jpg,Malignant,1
D:/university/summer 26/Data Mining/research project/archive\train\Benign\5590.jpg,Benign,0
D:/university/summer 26/Data Mining/research project/archive\train\Benign\1646.jpg,Benign,0
D:/university/summer 26/Data Mining/research project/archive\train\Malignant\135.jpg,Malignant,1
D:/university/summer 26/Data Mining/research project/archive\train\Malignant\3579.jpg,Malignant,1
D:/university/summer 26/Data Mining/research project/archive\train\Benign\4811.jpg,Benign,0
D:/university/summer 26/Data Mining/research project/archive\train\Benign\513.jpg,Benign,0
D:/university/summer 26/Data Mining/research project/archive\train\Malignant\1016.jpg,Malignant,1
D:/university/summer 26/Data Mining/research project/archive\train\Benign\293.jpg,Benign,0
D:/university/summer 26/Data Mining/research project/archive\train\Benign\2769.jpg,Benign,0
D:/university/summer 26/Data Mining/research project/archive\train\Malignant\125.jpg,Malignant,1
D:/university/summer 26/Data Mining/research project/archive\train\Benign\4512.jpg,Benign,0
D:/university/summer 26/Data Mining/research project/archive\train\Benign\3485.jpg,Benign,0
D:/university/summer 26/Data Mining/research project/archive\train\Malignant\1533.jpg,Malignant,1
D:/university/summer 26/Data Mining/research project/archive\train\Benign\5630.jpg,Benign,0
D:/university/summer 26/Data Mining/research project/archive\train\Benign\4724.jpg,Benign,0
D:/university/summer 26/Data Mining/research project/archive\train\Benign\6107.jpg,Benign,0
D:/university/summer 26/Data Mining/research project/archive\train\Malignant\5191.jpg,Malignant,1
D:/university/summer 26/Data Mining/research project/archive\train\Benign\5755.jpg,Benign,0
D:/university/summer 26/Data Mining/research project/archive\train\Malignant\797.jpg,Malignant,1
D:/university/summer 26/Data Mining/research project/archive\train\Benign\1332.jpg,Benign,0
D:/university/summer 26/Data Mining/research project/archive\train\Malignant\1941.jpg,Malignant,1
D:/university/summer 26/Data Mining/research project/archive\train\Benign\1365.jpg,Benign,0
D:/university/summer 26/Data Mining/research project/archive\train\Benign\54.jpg,Benign,0
D:/university/summer 26/Data Mining/research project/archive\train\Malignant\441.jpg,Malignant,1
D:/university/summer 26/Data Mining/research project/archive\train\Malignant\2921.jpg,Malignant,1
D:/university/summer 26/Data Mining/research project/archive\train\Benign\5862.jpg,Benign,0
D:/university/summer 26/Data Mining/research project/archive\train\Benign\4126.jpg,Benign,0
D:/university/summer 26/Data Mining/research project/archive\train\Malignant\2896.jpg,Malignant,1
D:/university/summer 26/Data Mining/research project/archive\train\Malignant\2111.jpg,Malignant,1
D:/university/summer 26/Data Mining/research project/archive\train\Malignant\5223.jpg,Malignant,1
D:/university/summer 26/Data Mining/research project/archive\train\Malignant\4429.jpg,Malignant,1
D:/university/summer 26/Data Mining/research project/archive\train\Benign\3080.jpg,Benign,0
D:/university/summer 26/Data Mining/research project/archive\train\Malignant\3246.jpg,Malignant,1
D:/university/summer 26/Data Mining/research project/archive\train\Malignant\3433.jpg,Malignant,1
D:/university/summer 26/Data Mining/research project/archive\train\Malignant\2128.jpg,Malignant,1
D:/university/summer 26/Data Mining/research project/archive\train\Benign\2765.jpg,Benign,0
D:/university/summer 26/Data Mining/research project/archive\train\Benign\2682.jpg,Benign,0
D:/university/summer 26/Data Mining/research project/archive\train\Malignant\1548.jpg,Malignant,1
D:/university/summer 26/Data Mining/research project/archive\train\Malignant\1835.jpg,Malignant,1
D:/university/summer 26/Data Mining/research project/archive\train\Malignant\4515.jpg,Malignant,1
D:/university/summer 26/Data Mining/research project/archive\train\Malignant\4943.jpg,Malignant,1
D:/university/summer 26/Data Mining/research project/archive\train\Malignant\5484.jpg,Malignant,1
D:/university/summer 26/Data Mining/research project/archive\train\Benign\4383.jpg,Benign,0
D:/university/summer 26/Data Mining/research project/archive\train\Malignant\1300.jpg,Malignant,1
D:/university/summer 26/Data Mining/research project/archive\train\Benign\758.jpg,Benign,0
D:/university/summer 26/Data Mining/research project/archive\train\Malignant\1185.jpg,Malignant,1
D:/university/summer 26/Data Mining/research project/archive\train\Malignant\3449.jpg,Malignant,1
D:/university/summer 26/Data Mining/research project/archive\train\Malignant\2066.jpg,Malignant,1
D:/university/summer 26/Data Mining/research project/archive\train\Benign\2251.jpg,Benign,0
D:/university/summer 26/Data Mining/research project/archive\train\Malignant\4246.jpg,Malignant,1
D:/university/summer 26/Data Mining/research project/archive\train\Benign\317.jpg,Benign,0
D:/university/summer 26/Data Mining/research project/archive\train\Malignant\2012.jpg,Malignant,1
D:/university/summer 26/Data Mining/research project/archive\train\Benign\811.jpg,Benign,0
D:/university/summer 26/Data Mining/research project/archive\train\Malignant\2470.jpg,Malignant,1
D:/university/summer 26/Data Mining/research project/archive\train\Malignant\2591.jpg,Malignant,1
D:/university/summer 26/Data Mining/research project/archive\train\Malignant\3907.jpg,Malignant,1
D:/university/summer 26/Data Mining/research project/archive\train\Benign\5291.jpg,Benign,0
D:/university/summer 26/Data Mining/research project/archive\train\Benign\1212.jpg,Benign,0
D:/university/summer 26/Data Mining/research project/archive\train\Malignant\2941.jpg,Malignant,1
D:/university/summer 26/Data Mining/research project/archive\train\Benign\1432.jpg,Benign,0
D:/university/summer 26/Data Mining/research project/archive\train\Malignant\3385.jpg,Malignant,1
D:/university/summer 26/Data Mining/research project/archive\train\Benign\298.jpg,Benign,0
D:/university/summer 26/Data Mining/research project/archive\train\Benign\1840.jpg,Benign,0
D:/university/summer 26/Data Mining/research project/archive\train\Benign\2399.jpg,Benign,0
D:/university/summer 26/Data Mining/research project/archive\train\Benign\3178.jpg,Benign,0
D:/university/summer 26/Data Mining/research project/archive\train\Malignant\5319.jpg,Malignant,1
D:/university/summer 26/Data Mining/research project/archive\train\Malignant\1762.jpg,Malignant,1
D:/university/summer 26/Data Mining/research project/archive\train\Benign\2010.jpg,Benign,0
D:/university/summer 26/Data Mining/research project/archive\train\Benign\4868.jpg,Benign,0
D:/university/summer 26/Data Mining/research project/archive\train\Benign\5220.jpg,Benign,0
D:/university/summer 26/Data Mining/research project/archive\train\Benign\2602.jpg,Benign,0
D:/university/summer 26/Data Mining/research project/archive\train\Benign\4962.jpg,Benign,0
D:/university/summer 26/Data Mining/research project/archive\train\Malignant\4715.jpg,Malignant,1
D:/university/summer 26/Data Mining/research project/archive\train\Malignant\1717.jpg,Malignant,1
D:/university/summer 26/Data Mining/research project/archive\train\Benign\6055.jpg,Benign,0
D:/university/summer 26/Data Mining/research project/archive\train\Malignant\2961.jpg,Malignant,1
D:/university/summer 26/Data Mining/research project/archive\train\Benign\5774.jpg,Benign,0
D:/university/summer 26/Data Mining/research project/archive\train\Benign\1878.jpg,Benign,0
D:/university/summer 26/Data Mining/research project/archive\train\Benign\223.jpg,Benign,0
D:/university/summer 26/Data Mining/research project/archive\train\Malignant\5592.jpg,Malignant,1
D:/university/summer 26/Data Mining/research project/archive\train\Malignant\3663.jpg,Malignant,1
D:/university/summer 26/Data Mining/research project/archive\train\Benign\4542.jpg,Benign,0
D:/university/summer 26/Data Mining/research project/archive\train\Benign\4817.jpg,Benign,0
D:/university/summer 26/Data Mining/research project/archive\train\Benign\2994.jpg,Benign,0
D:/university/summer 26/Data Mining/research project/archive\train\Malignant\831.jpg,Malignant,1
D:/university/summer 26/Data Mining/research project/archive\train\Benign\863.jpg,Benign,0
D:/university/summer 26/Data Mining/research project/archive\train\Benign\1379.jpg,Benign,0
D:/university/summer 26/Data Mining/research project/archive\train\Malignant\2085.jpg,Malignant,1
D:/university/summer 26/Data Mining/research project/archive\train\Benign\2902.jpg,Benign,0
D:/university/summer 26/Data Mining/research project/archive\train\Malignant\1955.jpg,Malignant,1
D:/university/summer 26/Data Mining/research project/archive\train\Malignant\5499.jpg,Malignant,1
D:/university/summer 26/Data Mining/research project/archive\train\Malignant\4368.jpg,Malignant,1
D:/university/summer 26/Data Mining/research project/archive\train\Benign\1960.jpg,Benign,0
D:/university/summer 26/Data Mining/research project/archive\train\Benign\5416.jpg,Benign,0
D:/university/summer 26/Data Mining/research project/archive\train\Malignant\346.jpg,Malignant,1
D:/university/summer 26/Data Mining/research project/archive\train\Benign\539.jpg,Benign,0
D:/university/summer 26/Data Mining/research project/archive\train\Benign\3336.jpg,Benign,0
D:/university/summer 26/Data Mining/research project/archive\train\Benign\5700.jpg,Benign,0
D:/university/summer 26/Data Mining/research project/archive\train\Malignant\2405.jpg,Malignant,1
D:/university/summer 26/Data Mining/research project/archive\train\Benign\5540.jpg,Benign,0
D:/university/summer 26/Data Mining/research project/archive\train\Malignant\5221.jpg,Malignant,1
D:/university/summer 26/Data Mining/research project/archive\train\Benign\3025.jpg,Benign,0
D:/university/summer 26/Data Mining/research project/archive\train\Benign\590.jpg,Benign,0
D:/university/summer 26/Data Mining/research project/archive\train\Benign\51.jpg,Benign,0
D:/university/summer 26/Data Mining/research project/archive\train\Benign\5464.jpg,Benign,0
D:/university/summer 26/Data Mining/research project/archive\train\Benign\3885.jpg,Benign,0
D:/university/summer 26/Data Mining/research project/archive\train\Benign\2903.jpg,Benign,0
D:/university/summer 26/Data Mining/research project/archive\train\Benign\4292.jpg,Benign,0
D:/university/summer 26/Data Mining/research project/archive\train\Benign\425.jpg,Benign,0
D:/university/summer 26/Data Mining/research project/archive\train\Malignant\3370.jpg,Malignant,1
D:/university/summer 26/Data Mining/research project/archive\train\Malignant\5389.jpg,Malignant,1
D:/university/summer 26/Data Mining/research project/archive\train\Malignant\2125.jpg,Malignant,1
D:/university/summer 26/Data Mining/research project/archive\train\Benign\3086.jpg,Benign,0
D:/university/summer 26/Data Mining/research project/archive\train\Malignant\1380.jpg,Malignant,1
D:/university/summer 26/Data Mining/research project/archive\train\Malignant\4622.jpg,Malignant,1
D:/university/summer 26/Data Mining/research project/archive\train\Malignant\1685.jpg,Malignant,1
D:/university/summer 26/Data Mining/research project/archive\train\Malignant\3788.jpg,Malignant,1
D:/university/summer 26/Data Mining/research project/archive\train\Benign\2846.jpg,Benign,0
D:/university/summer 26/Data Mining/research project/archive\train\Malignant\2810.jpg,Malignant,1
D:/university/summer 26/Data Mining/research project/archive\train\Benign\6058.jpg,Benign,0
D:/university/summer 26/Data Mining/research project/archive\train\Malignant\3629.jpg,Malignant,1
D:/university/summer 26/Data Mining/research project/archive\train\Benign\5771.jpg,Benign,0
D:/university/summer 26/Data Mining/research project/archive\train\Malignant\3928.jpg,Malignant,1
D:/university/summer 26/Data Mining/research project/archive\train\Malignant\3568.jpg,Malignant,1
D:/university/summer 26/Data Mining/research project/archive\train\Malignant\3605.jpg,Malignant,1
D:/university/summer 26/Data Mining/research project/archive\train\Malignant\3773.jpg,Malignant,1
D:/university/summer 26/Data Mining/research project/archive\train\Benign\5485.jpg,Benign,0
D:/university/summer 26/Data Mining/research project/archive\train\Benign\5904.jpg,Benign,0
D:/university/summer 26/Data Mining/research project/archive\train\Benign\6208.jpg,Benign,0
D:/university/summer 26/Data Mining/research project/archive\train\Malignant\619.jpg,Malignant,1
D:/university/summer 26/Data Mining/research project/archive\train\Malignant\2893.jpg,Malignant,1
D:/university/summer 26/Data Mining/research project/archive\train\Malignant\4230.jpg,Malignant,1
D:/university/summer 26/Data Mining/research project/archive\train\Benign\619.jpg,Benign,0
D:/university/summer 26/Data Mining/research project/archive\train\Malignant\4344.jpg,Malignant,1
D:/university/summer 26/Data Mining/research project/archive\train\Benign\4302.jpg,Benign,0
D:/university/summer 26/Data Mining/research project/archive\train\Malignant\4811.jpg,Malignant,1
D:/university/summer 26/Data Mining/research project/archive\train\Malignant\5210.jpg,Malignant,1
D:/university/summer 26/Data Mining/research project/archive\train\Malignant\2236.jpg,Malignant,1
D:/university/summer 26/Data Mining/research project/archive\train\Malignant\1352.jpg,Malignant,1
D:/university/summer 26/Data Mining/research project/archive\train\Malignant\3332.jpg,Malignant,1
D:/university/summer 26/Data Mining/research project/archive\train\Malignant\377.jpg,Malignant,1
D:/university/summer 26/Data Mining/research project/archive\train\Malignant\3217.jpg,Malignant,1
D:/university/summer 26/Data Mining/research project/archive\train\Benign\5315.jpg,Benign,0
D:/university/summer 26/Data Mining/research project/archive\train\Malignant\2306.jpg,Malignant,1
D:/university/summer 26/Data Mining/research project/archive\train\Malignant\922.jpg,Malignant,1
D:/university/summer 26/Data Mining/research project/archive\train\Malignant\3976.jpg,Malignant,1
D:/university/summer 26/Data Mining/research project/archive\train\Malignant\4199.jpg,Malignant,1
D:/university/summer 26/Data Mining/research project/archive\train\Benign\5684.jpg,Benign,0
D:/university/summer 26/Data Mining/research project/archive\train\Benign\6298.jpg,Benign,0
D:/university/summer 26/Data Mining/research project/archive\train\Benign\5964.jpg,Benign,0
D:/university/summer 26/Data Mining/research project/archive\train\Malignant\3655.jpg,Malignant,1
D:/university/summer 26/Data Mining/research project/archive\train\Malignant\485.jpg,Malignant,1
D:/university/summer 26/Data Mining/research project/archive\train\Malignant\5551.jpg,Malignant,1
D:/university/summer 26/Data Mining/research project/archive\train\Malignant\580.jpg,Malignant,1
D:/university/summer 26/Data Mining/research project/archive\train\Malignant\1047.jpg,Malignant,1
D:/university/summer 26/Data Mining/research project/archive\train\Benign\496.jpg,Benign,0
D:/university/summer 26/Data Mining/research project/archive\train\Benign\709.jpg,Benign,0
D:/university/summer 26/Data Mining/research project/archive\train\Benign\5396.jpg,Benign,0
D:/university/summer 26/Data Mining/research project/archive\train\Benign\3987.jpg,Benign,0
D:/university/summer 26/Data Mining/research project/archive\train\Benign\4164.jpg,Benign,0
D:/university/summer 26/Data Mining/research project/archive\train\Malignant\444.jpg,Malignant,1
D:/university/summer 26/Data Mining/research project/archive\train\Benign\5338.jpg,Benign,0
D:/university/summer 26/Data Mining/research project/archive\train\Malignant\3442.jpg,Malignant,1
D:/university/summer 26/Data Mining/research project/archive\train\Benign\5847.jpg,Benign,0
D:/university/summer 26/Data Mining/research project/archive\train\Malignant\4367.jpg,Malignant,1
D:/university/summer 26/Data Mining/research project/archive\train\Benign\3969.jpg,Benign,0
D:/university/summer 26/Data Mining/research project/archive\train\Malignant\977.jpg,Malignant,1
D:/university/summer 26/Data Mining/research project/archive\train\Malignant\5466.jpg,Malignant,1
D:/university/summer 26/Data Mining/research project/archive\train\Benign\3165.jpg,Benign,0
D:/university/summer 26/Data Mining/research project/archive\train\Malignant\4710.jpg,Malignant,1
D:/university/summer 26/Data Mining/research project/archive\train\Benign\1347.jpg,Benign,0
D:/university/summer 26/Data Mining/research project/archive\train\Malignant\2789.jpg,Malignant,1
D:/university/summer 26/Data Mining/research project/archive\train\Benign\4943.jpg,Benign,0
D:/university/summer 26/Data Mining/research project/archive\train\Malignant\825.jpg,Malignant,1
D:/university/summer 26/Data Mining/research project/archive\train\Benign\195.jpg,Benign,0
D:/university/summer 26/Data Mining/research project/archive\train\Benign\991.jpg,Benign,0
D:/university/summer 26/Data Mining/research project/archive\train\Malignant\945.jpg,Malignant,1
D:/university/summer 26/Data Mining/research project/archive\train\Malignant\4031.jpg,Malignant,1
D:/university/summer 26/Data Mining/research project/archive\train\Malignant\4954.jpg,Malignant,1
D:/university/summer 26/Data Mining/research project/archive\train\Benign\5547.jpg,Benign,0
D:/university/summer 26/Data Mining/research project/archive\train\Benign\5977.jpg,Benign,0
D:/university/summer 26/Data Mining/research project/archive\train\Benign\3593.jpg,Benign,0
D:/university/summer 26/Data Mining/research project/archive\train\Malignant\4524.jpg,Malignant,1
D:/university/summer 26/Data Mining/research project/archive\train\Benign\1919.jpg,Benign,0
D:/university/summer 26/Data Mining/research project/archive\train\Malignant\2692.jpg,Malignant,1
D:/university/summer 26/Data Mining/research project/archive\train\Benign\3653.jpg,Benign,0
D:/university/summer 26/Data Mining/research project/archive\train\Malignant\1048.jpg,Malignant,1
D:/university/summer 26/Data Mining/research project/archive\train\Benign\2148.jpg,Benign,0
D:/university/summer 26/Data Mining/research project/archive\train\Benign\1328.jpg,Benign,0
D:/university/summer 26/Data Mining/research project/archive\train\Benign\5313.jpg,Benign,0
D:/university/summer 26/Data Mining/research project/archive\train\Malignant\2871.jpg,Malignant,1
D:/university/summer 26/Data Mining/research project/archive\train\Benign\508.jpg,Benign,0
D:/university/summer 26/Data Mining/research project/archive\train\Benign\102.jpg,Benign,0
D:/university/summer 26/Data Mining/research project/archive\train\Benign\3403.jpg,Benign,0
D:/university/summer 26/Data Mining/research project/archive\train\Benign\3598.jpg,Benign,0
D:/university/summer 26/Data Mining/research project/archive\train\Benign\4580.jpg,Benign,0
D:/university/summer 26/Data Mining/research project/archive\train\Benign\1934.jpg,Benign,0
D:/university/summer 26/Data Mining/research project/archive\train\Malignant\2537.jpg,Malignant,1
D:/university/summer 26/Data Mining/research project/archive\train\Benign\4699.jpg,Benign,0
D:/university/summer 26/Data Mining/research project/archive\train\Malignant\3109.jpg,Malignant,1
D:/university/summer 26/Data Mining/research project/archive\train\Malignant\294.jpg,Malignant,1
D:/university/summer 26/Data Mining/research project/archive\train\Benign\4449.jpg,Benign,0
D:/university/summer 26/Data Mining/research project/archive\train\Malignant\2378.jpg,Malignant,1
D:/university/summer 26/Data Mining/research project/archive\train\Benign\798.jpg,Benign,0
D:/university/summer 26/Data Mining/research project/archive\train\Malignant\495.jpg,Malignant,1
D:/university/summer 26/Data Mining/research project/archive\train\Benign\1965.jpg,Benign,0
D:/university/summer 26/Data Mining/research project/archive\train\Benign\2612.jpg,Benign,0
D:/university/summer 26/Data Mining/research project/archive\train\Malignant\4896.jpg,Malignant,1
D:/university/summer 26/Data Mining/research project/archive\train\Malignant\2865.jpg,Malignant,1
D:/university/summer 26/Data Mining/research project/archive\train\Benign\5027.jpg,Benign,0
D:/university/summer 26/Data Mining/research project/archive\train\Malignant\403.jpg,Malignant,1
D:/university/summer 26/Data Mining/research project/archive\train\Benign\4810.jpg,Benign,0
D:/university/summer 26/Data Mining/research project/archive\train\Benign\1300.jpg,Benign,0
D:/university/summer 26/Data Mining/research project/archive\train\Benign\1522.jpg,Benign,0
D:/university/summer 26/Data Mining/research project/archive\train\Malignant\390.jpg,Malignant,1
D:/university/summer 26/Data Mining/research project/archive\train\Benign\3935.jpg,Benign,0
D:/university/summer 26/Data Mining/research project/archive\train\Malignant\4816.jpg,Malignant,1
D:/university/summer 26/Data Mining/research project/archive\train\Malignant\1524.jpg,Malignant,1
D:/university/summer 26/Data Mining/research project/archive\train\Malignant\4390.jpg,Malignant,1
D:/university/summer 26/Data Mining/research project/archive\train\Benign\82.jpg,Benign,0
D:/university/summer 26/Data Mining/research project/archive\train\Benign\5610.jpg,Benign,0
D:/university/summer 26/Data Mining/research project/archive\train\Benign\138.jpg,Benign,0
D:/university/summer 26/Data Mining/research project/archive\train\Malignant\5220.jpg,Malignant,1
D:/university/summer 26/Data Mining/research project/archive\train\Benign\5051.jpg,Benign,0
D:/university/summer 26/Data Mining/research project/archive\train\Benign\4230.jpg,Benign,0
D:/university/summer 26/Data Mining/research project/archive\train\Benign\4509.jpg,Benign,0
D:/university/summer 26/Data Mining/research project/archive\train\Malignant\3329.jpg,Malignant,1
D:/university/summer 26/Data Mining/research project/archive\train\Benign\4545.jpg,Benign,0
D:/university/summer 26/Data Mining/research project/archive\train\Benign\647.jpg,Benign,0
D:/university/summer 26/Data Mining/research project/archive\train\Benign\13.jpg,Benign,0
D:/university/summer 26/Data Mining/research project/archive\train\Malignant\1648.jpg,Malignant,1
D:/university/summer 26/Data Mining/research project/archive\train\Benign\2316.jpg,Benign,0
D:/university/summer 26/Data Mining/research project/archive\train\Malignant\575.jpg,Malignant,1
D:/university/summer 26/Data Mining/research project/archive\train\Malignant\2892.jpg,Malignant,1
D:/university/summer 26/Data Mining/research project/archive\train\Malignant\652.jpg,Malignant,1
D:/university/summer 26/Data Mining/research project/archive\train\Benign\2533.jpg,Benign,0
D:/university/summer 26/Data Mining/research project/archive\train\Benign\1523.jpg,Benign,0
D:/university/summer 26/Data Mining/research project/archive\train\Malignant\1564.jpg,Malignant,1
D:/university/summer 26/Data Mining/research project/archive\train\Benign\370.jpg,Benign,0
D:/university/summer 26/Data Mining/research project/archive\train\Malignant\5479.jpg,Malignant,1
D:/university/summer 26/Data Mining/research project/archive\train\Benign\1191.jpg,Benign,0
D:/university/summer 26/Data Mining/research project/archive\train\Benign\2313.jpg,Benign,0
D:/university/summer 26/Data Mining/research project/archive\train\Benign\273.jpg,Benign,0
D:/university/summer 26/Data Mining/research project/archive\train\Malignant\3715.jpg,Malignant,1
D:/university/summer 26/Data Mining/research project/archive\train\Malignant\174.jpg,Malignant,1
D:/university/summer 26/Data Mining/research project/archive\train\Malignant\2997.jpg,Malignant,1
D:/university/summer 26/Data Mining/research project/archive\train\Malignant\2750.jpg,Malignant,1
D:/university/summer 26/Data Mining/research project/archive\train\Benign\1561.jpg,Benign,0
D:/university/summer 26/Data Mining/research project/archive\train\Malignant\2238.jpg,Malignant,1
D:/university/summer 26/Data Mining/research project/archive\train\Malignant\1405.jpg,Malignant,1
D:/university/summer 26/Data Mining/research project/archive\train\Benign\4082.jpg,Benign,0
D:/university/summer 26/Data Mining/research project/archive\train\Benign\5713.jpg,Benign,0
D:/university/summer 26/Data Mining/research project/archive\train\Benign\6193.jpg,Benign,0
D:/university/summer 26/Data Mining/research project/archive\train\Benign\3718.jpg,Benign,0
D:/university/summer 26/Data Mining/research project/archive\train\Malignant\80.jpg,Malignant,1
D:/university/summer 26/Data Mining/research project/archive\train\Malignant\92.jpg,Malignant,1
D:/university/summer 26/Data Mining/research project/archive\train\Malignant\260.jpg,Malignant,1
D:/university/summer 26/Data Mining/research project/archive\train\Malignant\2334.jpg,Malignant,1
D:/university/summer 26/Data Mining/research project/archive\train\Benign\313.jpg,Benign,0
D:/university/summer 26/Data Mining/research project/archive\train\Malignant\882.jpg,Malignant,1
D:/university/summer 26/Data Mining/research project/archive\train\Malignant\5351.jpg,Malignant,1
D:/university/summer 26/Data Mining/research project/archive\train\Benign\4585.jpg,Benign,0
D:/university/summer 26/Data Mining/research project/archive\train\Benign\1337.jpg,Benign,0
D:/university/summer 26/Data Mining/research project/archive\train\Benign\901.jpg,Benign,0
D:/university/summer 26/Data Mining/research project/archive\train\Benign\903.jpg,Benign,0
D:/university/summer 26/Data Mining/research project/archive\train\Benign\6133.jpg,Benign,0
D:/university/summer 26/Data Mining/research project/archive\train\Malignant\961.jpg,Malignant,1
D:/university/summer 26/Data Mining/research project/archive\train\Benign\1445.jpg,Benign,0
D:/university/summer 26/Data Mining/research project/archive\train\Benign\4114.jpg,Benign,0
D:/university/summer 26/Data Mining/research project/archive\train\Malignant\2208.jpg,Malignant,1
D:/university/summer 26/Data Mining/research project/archive\train\Benign\3003.jpg,Benign,0
D:/university/summer 26/Data Mining/research project/archive\train\Benign\4550.jpg,Benign,0
D:/university/summer 26/Data Mining/research project/archive\train\Benign\1053.jpg,Benign,0
D:/university/summer 26/Data Mining/research project/archive\train\Benign\1260.jpg,Benign,0
D:/university/summer 26/Data Mining/research project/archive\train\Malignant\5295.jpg,Malignant,1
D:/university/summer 26/Data Mining/research project/archive\train\Malignant\732.jpg,Malignant,1
D:/university/summer 26/Data Mining/research project/archive\train\Malignant\2730.jpg,Malignant,1
D:/university/summer 26/Data Mining/research project/archive\train\Benign\935.jpg,Benign,0
D:/university/summer 26/Data Mining/research project/archive\train\Malignant\4312.jpg,Malignant,1
D:/university/summer 26/Data Mining/research project/archive\train\Benign\5235.jpg,Benign,0
D:/university/summer 26/Data Mining/research project/archive\train\Malignant\2025.jpg,Malignant,1
D:/university/summer 26/Data Mining/research project/archive\train\Malignant\3493.jpg,Malignant,1
D:/university/summer 26/Data Mining/research project/archive\train\Malignant\103.jpg,Malignant,1
D:/university/summer 26/Data Mining/research project/archive\train\Benign\2543.jpg,Benign,0
D:/university/summer 26/Data Mining/research project/archive\train\Malignant\1861.jpg,Malignant,1
D:/university/summer 26/Data Mining/research project/archive\train\Malignant\3689.jpg,Malignant,1
D:/university/summer 26/Data Mining/research project/archive\train\Benign\1181.jpg,Benign,0
D:/university/summer 26/Data Mining/research project/archive\train\Malignant\1182.jpg,Malignant,1
D:/university/summer 26/Data Mining/research project/archive\train\Benign\2511.jpg,Benign,0
D:/university/summer 26/Data Mining/research project/archive\train\Benign\3651.jpg,Benign,0
D:/university/summer 26/Data Mining/research project/archive\train\Malignant\4325.jpg,Malignant,1
D:/university/summer 26/Data Mining/research project/archive\train\Benign\3173.jpg,Benign,0
D:/university/summer 26/Data Mining/research project/archive\train\Malignant\1412.jpg,Malignant,1
D:/university/summer 26/Data Mining/research project/archive\train\Benign\3654.jpg,Benign,0
D:/university/summer 26/Data Mining/research project/archive\train\Malignant\4823.jpg,Malignant,1
D:/university/summer 26/Data Mining/research project/archive\train\Malignant\3106.jpg,Malignant,1
D:/university/summer 26/Data Mining/research project/archive\train\Benign\3576.jpg,Benign,0
D:/university/summer 26/Data Mining/research project/archive\train\Benign\1632.jpg,Benign,0
D:/university/summer 26/Data Mining/research project/archive\train\Malignant\5545.jpg,Malignant,1
D:/university/summer 26/Data Mining/research project/archive\train\Benign\667.jpg,Benign,0
D:/university/summer 26/Data Mining/research project/archive\train\Benign\1085.jpg,Benign,0
D:/university/summer 26/Data Mining/research project/archive\train\Benign\260.jpg,Benign,0
D:/university/summer 26/Data Mining/research project/archive\train\Benign\3793.jpg,Benign,0
D:/university/summer 26/Data Mining/research project/archive\train\Benign\5872.jpg,Benign,0
D:/university/summer 26/Data Mining/research project/archive\train\Benign\1928.jpg,Benign,0
D:/university/summer 26/Data Mining/research project/archive\train\Malignant\1272.jpg,Malignant,1
D:/university/summer 26/Data Mining/research project/archive\train\Malignant\2074.jpg,Malignant,1
D:/university/summer 26/Data Mining/research project/archive\train\Malignant\5460.jpg,Malignant,1
D:/university/summer 26/Data Mining/research project/archive\train\Benign\852.jpg,Benign,0
D:/university/summer 26/Data Mining/research project/archive\train\Benign\3721.jpg,Benign,0
D:/university/summer 26/Data Mining/research project/archive\train\Benign\4285.jpg,Benign,0
D:/university/summer 26/Data Mining/research project/archive\train\Malignant\721.jpg,Malignant,1
D:/university/summer 26/Data Mining/research project/archive\train\Malignant\5391.jpg,Malignant,1
D:/university/summer 26/Data Mining/research project/archive\train\Malignant\2429.jpg,Malignant,1
D:/university/summer 26/Data Mining/research project/archive\train\Malignant\3284.jpg,Malignant,1
D:/university/summer 26/Data Mining/research project/archive\train\Benign\5588.jpg,Benign,0
D:/university/summer 26/Data Mining/research project/archive\train\Benign\3436.jpg,Benign,0
D:/university/summer 26/Data Mining/research project/archive\train\Malignant\4142.jpg,Malignant,1
D:/university/summer 26/Data Mining/research project/archive\train\Benign\5483.jpg,Benign,0
D:/university/summer 26/Data Mining/research project/archive\train\Benign\2078.jpg,Benign,0
D:/university/summer 26/Data Mining/research project/archive\train\Benign\1160.jpg,Benign,0
D:/university/summer 26/Data Mining/research project/archive\train\Malignant\425.jpg,Malignant,1
D:/university/summer 26/Data Mining/research project/archive\train\Benign\690.jpg,Benign,0
D:/university/summer 26/Data Mining/research project/archive\train\Malignant\3330.jpg,Malignant,1
D:/university/summer 26/Data Mining/research project/archive\train\Benign\4789.jpg,Benign,0
D:/university/summer 26/Data Mining/research project/archive\train\Malignant\1407.jpg,Malignant,1
D:/university/summer 26/Data Mining/research project/archive\train\Malignant\780.jpg,Malignant,1
D:/university/summer 26/Data Mining/research project/archive\train\Malignant\2760.jpg,Malignant,1
D:/university/summer 26/Data Mining/research project/archive\train\Malignant\1609.jpg,Malignant,1
D:/university/summer 26/Data Mining/research project/archive\train\Benign\212.jpg,Benign,0
D:/university/summer 26/Data Mining/research project/archive\train\Benign\5712.jpg,Benign,0
D:/university/summer 26/Data Mining/research project/archive\train\Benign\2045.jpg,Benign,0
D:/university/summer 26/Data Mining/research project/archive\train\Malignant\3009.jpg,Malignant,1
D:/university/summer 26/Data Mining/research project/archive\train\Malignant\2959.jpg,Malignant,1
D:/university/summer 26/Data Mining/research project/archive\train\Benign\3290.jpg,Benign,0
D:/university/summer 26/Data Mining/research project/archive\train\Malignant\1424.jpg,Malignant,1
D:/university/summer 26/Data Mining/research project/archive\train\Malignant\3965.jpg,Malignant,1
D:/university/summer 26/Data Mining/research project/archive\train\Malignant\1370.jpg,Malignant,1
D:/university/summer 26/Data Mining/research project/archive\train\Benign\3925.jpg,Benign,0
D:/university/summer 26/Data Mining/research project/archive\train\Benign\245.jpg,Benign,0
D:/university/summer 26/Data Mining/research project/archive\train\Malignant\5278.jpg,Malignant,1
D:/university/summer 26/Data Mining/research project/archive\train\Benign\5595.jpg,Benign,0
D:/university/summer 26/Data Mining/research project/archive\train\Malignant\14.jpg,Malignant,1
D:/university/summer 26/Data Mining/research project/archive\train\Benign\3578.jpg,Benign,0
D:/university/summer 26/Data Mining/research project/archive\train\Benign\5327.jpg,Benign,0
D:/university/summer 26/Data Mining/research project/archive\train\Benign\2828.jpg,Benign,0
D:/university/summer 26/Data Mining/research project/archive\train\Malignant\3262.jpg,Malignant,1
D:/university/summer 26/Data Mining/research project/archive\train\Benign\4478.jpg,Benign,0
D:/university/summer 26/Data Mining/research project/archive\train\Benign\1870.jpg,Benign,0
D:/university/summer 26/Data Mining/research project/archive\train\Malignant\5249.jpg,Malignant,1
D:/university/summer 26/Data Mining/research project/archive\train\Benign\4456.jpg,Benign,0
D:/university/summer 26/Data Mining/research project/archive\train\Benign\4058.jpg,Benign,0
D:/university/summer 26/Data Mining/research project/archive\train\Malignant\270.jpg,Malignant,1
D:/university/summer 26/Data Mining/research project/archive\train\Benign\5337.jpg,Benign,0
D:/university/summer 26/Data Mining/research project/archive\train\Malignant\3061.jpg,Malignant,1
D:/university/summer 26/Data Mining/research project/archive\train\Benign\2454.jpg,Benign,0
D:/university/summer 26/Data Mining/research project/archive\train\Malignant\1234.jpg,Malignant,1
D:/university/summer 26/Data Mining/research project/archive\train\Benign\1916.jpg,Benign,0
D:/university/summer 26/Data Mining/research project/archive\train\Malignant\1917.jpg,Malignant,1
D:/university/summer 26/Data Mining/research project/archive\train\Benign\2638.jpg,Benign,0
D:/university/summer 26/Data Mining/research project/archive\train\Benign\1396.jpg,Benign,0
D:/university/summer 26/Data Mining/research project/archive\train\Malignant\2983.jpg,Malignant,1
D:/university/summer 26/Data Mining/research project/archive\train\Benign\4778.jpg,Benign,0
D:/university/summer 26/Data Mining/research project/archive\train\Benign\1327.jpg,Benign,0
D:/university/summer 26/Data Mining/research project/archive\train\Malignant\2110.jpg,Malignant,1
D:/university/summer 26/Data Mining/research project/archive\train\Benign\3036.jpg,Benign,0
D:/university/summer 26/Data Mining/research project/archive\train\Benign\3616.jpg,Benign,0
D:/university/summer 26/Data Mining/research project/archive\train\Benign\1316.jpg,Benign,0
D:/university/summer 26/Data Mining/research project/archive\train\Benign\2046.jpg,Benign,0
D:/university/summer 26/Data Mining/research project/archive\train\Benign\2868.jpg,Benign,0
D:/university/summer 26/Data Mining/research project/archive\train\Malignant\429.jpg,Malignant,1
D:/university/summer 26/Data Mining/research project/archive\train\Benign\5131.jpg,Benign,0
D:/university/summer 26/Data Mining/research project/archive\train\Malignant\1799.jpg,Malignant,1
D:/university/summer 26/Data Mining/research project/archive\train\Benign\3581.jpg,Benign,0
D:/university/summer 26/Data Mining/research project/archive\train\Benign\5893.jpg,Benign,0
D:/university/summer 26/Data Mining/research project/archive\train\Malignant\5552.jpg,Malignant,1
D:/university/summer 26/Data Mining/research project/archive\train\Benign\1987.jpg,Benign,0
D:/university/summer 26/Data Mining/research project/archive\train\Benign\1884.jpg,Benign,0
D:/university/summer 26/Data Mining/research project/archive\train\Benign\441.jpg,Benign,0
D:/university/summer 26/Data Mining/research project/archive\train\Benign\2493.jpg,Benign,0
D:/university/summer 26/Data Mining/research project/archive\train\Malignant\4051.jpg,Malignant,1
D:/university/summer 26/Data Mining/research project/archive\train\Benign\2622.jpg,Benign,0
D:/university/summer 26/Data Mining/research project/archive\train\Malignant\4085.jpg,Malignant,1
D:/university/summer 26/Data Mining/research project/archive\train\Benign\5951.jpg,Benign,0
D:/university/summer 26/Data Mining/research project/archive\train\Malignant\2776.jpg,Malignant,1
D:/university/summer 26/Data Mining/research project/archive\train\Malignant\5192.jpg,Malignant,1
D:/university/summer 26/Data Mining/research project/archive\train\Benign\2224.jpg,Benign,0
D:/university/summer 26/Data Mining/research project/archive\train\Malignant\4929.jpg,Malignant,1
D:/university/summer 26/Data Mining/research project/archive\train\Benign\3884.jpg,Benign,0
D:/university/summer 26/Data Mining/research project/archive\train\Malignant\1800.jpg,Malignant,1
D:/university/summer 26/Data Mining/research project/archive\train\Benign\4111.jpg,Benign,0
D:/university/summer 26/Data Mining/research project/archive\train\Benign\1497.jpg,Benign,0
D:/university/summer 26/Data Mining/research project/archive\train\Malignant\1010.jpg,Malignant,1
D:/university/summer 26/Data Mining/research project/archive\train\Benign\3396.jpg,Benign,0
D:/university/summer 26/Data Mining/research project/archive\train\Malignant\3020.jpg,Malignant,1
D:/university/summer 26/Data Mining/research project/archive\train\Benign\2909.jpg,Benign,0
D:/university/summer 26/Data Mining/research project/archive\train\Benign\616.jpg,Benign,0
D:/university/summer 26/Data Mining/research project/archive\train\Malignant\3046.jpg,Malignant,1
D:/university/summer 26/Data Mining/research project/archive\train\Malignant\5469.jpg,Malignant,1
D:/university/summer 26/Data Mining/research project/archive\train\Malignant\4490.jpg,Malignant,1
D:/university/summer 26/Data Mining/research project/archive\train\Benign\6103.jpg,Benign,0
D:/university/summer 26/Data Mining/research project/archive\train\Benign\5841.jpg,Benign,0
D:/university/summer 26/Data Mining/research project/archive\train\Malignant\5338.jpg,Malignant,1
D:/university/summer 26/Data Mining/research project/archive\train\Malignant\5463.jpg,Malignant,1
D:/university/summer 26/Data Mining/research project/archive\train\Benign\4252.jpg,Benign,0
D:/university/summer 26/Data Mining/research project/archive\train\Benign\4272.jpg,Benign,0
D:/university/summer 26/Data Mining/research project/archive\train\Benign\5695.jpg,Benign,0
D:/university/summer 26/Data Mining/research project/archive\train\Benign\1647.jpg,Benign,0
D:/university/summer 26/Data Mining/research project/archive\train\Malignant\551.jpg,Malignant,1
D:/university/summer 26/Data Mining/research project/archive\train\Malignant\1755.jpg,Malignant,1
D:/university/summer 26/Data Mining/research project/archive\train\Malignant\273.jpg,Malignant,1
D:/university/summer 26/Data Mining/research project/archive\train\Malignant\1276.jpg,Malignant,1
D:/university/summer 26/Data Mining/research project/archive\train\Benign\361.jpg,Benign,0
D:/university/summer 26/Data Mining/research project/archive\train\Malignant\2096.jpg,Malignant,1
D:/university/summer 26/Data Mining/research project/archive\train\Benign\5972.jpg,Benign,0
D:/university/summer 26/Data Mining/research project/archive\train\Malignant\4667.jpg,Malignant,1
D:/university/summer 26/Data Mining/research project/archive\train\Benign\2236.jpg,Benign,0
D:/university/summer 26/Data Mining/research project/archive\train\Benign\3857.jpg,Benign,0
D:/university/summer 26/Data Mining/research project/archive\train\Benign\3439.jpg,Benign,0
D:/university/summer 26/Data Mining/research project/archive\train\Malignant\543.jpg,Malignant,1
D:/university/summer 26/Data Mining/research project/archive\train\Malignant\5462.jpg,Malignant,1
D:/university/summer 26/Data Mining/research project/archive\train\Malignant\856.jpg,Malignant,1
D:/university/summer 26/Data Mining/research project/archive\train\Malignant\4928.jpg,Malignant,1
D:/university/summer 26/Data Mining/research project/archive\train\Malignant\2603.jpg,Malignant,1
D:/university/summer 26/Data Mining/research project/archive\train\Benign\2155.jpg,Benign,0
D:/university/summer 26/Data Mining/research project/archive\train\Benign\5222.jpg,Benign,0
D:/university/summer 26/Data Mining/research project/archive\train\Malignant\2586.jpg,Malignant,1
D:/university/summer 26/Data Mining/research project/archive\train\Benign\5561.jpg,Benign,0
D:/university/summer 26/Data Mining/research project/archive\train\Benign\2337.jpg,Benign,0
D:/university/summer 26/Data Mining/research project/archive\train\Benign\5692.jpg,Benign,0
D:/university/summer 26/Data Mining/research project/archive\train\Malignant\3530.jpg,Malignant,1
D:/university/summer 26/Data Mining/research project/archive\train\Malignant\426.jpg,Malignant,1
D:/university/summer 26/Data Mining/research project/archive\train\Benign\1072.jpg,Benign,0
D:/university/summer 26/Data Mining/research project/archive\train\Benign\5753.jpg,Benign,0
D:/university/summer 26/Data Mining/research project/archive\train\Malignant\1078.jpg,Malignant,1
D:/university/summer 26/Data Mining/research project/archive\train\Malignant\3202.jpg,Malignant,1
D:/university/summer 26/Data Mining/research project/archive\train\Benign\1785.jpg,Benign,0
D:/university/summer 26/Data Mining/research project/archive\train\Benign\2747.jpg,Benign,0
D:/university/summer 26/Data Mining/research project/archive\train\Malignant\2643.jpg,Malignant,1
D:/university/summer 26/Data Mining/research project/archive\train\Malignant\833.jpg,Malignant,1
D:/university/summer 26/Data Mining/research project/archive\train\Malignant\2568.jpg,Malignant,1
D:/university/summer 26/Data Mining/research project/archive\train\Malignant\2135.jpg,Malignant,1
D:/university/summer 26/Data Mining/research project/archive\train\Malignant\64.jpg,Malignant,1
D:/university/summer 26/Data Mining/research project/archive\train\Malignant\2313.jpg,Malignant,1
D:/university/summer 26/Data Mining/research project/archive\train\Benign\151.jpg,Benign,0
D:/university/summer 26/Data Mining/research project/archive\train\Benign\4965.jpg,Benign,0
D:/university/summer 26/Data Mining/research project/archive\train\Malignant\878.jpg,Malignant,1
D:/university/summer 26/Data Mining/research project/archive\train\Benign\5041.jpg,Benign,0
D:/university/summer 26/Data Mining/research project/archive\train\Benign\4233.jpg,Benign,0
D:/university/summer 26/Data Mining/research project/archive\train\Benign\5882.jpg,Benign,0
D:/university/summer 26/Data Mining/research project/archive\train\Malignant\2011.jpg,Malignant,1
D:/university/summer 26/Data Mining/research project/archive\train\Malignant\3118.jpg,Malignant,1
D:/university/summer 26/Data Mining/research project/archive\train\Benign\5432.jpg,Benign,0
D:/university/summer 26/Data Mining/research project/archive\train\Benign\4216.jpg,Benign,0
D:/university/summer 26/Data Mining/research project/archive\train\Benign\1166.jpg,Benign,0
D:/university/summer 26/Data Mining/research project/archive\train\Malignant\1304.jpg,Malignant,1
D:/university/summer 26/Data Mining/research project/archive\train\Benign\3076.jpg,Benign,0
D:/university/summer 26/Data Mining/research project/archive\train\Benign\90.jpg,Benign,0
D:/university/summer 26/Data Mining/research project/archive\train\Benign\1513.jpg,Benign,0
D:/university/summer 26/Data Mining/research project/archive\train\Benign\5493.jpg,Benign,0
D:/university/summer 26/Data Mining/research project/archive\train\Benign\3848.jpg,Benign,0
D:/university/summer 26/Data Mining/research project/archive\train\Malignant\1083.jpg,Malignant,1
D:/university/summer 26/Data Mining/research project/archive\train\Benign\4892.jpg,Benign,0
D:/university/summer 26/Data Mining/research project/archive\train\Malignant\2093.jpg,Malignant,1
D:/university/summer 26/Data Mining/research project/archive\train\Malignant\4697.jpg,Malignant,1
D:/university/summer 26/Data Mining/research project/archive\train\Benign\4453.jpg,Benign,0
D:/university/summer 26/Data Mining/research project/archive\train\Benign\5772.jpg,Benign,0
D:/university/summer 26/Data Mining/research project/archive\train\Malignant\2838.jpg,Malignant,1
D:/university/summer 26/Data Mining/research project/archive\train\Benign\2345.jpg,Benign,0
D:/university/summer 26/Data Mining/research project/archive\train\Malignant\864.jpg,Malignant,1
D:/university/summer 26/Data Mining/research project/archive\train\Malignant\3310.jpg,Malignant,1
D:/university/summer 26/Data Mining/research project/archive\train\Benign\711.jpg,Benign,0
D:/university/summer 26/Data Mining/research project/archive\train\Benign\3388.jpg,Benign,0
D:/university/summer 26/Data Mining/research project/archive\train\Malignant\554.jpg,Malignant,1
D:/university/summer 26/Data Mining/research project/archive\train\Benign\3298.jpg,Benign,0
D:/university/summer 26/Data Mining/research project/archive\train\Malignant\4387.jpg,Malignant,1
D:/university/summer 26/Data Mining/research project/archive\train\Benign\3681.jpg,Benign,0
D:/university/summer 26/Data Mining/research project/archive\train\Malignant\3948.jpg,Malignant,1
D:/university/summer 26/Data Mining/research project/archive\train\Benign\3019.jpg,Benign,0
D:/university/summer 26/Data Mining/research project/archive\train\Benign\3170.jpg,Benign,0
D:/university/summer 26/Data Mining/research project/archive\train\Benign\1074.jpg,Benign,0
D:/university/summer 26/Data Mining/research project/archive\train\Benign\950.jpg,Benign,0
D:/university/summer 26/Data Mining/research project/archive\train\Malignant\739.jpg,Malignant,1
D:/university/summer 26/Data Mining/research project/archive\train\Malignant\385.jpg,Malignant,1
D:/university/summer 26/Data Mining/research project/archive\train\Benign\5476.jpg,Benign,0
D:/university/summer 26/Data Mining/research project/archive\train\Malignant\3958.jpg,Malignant,1
D:/university/summer 26/Data Mining/research project/archive\train\Benign\5634.jpg,Benign,0
D:/university/summer 26/Data Mining/research project/archive\train\Malignant\2137.jpg,Malignant,1
D:/university/summer 26/Data Mining/research project/archive\train\Malignant\5367.jpg,Malignant,1
D:/university/summer 26/Data Mining/research project/archive\train\Malignant\2422.jpg,Malignant,1
D:/university/summer 26/Data Mining/research project/archive\train\Benign\1975.jpg,Benign,0
D:/university/summer 26/Data Mining/research project/archive\train\Benign\1415.jpg,Benign,0
D:/university/summer 26/Data Mining/research project/archive\train\Benign\169.jpg,Benign,0
D:/university/summer 26/Data Mining/research project/archive\train\Malignant\637.jpg,Malignant,1
D:/university/summer 26/Data Mining/research project/archive\train\Benign\43.jpg,Benign,0
D:/university/summer 26/Data Mining/research project/archive\train\Benign\2930.jpg,Benign,0
D:/university/summer 26/Data Mining/research project/archive\train\Malignant\5241.jpg,Malignant,1
D:/university/summer 26/Data Mining/research project/archive\train\Benign\4707.jpg,Benign,0
D:/university/summer 26/Data Mining/research project/archive\train\Malignant\48.jpg,Malignant,1
D:/university/summer 26/Data Mining/research project/archive\train\Benign\678.jpg,Benign,0
D:/university/summer 26/Data Mining/research project/archive\train\Malignant\5217.jpg,Malignant,1
D:/university/summer 26/Data Mining/research project/archive\train\Malignant\4969.jpg,Malignant,1
D:/university/summer 26/Data Mining/research project/archive\train\Malignant\3358.jpg,Malignant,1
D:/university/summer 26/Data Mining/research project/archive\train\Malignant\3426.jpg,Malignant,1
D:/university/summer 26/Data Mining/research project/archive\train\Malignant\3717.jpg,Malignant,1
D:/university/summer 26/Data Mining/research project/archive\train\Benign\494.jpg,Benign,0
D:/university/summer 26/Data Mining/research project/archive\train\Benign\3804.jpg,Benign,0
D:/university/summer 26/Data Mining/research project/archive\train\Benign\3774.jpg,Benign,0
D:/university/summer 26/Data Mining/research project/archive\train\Malignant\1944.jpg,Malignant,1
D:/university/summer 26/Data Mining/research project/archive\train\Benign\576.jpg,Benign,0
D:/university/summer 26/Data Mining/research project/archive\train\Malignant\4449.jpg,Malignant,1
D:/university/summer 26/Data Mining/research project/archive\train\Benign\182.jpg,Benign,0
D:/university/summer 26/Data Mining/research project/archive\train\Benign\4029.jpg,Benign,0
D:/university/summer 26/Data Mining/research project/archive\train\Benign\4490.jpg,Benign,0
D:/university/summer 26/Data Mining/research project/archive\train\Malignant\472.jpg,Malignant,1
D:/university/summer 26/Data Mining/research project/archive\train\Benign\4380.jpg,Benign,0
D:/university/summer 26/Data Mining/research project/archive\train\Malignant\1620.jpg,Malignant,1
D:/university/summer 26/Data Mining/research project/archive\train\Malignant\5180.jpg,Malignant,1
D:/university/summer 26/Data Mining/research project/archive\train\Malignant\3507.jpg,Malignant,1
D:/university/summer 26/Data Mining/research project/archive\train\Benign\355.jpg,Benign,0
D:/university/summer 26/Data Mining/research project/archive\train\Malignant\3301.jpg,Malignant,1
D:/university/summer 26/Data Mining/research project/archive\train\Benign\4431.jpg,Benign,0
D:/university/summer 26/Data Mining/research project/archive\train\Benign\2625.jpg,Benign,0
D:/university/summer 26/Data Mining/research project/archive\train\Malignant\1447.jpg,Malignant,1
D:/university/summer 26/Data Mining/research project/archive\train\Benign\4074.jpg,Benign,0
D:/university/summer 26/Data Mining/research project/archive\train\Benign\1017.jpg,Benign,0
D:/university/summer 26/Data Mining/research project/archive\train\Malignant\613.jpg,Malignant,1
D:/university/summer 26/Data Mining/research project/archive\train\Malignant\3171.jpg,Malignant,1
D:/university/summer 26/Data Mining/research project/archive\train\Malignant\4003.jpg,Malignant,1
D:/university/summer 26/Data Mining/research project/archive\train\Benign\564.jpg,Benign,0
D:/university/summer 26/Data Mining/research project/archive\train\Benign\5189.jpg,Benign,0
D:/university/summer 26/Data Mining/research project/archive\train\Benign\3338.jpg,Benign,0
D:/university/summer 26/Data Mining/research project/archive\train\Benign\3683.jpg,Benign,0
D:/university/summer 26/Data Mining/research project/archive\train\Malignant\5309.jpg,Malignant,1
D:/university/summer 26/Data Mining/research project/archive\train\Benign\4536.jpg,Benign,0
D:/university/summer 26/Data Mining/research project/archive\train\Benign\2214.jpg,Benign,0
D:/university/summer 26/Data Mining/research project/archive\train\Malignant\318.jpg,Malignant,1
D:/university/summer 26/Data Mining/research project/archive\train\Malignant\1777.jpg,Malignant,1
D:/university/summer 26/Data Mining/research project/archive\train\Malignant\1444.jpg,Malignant,1
D:/university/summer 26/Data Mining/research project/archive\train\Malignant\1274.jpg,Malignant,1
D:/university/summer 26/Data Mining/research project/archive\train\Malignant\4183.jpg,Malignant,1
D:/university/summer 26/Data Mining/research project/archive\train\Benign\3229.jpg,Benign,0
D:/university/summer 26/Data Mining/research project/archive\train\Malignant\2887.jpg,Malignant,1
D:/university/summer 26/Data Mining/research project/archive\train\Malignant\281.jpg,Malignant,1
D:/university/summer 26/Data Mining/research project/archive\train\Benign\2241.jpg,Benign,0
D:/university/summer 26/Data Mining/research project/archive\train\Benign\1342.jpg,Benign,0
D:/university/summer 26/Data Mining/research project/archive\train\Malignant\3905.jpg,Malignant,1
D:/university/summer 26/Data Mining/research project/archive\train\Benign\5986.jpg,Benign,0
D:/university/summer 26/Data Mining/research project/archive\train\Malignant\2181.jpg,Malignant,1
D:/university/summer 26/Data Mining/research project/archive\train\Malignant\1727.jpg,Malignant,1
D:/university/summer 26/Data Mining/research project/archive\train\Benign\1719.jpg,Benign,0
D:/university/summer 26/Data Mining/research project/archive\train\Malignant\395.jpg,Malignant,1
D:/university/summer 26/Data Mining/research project/archive\train\Benign\4324.jpg,Benign,0
D:/university/summer 26/Data Mining/research project/archive\train\Malignant\4656.jpg,Malignant,1
D:/university/summer 26/Data Mining/research project/archive\train\Benign\2447.jpg,Benign,0
D:/university/summer 26/Data Mining/research project/archive\train\Benign\5782.jpg,Benign,0
D:/university/summer 26/Data Mining/research project/archive\train\Malignant\4410.jpg,Malignant,1
D:/university/summer 26/Data Mining/research project/archive\train\Benign\2807.jpg,Benign,0
D:/university/summer 26/Data Mining/research project/archive\train\Benign\1284.jpg,Benign,0
D:/university/summer 26/Data Mining/research project/archive\train\Benign\5502.jpg,Benign,0
D:/university/summer 26/Data Mining/research project/archive\train\Malignant\5583.jpg,Malignant,1
D:/university/summer 26/Data Mining/research project/archive\train\Malignant\435.jpg,Malignant,1
D:/university/summer 26/Data Mining/research project/archive\train\Malignant\892.jpg,Malignant,1
D:/university/summer 26/Data Mining/research project/archive\train\Malignant\3263.jpg,Malignant,1
D:/university/summer 26/Data Mining/research project/archive\train\Benign\5241.jpg,Benign,0
D:/university/summer 26/Data Mining/research project/archive\train\Benign\3228.jpg,Benign,0
D:/university/summer 26/Data Mining/research project/archive\train\Benign\1297.jpg,Benign,0
D:/university/summer 26/Data Mining/research project/archive\train\Benign\5300.jpg,Benign,0
D:/university/summer 26/Data Mining/research project/archive\train\Benign\1708.jpg,Benign,0
D:/university/summer 26/Data Mining/research project/archive\train\Malignant\1677.jpg,Malignant,1
D:/university/summer 26/Data Mining/research project/archive\train\Malignant\3163.jpg,Malignant,1
D:/university/summer 26/Data Mining/research project/archive\train\Malignant\2982.jpg,Malignant,1
D:/university/summer 26/Data Mining/research project/archive\train\Benign\3174.jpg,Benign,0
D:/university/summer 26/Data Mining/research project/archive\train\Benign\2816.jpg,Benign,0
D:/university/summer 26/Data Mining/research project/archive\train\Benign\2596.jpg,Benign,0
D:/university/summer 26/Data Mining/research project/archive\train\Benign\1661.jpg,Benign,0
D:/university/summer 26/Data Mining/research project/archive\train\Benign\5002.jpg,Benign,0
D:/university/summer 26/Data Mining/research project/archive\train\Benign\1075.jpg,Benign,0
D:/university/summer 26/Data Mining/research project/archive\train\Malignant\4563.jpg,Malignant,1
D:/university/summer 26/Data Mining/research project/archive\train\Malignant\616.jpg,Malignant,1
D:/university/summer 26/Data Mining/research project/archive\train\Malignant\2569.jpg,Malignant,1
D:/university/summer 26/Data Mining/research project/archive\train\Benign\1512.jpg,Benign,0
D:/university/summer 26/Data Mining/research project/archive\train\Malignant\5134.jpg,Malignant,1
D:/university/summer 26/Data Mining/research project/archive\train\Malignant\3645.jpg,Malignant,1
D:/university/summer 26/Data Mining/research project/archive\train\Benign\5525.jpg,Benign,0
D:/university/summer 26/Data Mining/research project/archive\train\Malignant\4783.jpg,Malignant,1
D:/university/summer 26/Data Mining/research project/archive\train\Malignant\3053.jpg,Malignant,1
D:/university/summer 26/Data Mining/research project/archive\train\Malignant\4973.jpg,Malignant,1
D:/university/summer 26/Data Mining/research project/archive\train\Benign\2462.jpg,Benign,0
D:/university/summer 26/Data Mining/research project/archive\train\Malignant\1655.jpg,Malignant,1
D:/university/summer 26/Data Mining/research project/archive\train\Malignant\408.jpg,Malignant,1
D:/university/summer 26/Data Mining/research project/archive\train\Malignant\2240.jpg,Malignant,1
D:/university/summer 26/Data Mining/research project/archive\train\Malignant\982.jpg,Malignant,1
D:/university/summer 26/Data Mining/research project/archive\train\Malignant\2461.jpg,Malignant,1
D:/university/summer 26/Data Mining/research project/archive\train\Benign\498.jpg,Benign,0
D:/university/summer 26/Data Mining/research project/archive\train\Benign\1982.jpg,Benign,0
D:/university/summer 26/Data Mining/research project/archive\train\Malignant\698.jpg,Malignant,1
D:/university/summer 26/Data Mining/research project/archive\train\Benign\3169.jpg,Benign,0
D:/university/summer 26/Data Mining/research project/archive\train\Benign\2966.jpg,Benign,0
D:/university/summer 26/Data Mining/research project/archive\train\Benign\3877.jpg,Benign,0
D:/university/summer 26/Data Mining/research project/archive\train\Malignant\2736.jpg,Malignant,1
D:/university/summer 26/Data Mining/research project/archive\train\Malignant\4650.jpg,Malignant,1
D:/university/summer 26/Data Mining/research project/archive\train\Malignant\804.jpg,Malignant,1
D:/university/summer 26/Data Mining/research project/archive\train\Malignant\2139.jpg,Malignant,1
D:/university/summer 26/Data Mining/research project/archive\train\Benign\1104.jpg,Benign,0
D:/university/summer 26/Data Mining/research project/archive\train\Benign\2340.jpg,Benign,0
D:/university/summer 26/Data Mining/research project/archive\train\Benign\5839.jpg,Benign,0
D:/university/summer 26/Data Mining/research project/archive\train\Benign\6242.jpg,Benign,0
D:/university/summer 26/Data Mining/research project/archive\train\Benign\4867.jpg,Benign,0
D:/university/summer 26/Data Mining/research project/archive\train\Benign\2383.jpg,Benign,0
D:/university/summer 26/Data Mining/research project/archive\train\Benign\348.jpg,Benign,0
D:/university/summer 26/Data Mining/research project/archive\train\Malignant\2264.jpg,Malignant,1
D:/university/summer 26/Data Mining/research project/archive\train\Benign\1394.jpg,Benign,0
D:/university/summer 26/Data Mining/research project/archive\train\Malignant\2018.jpg,Malignant,1
D:/university/summer 26/Data Mining/research project/archive\train\Benign\3780.jpg,Benign,0
D:/university/summer 26/Data Mining/research project/archive\train\Benign\6220.jpg,Benign,0
D:/university/summer 26/Data Mining/research project/archive\train\Malignant\133.jpg,Malignant,1
D:/university/summer 26/Data Mining/research project/archive\train\Benign\597.jpg,Benign,0
D:/university/summer 26/Data Mining/research project/archive\train\Benign\5940.jpg,Benign,0
D:/university/summer 26/Data Mining/research project/archive\train\Benign\1668.jpg,Benign,0
D:/university/summer 26/Data Mining/research project/archive\train\Benign\1566.jpg,Benign,0
D:/university/summer 26/Data Mining/research project/archive\train\Benign\886.jpg,Benign,0
D:/university/summer 26/Data Mining/research project/archive\train\Benign\2072.jpg,Benign,0
D:/university/summer 26/Data Mining/research project/archive\train\Benign\1245.jpg,Benign,0
D:/university/summer 26/Data Mining/research project/archive\train\Malignant\4802.jpg,Malignant,1
D:/university/summer 26/Data Mining/research project/archive\train\Benign\6273.jpg,Benign,0
D:/university/summer 26/Data Mining/research project/archive\train\Malignant\5520.jpg,Malignant,1
D:/university/summer 26/Data Mining/research project/archive\train\Benign\149.jpg,Benign,0
D:/university/summer 26/Data Mining/research project/archive\train\Benign\1373.jpg,Benign,0
D:/university/summer 26/Data Mining/research project/archive\train\Malignant\3365.jpg,Malignant,1
D:/university/summer 26/Data Mining/research project/archive\train\Malignant\3012.jpg,Malignant,1
D:/university/summer 26/Data Mining/research project/archive\train\Malignant\1168.jpg,Malignant,1
D:/university/summer 26/Data Mining/research project/archive\train\Benign\3870.jpg,Benign,0
D:/university/summer 26/Data Mining/research project/archive\train\Benign\1377.jpg,Benign,0
D:/university/summer 26/Data Mining/research project/archive\train\Malignant\4357.jpg,Malignant,1
D:/university/summer 26/Data Mining/research project/archive\train\Benign\3865.jpg,Benign,0
D:/university/summer 26/Data Mining/research project/archive\train\Benign\2956.jpg,Benign,0
D:/university/summer 26/Data Mining/research project/archive\train\Malignant\1889.jpg,Malignant,1
D:/university/summer 26/Data Mining/research project/archive\train\Malignant\2284.jpg,Malignant,1
D:/university/summer 26/Data Mining/research project/archive\train\Benign\4303.jpg,Benign,0
D:/university/summer 26/Data Mining/research project/archive\train\Benign\5183.jpg,Benign,0
D:/university/summer 26/Data Mining/research project/archive\train\Benign\4993.jpg,Benign,0
D:/university/summer 26/Data Mining/research project/archive\train\Malignant\1486.jpg,Malignant,1
D:/university/summer 26/Data Mining/research project/archive\train\Malignant\884.jpg,Malignant,1
D:/university/summer 26/Data Mining/research project/archive\train\Benign\4940.jpg,Benign,0
D:/university/summer 26/Data Mining/research project/archive\train\Benign\65.jpg,Benign,0
D:/university/summer 26/Data Mining/research project/archive\train\Malignant\846.jpg,Malignant,1
D:/university/summer 26/Data Mining/research project/archive\train\Benign\4832.jpg,Benign,0
D:/university/summer 26/Data Mining/research project/archive\train\Malignant\169.jpg,Malignant,1
D:/university/summer 26/Data Mining/research project/archive\train\Malignant\1900.jpg,Malignant,1
D:/university/summer 26/Data Mining/research project/archive\train\Benign\3639.jpg,Benign,0
D:/university/summer 26/Data Mining/research project/archive\train\Malignant\3949.jpg,Malignant,1
D:/university/summer 26/Data Mining/research project/archive\train\Benign\5946.jpg,Benign,0
D:/university/summer 26/Data Mining/research project/archive\train\Malignant\2833.jpg,Malignant,1
D:/university/summer 26/Data Mining/research project/archive\train\Malignant\2528.jpg,Malignant,1
D:/university/summer 26/Data Mining/research project/archive\train\Benign\5482.jpg,Benign,0
D:/university/summer 26/Data Mining/research project/archive\train\Benign\4356.jpg,Benign,0
D:/university/summer 26/Data Mining/research project/archive\train\Malignant\3126.jpg,Malignant,1
D:/university/summer 26/Data Mining/research project/archive\train\Benign\3962.jpg,Benign,0
D:/university/summer 26/Data Mining/research project/archive\train\Benign\5015.jpg,Benign,0
D:/university/summer 26/Data Mining/research project/archive\train\Benign\2763.jpg,Benign,0
D:/university/summer 26/Data Mining/research project/archive\train\Benign\153.jpg,Benign,0
D:/university/summer 26/Data Mining/research project/archive\train\Benign\2498.jpg,Benign,0
D:/university/summer 26/Data Mining/research project/archive\train\Benign\2338.jpg,Benign,0
D:/university/summer 26/Data Mining/research project/archive\train\Malignant\1930.jpg,Malignant,1
D:/university/summer 26/Data Mining/research project/archive\train\Malignant\1031.jpg,Malignant,1
D:/university/summer 26/Data Mining/research project/archive\train\Benign\5991.jpg,Benign,0
D:/university/summer 26/Data Mining/research project/archive\train\Malignant\638.jpg,Malignant,1
D:/university/summer 26/Data Mining/research project/archive\train\Benign\6256.jpg,Benign,0
D:/university/summer 26/Data Mining/research project/archive\train\Malignant\3639.jpg,Malignant,1
D:/university/summer 26/Data Mining/research project/archive\train\Malignant\4654.jpg,Malignant,1
D:/university/summer 26/Data Mining/research project/archive\train\Malignant\5508.jpg,Malignant,1
D:/university/summer 26/Data Mining/research project/archive\train\Malignant\155.jpg,Malignant,1
D:/university/summer 26/Data Mining/research project/archive\train\Benign\1641.jpg,Benign,0
D:/university/summer 26/Data Mining/research project/archive\train\Benign\4239.jpg,Benign,0
D:/university/summer 26/Data Mining/research project/archive\train\Malignant\183.jpg,Malignant,1
D:/university/summer 26/Data Mining/research project/archive\train\Malignant\4506.jpg,Malignant,1
D:/university/summer 26/Data Mining/research project/archive\train\Malignant\2888.jpg,Malignant,1
D:/university/summer 26/Data Mining/research project/archive\train\Malignant\5003.jpg,Malignant,1
D:/university/summer 26/Data Mining/research project/archive\train\Malignant\3150.jpg,Malignant,1
D:/university/summer 26/Data Mining/research project/archive\train\Malignant\4644.jpg,Malignant,1
D:/university/summer 26/Data Mining/research project/archive\train\Benign\3452.jpg,Benign,0
D:/university/summer 26/Data Mining/research project/archive\train\Malignant\3518.jpg,Malignant,1
D:/university/summer 26/Data Mining/research project/archive\train\Benign\2672.jpg,Benign,0
D:/university/summer 26/Data Mining/research project/archive\train\Malignant\4138.jpg,Malignant,1
D:/university/summer 26/Data Mining/research project/archive\train\Malignant\489.jpg,Malignant,1
D:/university/summer 26/Data Mining/research project/archive\train\Benign\1601.jpg,Benign,0
D:/university/summer 26/Data Mining/research project/archive\train\Malignant\2217.jpg,Malignant,1
D:/university/summer 26/Data Mining/research project/archive\train\Benign\4388.jpg,Benign,0
D:/university/summer 26/Data Mining/research project/archive\train\Benign\507.jpg,Benign,0
D:/university/summer 26/Data Mining/research project/archive\train\Benign\1569.jpg,Benign,0
D:/university/summer 26/Data Mining/research project/archive\train\Benign\4262.jpg,Benign,0
D:/university/summer 26/Data Mining/research project/archive\train\Malignant\4671.jpg,Malignant,1
D:/university/summer 26/Data Mining/research project/archive\train\Benign\5781.jpg,Benign,0
D:/university/summer 26/Data Mining/research project/archive\train\Benign\3088.jpg,Benign,0
D:/university/summer 26/Data Mining/research project/archive\train\Malignant\2459.jpg,Malignant,1
D:/university/summer 26/Data Mining/research project/archive\train\Benign\5382.jpg,Benign,0
D:/university/summer 26/Data Mining/research project/archive\train\Malignant\4243.jpg,Malignant,1
D:/university/summer 26/Data Mining/research project/archive\train\Benign\4086.jpg,Benign,0
D:/university/summer 26/Data Mining/research project/archive\train\Malignant\401.jpg,Malignant,1
D:/university/summer 26/Data Mining/research project/archive\train\Malignant\851.jpg,Malignant,1
D:/university/summer 26/Data Mining/research project/archive\train\Malignant\1338.jpg,Malignant,1
D:/university/summer 26/Data Mining/research project/archive\train\Malignant\1819.jpg,Malignant,1
D:/university/summer 26/Data Mining/research project/archive\train\Malignant\1409.jpg,Malignant,1
D:/university/summer 26/Data Mining/research project/archive\train\Malignant\1032.jpg,Malignant,1
D:/university/summer 26/Data Mining/research project/archive\train\Malignant\3292.jpg,Malignant,1
D:/university/summer 26/Data Mining/research project/archive\train\Malignant\375.jpg,Malignant,1
D:/university/summer 26/Data Mining/research project/archive\train\Benign\1173.jpg,Benign,0
D:/university/summer 26/Data Mining/research project/archive\train\Malignant\3486.jpg,Malignant,1
D:/university/summer 26/Data Mining/research project/archive\train\Benign\2518.jpg,Benign,0
D:/university/summer 26/Data Mining/research project/archive\train\Malignant\865.jpg,Malignant,1
D:/university/summer 26/Data Mining/research project/archive\train\Benign\4500.jpg,Benign,0
D:/university/summer 26/Data Mining/research project/archive\train\Benign\2756.jpg,Benign,0
D:/university/summer 26/Data Mining/research project/archive\train\Malignant\57.jpg,Malignant,1
D:/university/summer 26/Data Mining/research project/archive\train\Benign\3428.jpg,Benign,0
D:/university/summer 26/Data Mining/research project/archive\train\Benign\4661.jpg,Benign,0
D:/university/summer 26/Data Mining/research project/archive\train\Benign\6202.jpg,Benign,0
D:/university/summer 26/Data Mining/research project/archive\train\Malignant\1877.jpg,Malignant,1
D:/university/summer 26/Data Mining/research project/archive\train\Benign\2734.jpg,Benign,0
D:/university/summer 26/Data Mining/research project/archive\train\Benign\5223.jpg,Benign,0
D:/university/summer 26/Data Mining/research project/archive\train\Malignant\5410.jpg,Malignant,1
D:/university/summer 26/Data Mining/research project/archive\train\Malignant\5446.jpg,Malignant,1
D:/university/summer 26/Data Mining/research project/archive\train\Malignant\3775.jpg,Malignant,1
D:/university/summer 26/Data Mining/research project/archive\train\Malignant\364.jpg,Malignant,1
D:/university/summer 26/Data Mining/research project/archive\train\Benign\3329.jpg,Benign,0
D:/university/summer 26/Data Mining/research project/archive\train\Benign\3623.jpg,Benign,0
D:/university/summer 26/Data Mining/research project/archive\train\Malignant\1605.jpg,Malignant,1
D:/university/summer 26/Data Mining/research project/archive\train\Benign\705.jpg,Benign,0
D:/university/summer 26/Data Mining/research project/archive\train\Benign\1880.jpg,Benign,0
D:/university/summer 26/Data Mining/research project/archive\train\Benign\1399.jpg,Benign,0
D:/university/summer 26/Data Mining/research project/archive\train\Benign\363.jpg,Benign,0
D:/university/summer 26/Data Mining/research project/archive\train\Benign\900.jpg,Benign,0
D:/university/summer 26/Data Mining/research project/archive\train\Benign\5214.jpg,Benign,0
D:/university/summer 26/Data Mining/research project/archive\train\Malignant\4721.jpg,Malignant,1
D:/university/summer 26/Data Mining/research project/archive\train\Malignant\2652.jpg,Malignant,1
D:/university/summer 26/Data Mining/research project/archive\train\Benign\1747.jpg,Benign,0
D:/university/summer 26/Data Mining/research project/archive\train\Malignant\1026.jpg,Malignant,1
D:/university/summer 26/Data Mining/research project/archive\train\Malignant\3172.jpg,Malignant,1
D:/university/summer 26/Data Mining/research project/archive\train\Benign\5895.jpg,Benign,0
D:/university/summer 26/Data Mining/research project/archive\train\Benign\5648.jpg,Benign,0
D:/university/summer 26/Data Mining/research project/archive\train\Benign\666.jpg,Benign,0
D:/university/summer 26/Data Mining/research project/archive\train\Malignant\2364.jpg,Malignant,1
D:/university/summer 26/Data Mining/research project/archive\train\Benign\1435.jpg,Benign,0
D:/university/summer 26/Data Mining/research project/archive\train\Benign\4173.jpg,Benign,0
D:/university/summer 26/Data Mining/research project/archive\train\Malignant\4004.jpg,Malignant,1
D:/university/summer 26/Data Mining/research project/archive\train\Malignant\3261.jpg,Malignant,1
D:/university/summer 26/Data Mining/research project/archive\train\Benign\5760.jpg,Benign,0
D:/university/summer 26/Data Mining/research project/archive\train\Malignant\4887.jpg,Malignant,1
D:/university/summer 26/Data Mining/research project/archive\train\Benign\6264.jpg,Benign,0
D:/university/summer 26/Data Mining/research project/archive\train\Malignant\5005.jpg,Malignant,1
D:/university/summer 26/Data Mining/research project/archive\train\Malignant\3856.jpg,Malignant,1
D:/university/summer 26/Data Mining/research project/archive\train\Benign\4525.jpg,Benign,0
D:/university/summer 26/Data Mining/research project/archive\train\Malignant\1996.jpg,Malignant,1
D:/university/summer 26/Data Mining/research project/archive\train\Malignant\3934.jpg,Malignant,1
D:/university/summer 26/Data Mining/research project/archive\train\Malignant\4347.jpg,Malignant,1
D:/university/summer 26/Data Mining/research project/archive\train\Benign\765.jpg,Benign,0
D:/university/summer 26/Data Mining/research project/archive\train\Benign\1672.jpg,Benign,0
D:/university/summer 26/Data Mining/research project/archive\train\Benign\372.jpg,Benign,0
D:/university/summer 26/Data Mining/research project/archive\train\Benign\5938.jpg,Benign,0
D:/university/summer 26/Data Mining/research project/archive\train\Malignant\3543.jpg,Malignant,1
D:/university/summer 26/Data Mining/research project/archive\train\Benign\1246.jpg,Benign,0
D:/university/summer 26/Data Mining/research project/archive\train\Benign\2149.jpg,Benign,0
D:/university/summer 26/Data Mining/research project/archive\train\Malignant\850.jpg,Malignant,1
D:/university/summer 26/Data Mining/research project/archive\train\Malignant\1643.jpg,Malignant,1
D:/university/summer 26/Data Mining/research project/archive\train\Malignant\1163.jpg,Malignant,1
D:/university/summer 26/Data Mining/research project/archive\train\Malignant\1348.jpg,Malignant,1
D:/university/summer 26/Data Mining/research project/archive\train\Benign\3547.jpg,Benign,0
D:/university/summer 26/Data Mining/research project/archive\train\Malignant\3166.jpg,Malignant,1
D:/university/summer 26/Data Mining/research project/archive\train\Malignant\4302.jpg,Malignant,1
D:/university/summer 26/Data Mining/research project/archive\train\Malignant\3937.jpg,Malignant,1
D:/university/summer 26/Data Mining/research project/archive\train\Benign\6029.jpg,Benign,0
D:/university/summer 26/Data Mining/research project/archive\train\Benign\338.jpg,Benign,0
D:/university/summer 26/Data Mining/research project/archive\train\Malignant\190.jpg,Malignant,1
D:/university/summer 26/Data Mining/research project/archive\train\Benign\1165.jpg,Benign,0
D:/university/summer 26/Data Mining/research project/archive\train\Benign\5175.jpg,Benign,0
D:/university/summer 26/Data Mining/research project/archive\train\Malignant\4338.jpg,Malignant,1
D:/university/summer 26/Data Mining/research project/archive\train\Malignant\35.jpg,Malignant,1
D:/university/summer 26/Data Mining/research project/archive\train\Benign\5358.jpg,Benign,0
D:/university/summer 26/Data Mining/research project/archive\train\Malignant\1184.jpg,Malignant,1
D:/university/summer 26/Data Mining/research project/archive\train\Malignant\1119.jpg,Malignant,1
D:/university/summer 26/Data Mining/research project/archive\train\Malignant\1686.jpg,Malignant,1
D:/university/summer 26/Data Mining/research project/archive\train\Malignant\731.jpg,Malignant,1
D:/university/summer 26/Data Mining/research project/archive\train\Benign\6183.jpg,Benign,0
D:/university/summer 26/Data Mining/research project/archive\train\Malignant\1952.jpg,Malignant,1
D:/university/summer 26/Data Mining/research project/archive\train\Benign\2222.jpg,Benign,0
D:/university/summer 26/Data Mining/research project/archive\train\Benign\239.jpg,Benign,0
D:/university/summer 26/Data Mining/research project/archive\train\Malignant\5041.jpg,Malignant,1
D:/university/summer 26/Data Mining/research project/archive\train\Benign\4280.jpg,Benign,0
D:/university/summer 26/Data Mining/research project/archive\train\Benign\5054.jpg,Benign,0
D:/university/summer 26/Data Mining/research project/archive\train\Benign\438.jpg,Benign,0
D:/university/summer 26/Data Mining/research project/archive\train\Benign\1931.jpg,Benign,0
D:/university/summer 26/Data Mining/research project/archive\train\Benign\1407.jpg,Benign,0
D:/university/summer 26/Data Mining/research project/archive\train\Malignant\1749.jpg,Malignant,1
D:/university/summer 26/Data Mining/research project/archive\train\Malignant\1540.jpg,Malignant,1
D:/university/summer 26/Data Mining/research project/archive\train\Benign\788.jpg,Benign,0
D:/university/summer 26/Data Mining/research project/archive\train\Benign\4618.jpg,Benign,0
D:/university/summer 26/Data Mining/research project/archive\train\Benign\3912.jpg,Benign,0
D:/university/summer 26/Data Mining/research project/archive\train\Benign\5920.jpg,Benign,0
D:/university/summer 26/Data Mining/research project/archive\train\Malignant\44.jpg,Malignant,1
D:/university/summer 26/Data Mining/research project/archive\train\Benign\3129.jpg,Benign,0
D:/university/summer 26/Data Mining/research project/archive\train\Benign\5834.jpg,Benign,0
D:/university/summer 26/Data Mining/research project/archive\train\Benign\5467.jpg,Benign,0
D:/university/summer 26/Data Mining/research project/archive\train\Benign\3321.jpg,Benign,0
D:/university/summer 26/Data Mining/research project/archive\train\Benign\2089.jpg,Benign,0
D:/university/summer 26/Data Mining/research project/archive\train\Benign\1052.jpg,Benign,0
D:/university/summer 26/Data Mining/research project/archive\train\Benign\258.jpg,Benign,0
D:/university/summer 26/Data Mining/research project/archive\train\Benign\3141.jpg,Benign,0
D:/university/summer 26/Data Mining/research project/archive\train\Malignant\1095.jpg,Malignant,1
D:/university/summer 26/Data Mining/research project/archive\train\Benign\2419.jpg,Benign,0
D:/university/summer 26/Data Mining/research project/archive\train\Malignant\5587.jpg,Malignant,1
D:/university/summer 26/Data Mining/research project/archive\train\Benign\1386.jpg,Benign,0
D:/university/summer 26/Data Mining/research project/archive\train\Benign\4174.jpg,Benign,0
D:/university/summer 26/Data Mining/research project/archive\train\Benign\4980.jpg,Benign,0
D:/university/summer 26/Data Mining/research project/archive\train\Malignant\4182.jpg,Malignant,1
D:/university/summer 26/Data Mining/research project/archive\train\Benign\5970.jpg,Benign,0
D:/university/summer 26/Data Mining/research project/archive\train\Benign\5157.jpg,Benign,0
D:/university/summer 26/Data Mining/research project/archive\train\Malignant\5522.jpg,Malignant,1
D:/university/summer 26/Data Mining/research project/archive\train\Benign\2228.jpg,Benign,0
D:/university/summer 26/Data Mining/research project/archive\train\Benign\3633.jpg,Benign,0
D:/university/summer 26/Data Mining/research project/archive\train\Benign\3511.jpg,Benign,0
D:/university/summer 26/Data Mining/research project/archive\train\Benign\1713.jpg,Benign,0
D:/university/summer 26/Data Mining/research project/archive\train\Benign\1223.jpg,Benign,0
D:/university/summer 26/Data Mining/research project/archive\train\Benign\3402.jpg,Benign,0
D:/university/summer 26/Data Mining/research project/archive\train\Malignant\2228.jpg,Malignant,1
D:/university/summer 26/Data Mining/research project/archive\train\Benign\141.jpg,Benign,0
D:/university/summer 26/Data Mining/research project/archive\train\Malignant\488.jpg,Malignant,1
D:/university/summer 26/Data Mining/research project/archive\train\Benign\5879.jpg,Benign,0
D:/university/summer 26/Data Mining/research project/archive\train\Malignant\1767.jpg,Malignant,1
D:/university/summer 26/Data Mining/research project/archive\train\Benign\2440.jpg,Benign,0
D:/university/summer 26/Data Mining/research project/archive\train\Benign\1073.jpg,Benign,0
D:/university/summer 26/Data Mining/research project/archive\train\Malignant\5273.jpg,Malignant,1
D:/university/summer 26/Data Mining/research project/archive\train\Benign\2739.jpg,Benign,0
D:/university/summer 26/Data Mining/research project/archive\train\Benign\2328.jpg,Benign,0
D:/university/summer 26/Data Mining/research project/archive\train\Benign\1081.jpg,Benign,0
D:/university/summer 26/Data Mining/research project/archive\train\Benign\2210.jpg,Benign,0
D:/university/summer 26/Data Mining/research project/archive\train\Benign\3769.jpg,Benign,0
D:/university/summer 26/Data Mining/research project/archive\train\Benign\3006.jpg,Benign,0
D:/university/summer 26/Data Mining/research project/archive\train\Benign\4138.jpg,Benign,0
D:/university/summer 26/Data Mining/research project/archive\train\Malignant\2262.jpg,Malignant,1
D:/university/summer 26/Data Mining/research project/archive\train\Malignant\4799.jpg,Malignant,1
D:/university/summer 26/Data Mining/research project/archive\train\Malignant\4176.jpg,Malignant,1
D:/university/summer 26/Data Mining/research project/archive\train\Malignant\2210.jpg,Malignant,1
D:/university/summer 26/Data Mining/research project/archive\train\Benign\328.jpg,Benign,0
D:/university/summer 26/Data Mining/research project/archive\train\Benign\671.jpg,Benign,0
D:/university/summer 26/Data Mining/research project/archive\train\Benign\5110.jpg,Benign,0
D:/university/summer 26/Data Mining/research project/archive\train\Malignant\4.jpg,Malignant,1
D:/university/summer 26/Data Mining/research project/archive\train\Malignant\4185.jpg,Malignant,1
D:/university/summer 26/Data Mining/research project/archive\train\Benign\4791.jpg,Benign,0
D:/university/summer 26/Data Mining/research project/archive\train\Malignant\5498.jpg,Malignant,1
D:/university/summer 26/Data Mining/research project/archive\train\Benign\3524.jpg,Benign,0
D:/university/summer 26/Data Mining/research project/archive\train\Benign\2184.jpg,Benign,0
D:/university/summer 26/Data Mining/research project/archive\train\Malignant\588.jpg,Malignant,1
D:/university/summer 26/Data Mining/research project/archive\train\Benign\5768.jpg,Benign,0
D:/university/summer 26/Data Mining/research project/archive\train\Benign\2369.jpg,Benign,0
D:/university/summer 26/Data Mining/research project/archive\train\Benign\5855.jpg,Benign,0
D:/university/summer 26/Data Mining/research project/archive\train\Benign\1495.jpg,Benign,0
D:/university/summer 26/Data Mining/research project/archive\train\Benign\4835.jpg,Benign,0
D:/university/summer 26/Data Mining/research project/archive\train\Malignant\2633.jpg,Malignant,1
D:/university/summer 26/Data Mining/research project/archive\train\Benign\274.jpg,Benign,0
D:/university/summer 26/Data Mining/research project/archive\train\Benign\4210.jpg,Benign,0
D:/university/summer 26/Data Mining/research project/archive\train\Benign\4717.jpg,Benign,0
D:/university/summer 26/Data Mining/research project/archive\train\Malignant\5596.jpg,Malignant,1
D:/university/summer 26/Data Mining/research project/archive\train\Malignant\3164.jpg,Malignant,1
D:/university/summer 26/Data Mining/research project/archive\train\Malignant\5234.jpg,Malignant,1
D:/university/summer 26/Data Mining/research project/archive\train\Benign\2939.jpg,Benign,0
D:/university/summer 26/Data Mining/research project/archive\train\Benign\4299.jpg,Benign,0
D:/university/summer 26/Data Mining/research project/archive\train\Benign\4235.jpg,Benign,0
D:/university/summer 26/Data Mining/research project/archive\train\Benign\5372.jpg,Benign,0
D:/university/summer 26/Data Mining/research project/archive\train\Benign\5466.jpg,Benign,0
D:/university/summer 26/Data Mining/research project/archive\train\Malignant\3093.jpg,Malignant,1
D:/university/summer 26/Data Mining/research project/archive\train\Malignant\2366.jpg,Malignant,1
D:/university/summer 26/Data Mining/research project/archive\train\Malignant\5149.jpg,Malignant,1
D:/university/summer 26/Data Mining/research project/archive\train\Benign\6034.jpg,Benign,0
D:/university/summer 26/Data Mining/research project/archive\train\Benign\5433.jpg,Benign,0
D:/university/summer 26/Data Mining/research project/archive\train\Malignant\2154.jpg,Malignant,1
D:/university/summer 26/Data Mining/research project/archive\train\Benign\5400.jpg,Benign,0
D:/university/summer 26/Data Mining/research project/archive\train\Benign\2529.jpg,Benign,0
D:/university/summer 26/Data Mining/research project/archive\train\Malignant\1428.jpg,Malignant,1
D:/university/summer 26/Data Mining/research project/archive\train\Malignant\2345.jpg,Malignant,1
D:/university/summer 26/Data Mining/research project/archive\train\Benign\5336.jpg,Benign,0
D:/university/summer 26/Data Mining/research project/archive\train\Malignant\2360.jpg,Malignant,1
D:/university/summer 26/Data Mining/research project/archive\train\Benign\4843.jpg,Benign,0
D:/university/summer 26/Data Mining/research project/archive\train\Malignant\467.jpg,Malignant,1
D:/university/summer 26/Data Mining/research project/archive\train\Benign\2200.jpg,Benign,0
D:/university/summer 26/Data Mining/research project/archive\train\Benign\5992.jpg,Benign,0
D:/university/summer 26/Data Mining/research project/archive\train\Malignant\813.jpg,Malignant,1
D:/university/summer 26/Data Mining/research project/archive\train\Malignant\1367.jpg,Malignant,1
D:/university/summer 26/Data Mining/research project/archive\train\Malignant\2023.jpg,Malignant,1
D:/university/summer 26/Data Mining/research project/archive\train\Benign\5587.jpg,Benign,0
D:/university/summer 26/Data Mining/research project/archive\train\Benign\5846.jpg,Benign,0
D:/university/summer 26/Data Mining/research project/archive\train\Malignant\1721.jpg,Malignant,1
D:/university/summer 26/Data Mining/research project/archive\train\Malignant\434.jpg,Malignant,1
D:/university/summer 26/Data Mining/research project/archive\train\Benign\2000.jpg,Benign,0
D:/university/summer 26/Data Mining/research project/archive\train\Benign\5397.jpg,Benign,0
D:/university/summer 26/Data Mining/research project/archive\train\Benign\6105.jpg,Benign,0
D:/university/summer 26/Data Mining/research project/archive\train\Benign\5479.jpg,Benign,0
D:/university/summer 26/Data Mining/research project/archive\train\Malignant\2305.jpg,Malignant,1
D:/university/summer 26/Data Mining/research project/archive\train\Benign\4135.jpg,Benign,0
D:/university/summer 26/Data Mining/research project/archive\train\Malignant\3335.jpg,Malignant,1
D:/university/summer 26/Data Mining/research project/archive\train\Malignant\323.jpg,Malignant,1
D:/university/summer 26/Data Mining/research project/archive\train\Benign\5573.jpg,Benign,0
D:/university/summer 26/Data Mining/research project/archive\train\Benign\4417.jpg,Benign,0
D:/university/summer 26/Data Mining/research project/archive\train\Malignant\2844.jpg,Malignant,1
D:/university/summer 26/Data Mining/research project/archive\train\Malignant\1849.jpg,Malignant,1
D:/university/summer 26/Data Mining/research project/archive\train\Malignant\1229.jpg,Malignant,1
D:/university/summer 26/Data Mining/research project/archive\train\Malignant\5420.jpg,Malignant,1
D:/university/summer 26/Data Mining/research project/archive\train\Malignant\800.jpg,Malignant,1
D:/university/summer 26/Data Mining/research project/archive\train\Malignant\356.jpg,Malignant,1
D:/university/summer 26/Data Mining/research project/archive\train\Malignant\1726.jpg,Malignant,1
D:/university/summer 26/Data Mining/research project/archive\train\Benign\1842.jpg,Benign,0
D:/university/summer 26/Data Mining/research project/archive\train\Malignant\2756.jpg,Malignant,1
D:/university/summer 26/Data Mining/research project/archive\train\Benign\5340.jpg,Benign,0
D:/university/summer 26/Data Mining/research project/archive\train\Malignant\3279.jpg,Malignant,1
D:/university/summer 26/Data Mining/research project/archive\train\Benign\1455.jpg,Benign,0
D:/university/summer 26/Data Mining/research project/archive\train\Malignant\2542.jpg,Malignant,1
D:/university/summer 26/Data Mining/research project/archive\train\Malignant\737.jpg,Malignant,1
D:/university/summer 26/Data Mining/research project/archive\train\Benign\4710.jpg,Benign,0
D:/university/summer 26/Data Mining/research project/archive\train\Malignant\1761.jpg,Malignant,1
D:/university/summer 26/Data Mining/research project/archive\train\Benign\5659.jpg,Benign,0
D:/university/summer 26/Data Mining/research project/archive\train\Benign\3087.jpg,Benign,0
D:/university/summer 26/Data Mining/research project/archive\train\Benign\4760.jpg,Benign,0
D:/university/summer 26/Data Mining/research project/archive\train\Benign\2879.jpg,Benign,0
D:/university/summer 26/Data Mining/research project/archive\train\Benign\1727.jpg,Benign,0
D:/university/summer 26/Data Mining/research project/archive\train\Benign\168.jpg,Benign,0
D:/university/summer 26/Data Mining/research project/archive\train\Benign\1220.jpg,Benign,0
D:/university/summer 26/Data Mining/research project/archive\train\Benign\3992.jpg,Benign,0
D:/university/summer 26/Data Mining/research project/archive\train\Malignant\2754.jpg,Malignant,1
D:/university/summer 26/Data Mining/research project/archive\train\Malignant\3222.jpg,Malignant,1
D:/university/summer 26/Data Mining/research project/archive\train\Benign\3821.jpg,Benign,0
D:/university/summer 26/Data Mining/research project/archive\train\Benign\2294.jpg,Benign,0
D:/university/summer 26/Data Mining/research project/archive\train\Malignant\578.jpg,Malignant,1
D:/university/summer 26/Data Mining/research project/archive\train\Malignant\4533.jpg,Malignant,1
D:/university/summer 26/Data Mining/research project/archive\train\Benign\2137.jpg,Benign,0
D:/university/summer 26/Data Mining/research project/archive\train\Benign\5853.jpg,Benign,0
D:/university/summer 26/Data Mining/research project/archive\train\Malignant\4084.jpg,Malignant,1
D:/university/summer 26/Data Mining/research project/archive\train\Benign\1275.jpg,Benign,0
D:/university/summer 26/Data Mining/research project/archive\train\Malignant\2804.jpg,Malignant,1
D:/university/summer 26/Data Mining/research project/archive\train\Malignant\1179.jpg,Malignant,1
D:/university/summer 26/Data Mining/research project/archive\train\Malignant\2031.jpg,Malignant,1
D:/university/summer 26/Data Mining/research project/archive\train\Benign\2789.jpg,Benign,0
D:/university/summer 26/Data Mining/research project/archive\train\Benign\4392.jpg,Benign,0
D:/university/summer 26/Data Mining/research project/archive\train\Benign\2684.jpg,Benign,0
D:/university/summer 26/Data Mining/research project/archive\train\Benign\5775.jpg,Benign,0
D:/university/summer 26/Data Mining/research project/archive\train\Benign\4621.jpg,Benign,0
D:/university/summer 26/Data Mining/research project/archive\train\Benign\5234.jpg,Benign,0
D:/university/summer 26/Data Mining/research project/archive\train\Malignant\3890.jpg,Malignant,1
D:/university/summer 26/Data Mining/research project/archive\train\Benign\3282.jpg,Benign,0
D:/university/summer 26/Data Mining/research project/archive\train\Malignant\3571.jpg,Malignant,1
D:/university/summer 26/Data Mining/research project/archive\train\Benign\984.jpg,Benign,0
D:/university/summer 26/Data Mining/research project/archive\train\Malignant\3479.jpg,Malignant,1
D:/university/summer 26/Data Mining/research project/archive\train\Benign\617.jpg,Benign,0
D:/university/summer 26/Data Mining/research project/archive\train\Malignant\1772.jpg,Malignant,1
D:/university/summer 26/Data Mining/research project/archive\train\Benign\1619.jpg,Benign,0
D:/university/summer 26/Data Mining/research project/archive\train\Malignant\4795.jpg,Malignant,1
D:/university/summer 26/Data Mining/research project/archive\train\Benign\6117.jpg,Benign,0
D:/university/summer 26/Data Mining/research project/archive\train\Malignant\2658.jpg,Malignant,1
D:/university/summer 26/Data Mining/research project/archive\train\Benign\233.jpg,Benign,0
D:/university/summer 26/Data Mining/research project/archive\train\Malignant\2723.jpg,Malignant,1
D:/university/summer 26/Data Mining/research project/archive\train\Benign\2268.jpg,Benign,0
D:/university/summer 26/Data Mining/research project/archive\train\Benign\1010.jpg,Benign,0
D:/university/summer 26/Data Mining/research project/archive\train\Benign\5031.jpg,Benign,0
D:/university/summer 26/Data Mining/research project/archive\train\Benign\5419.jpg,Benign,0
D:/university/summer 26/Data Mining/research project/archive\train\Benign\714.jpg,Benign,0
D:/university/summer 26/Data Mining/research project/archive\train\Malignant\5540.jpg,Malignant,1
D:/university/summer 26/Data Mining/research project/archive\train\Malignant\2929.jpg,Malignant,1
D:/university/summer 26/Data Mining/research project/archive\train\Benign\1787.jpg,Benign,0
D:/university/summer 26/Data Mining/research project/archive\train\Benign\5656.jpg,Benign,0
D:/university/summer 26/Data Mining/research project/archive\train\Malignant\460.jpg,Malignant,1
D:/university/summer 26/Data Mining/research project/archive\train\Benign\1282.jpg,Benign,0
D:/university/summer 26/Data Mining/research project/archive\train\Malignant\4149.jpg,Malignant,1
D:/university/summer 26/Data Mining/research project/archive\train\Malignant\5051.jpg,Malignant,1
D:/university/summer 26/Data Mining/research project/archive\train\Benign\4197.jpg,Benign,0
D:/university/summer 26/Data Mining/research project/archive\train\Malignant\4152.jpg,Malignant,1
D:/university/summer 26/Data Mining/research project/archive\train\Malignant\4454.jpg,Malignant,1
D:/university/summer 26/Data Mining/research project/archive\train\Malignant\3462.jpg,Malignant,1
D:/university/summer 26/Data Mining/research project/archive\train\Benign\665.jpg,Benign,0
D:/university/summer 26/Data Mining/research project/archive\train\Malignant\4096.jpg,Malignant,1
D:/university/summer 26/Data Mining/research project/archive\train\Benign\5818.jpg,Benign,0
D:/university/summer 26/Data Mining/research project/archive\train\Malignant\779.jpg,Malignant,1
D:/university/summer 26/Data Mining/research project/archive\train\Malignant\2631.jpg,Malignant,1
D:/university/summer 26/Data Mining/research project/archive\train\Malignant\2996.jpg,Malignant,1
D:/university/summer 26/Data Mining/research project/archive\train\Malignant\247.jpg,Malignant,1
D:/university/summer 26/Data Mining/research project/archive\train\Malignant\286.jpg,Malignant,1
D:/university/summer 26/Data Mining/research project/archive\train\Malignant\2560.jpg,Malignant,1
D:/university/summer 26/Data Mining/research project/archive\train\Benign\454.jpg,Benign,0
D:/university/summer 26/Data Mining/research project/archive\train\Benign\4139.jpg,Benign,0
D:/university/summer 26/Data Mining/research project/archive\train\Malignant\504.jpg,Malignant,1
D:/university/summer 26/Data Mining/research project/archive\train\Malignant\1281.jpg,Malignant,1
D:/university/summer 26/Data Mining/research project/archive\train\Malignant\1965.jpg,Malignant,1
D:/university/summer 26/Data Mining/research project/archive\train\Malignant\22.jpg,Malignant,1
D:/university/summer 26/Data Mining/research project/archive\train\Benign\503.jpg,Benign,0
D:/university/summer 26/Data Mining/research project/archive\train\Malignant\3556.jpg,Malignant,1
D:/university/summer 26/Data Mining/research project/archive\train\Benign\4871.jpg,Benign,0
D:/university/summer 26/Data Mining/research project/archive\train\Malignant\975.jpg,Malignant,1
D:/university/summer 26/Data Mining/research project/archive\train\Benign\2036.jpg,Benign,0
D:/university/summer 26/Data Mining/research project/archive\train\Benign\2978.jpg,Benign,0
D:/university/summer 26/Data Mining/research project/archive\train\Benign\5334.jpg,Benign,0
D:/university/summer 26/Data Mining/research project/archive\train\Benign\2568.jpg,Benign,0
D:/university/summer 26/Data Mining/research project/archive\train\Malignant\4066.jpg,Malignant,1
D:/university/summer 26/Data Mining/research project/archive\train\Malignant\1702.jpg,Malignant,1
D:/university/summer 26/Data Mining/research project/archive\train\Malignant\1438.jpg,Malignant,1
D:/university/summer 26/Data Mining/research project/archive\train\Malignant\3742.jpg,Malignant,1
D:/university/summer 26/Data Mining/research project/archive\train\Benign\6080.jpg,Benign,0
D:/university/summer 26/Data Mining/research project/archive\train\Malignant\3527.jpg,Malignant,1
D:/university/summer 26/Data Mining/research project/archive\train\Benign\5404.jpg,Benign,0
D:/university/summer 26/Data Mining/research project/archive\train\Malignant\5577.jpg,Malignant,1
D:/university/summer 26/Data Mining/research project/archive\train\Benign\4641.jpg,Benign,0
D:/university/summer 26/Data Mining/research project/archive\train\Malignant\2493.jpg,Malignant,1
D:/university/summer 26/Data Mining/research project/archive\train\Malignant\895.jpg,Malignant,1
D:/university/summer 26/Data Mining/research project/archive\train\Benign\1818.jpg,Benign,0
D:/university/summer 26/Data Mining/research project/archive\train\Benign\1645.jpg,Benign,0
D:/university/summer 26/Data Mining/research project/archive\train\Malignant\353.jpg,Malignant,1
D:/university/summer 26/Data Mining/research project/archive\train\Malignant\4743.jpg,Malignant,1
D:/university/summer 26/Data Mining/research project/archive\train\Malignant\3804.jpg,Malignant,1
D:/university/summer 26/Data Mining/research project/archive\train\Malignant\3419.jpg,Malignant,1
D:/university/summer 26/Data Mining/research project/archive\train\Malignant\3612.jpg,Malignant,1
D:/university/summer 26/Data Mining/research project/archive\train\Malignant\2777.jpg,Malignant,1
D:/university/summer 26/Data Mining/research project/archive\train\Benign\2126.jpg,Benign,0
D:/university/summer 26/Data Mining/research project/archive\train\Malignant\3018.jpg,Malignant,1
D:/university/summer 26/Data Mining/research project/archive\train\Malignant\2923.jpg,Malignant,1
D:/university/summer 26/Data Mining/research project/archive\train\Benign\4590.jpg,Benign,0
D:/university/summer 26/Data Mining/research project/archive\train\Benign\3341.jpg,Benign,0
D:/university/summer 26/Data Mining/research project/archive\train\Benign\5229.jpg,Benign,0
D:/university/summer 26/Data Mining/research project/archive\train\Benign\2365.jpg,Benign,0
D:/university/summer 26/Data Mining/research project/archive\train\Benign\2381.jpg,Benign,0
D:/university/summer 26/Data Mining/research project/archive\train\Benign\5582.jpg,Benign,0
D:/university/summer 26/Data Mining/research project/archive\train\Benign\5152.jpg,Benign,0
D:/university/summer 26/Data Mining/research project/archive\train\Benign\2168.jpg,Benign,0
D:/university/summer 26/Data Mining/research project/archive\train\Benign\178.jpg,Benign,0
D:/university/summer 26/Data Mining/research project/archive\train\Malignant\5215.jpg,Malignant,1
D:/university/summer 26/Data Mining/research project/archive\train\Benign\4878.jpg,Benign,0
D:/university/summer 26/Data Mining/research project/archive\train\Benign\5653.jpg,Benign,0
D:/university/summer 26/Data Mining/research project/archive\train\Benign\3207.jpg,Benign,0
D:/university/summer 26/Data Mining/research project/archive\train\Benign\6070.jpg,Benign,0
D:/university/summer 26/Data Mining/research project/archive\train\Benign\357.jpg,Benign,0
D:/university/summer 26/Data Mining/research project/archive\train\Benign\3516.jpg,Benign,0
D:/university/summer 26/Data Mining/research project/archive\train\Benign\3495.jpg,Benign,0
D:/university/summer 26/Data Mining/research project/archive\train\Malignant\4894.jpg,Malignant,1
D:/university/summer 26/Data Mining/research project/archive\train\Malignant\5092.jpg,Malignant,1
D:/university/summer 26/Data Mining/research project/archive\train\Benign\1875.jpg,Benign,0
D:/university/summer 26/Data Mining/research project/archive\train\Benign\982.jpg,Benign,0
D:/university/summer 26/Data Mining/research project/archive\train\Benign\263.jpg,Benign,0
D:/university/summer 26/Data Mining/research project/archive\train\Benign\6026.jpg,Benign,0
D:/university/summer 26/Data Mining/research project/archive\train\Benign\3570.jpg,Benign,0
D:/university/summer 26/Data Mining/research project/archive\train\Benign\1097.jpg,Benign,0
D:/university/summer 26/Data Mining/research project/archive\train\Malignant\2391.jpg,Malignant,1
D:/university/summer 26/Data Mining/research project/archive\train\Benign\5863.jpg,Benign,0
D:/university/summer 26/Data Mining/research project/archive\train\Benign\2969.jpg,Benign,0
D:/university/summer 26/Data Mining/research project/archive\train\Malignant\3833.jpg,Malignant,1
D:/university/summer 26/Data Mining/research project/archive\train\Benign\395.jpg,Benign,0
D:/university/summer 26/Data Mining/research project/archive\train\Malignant\2497.jpg,Malignant,1
D:/university/summer 26/Data Mining/research project/archive\train\Benign\744.jpg,Benign,0
D:/university/summer 26/Data Mining/research project/archive\train\Benign\5577.jpg,Benign,0
D:/university/summer 26/Data Mining/research project/archive\train\Malignant\5482.jpg,Malignant,1
D:/university/summer 26/Data Mining/research project/archive\train\Malignant\295.jpg,Malignant,1
D:/university/summer 26/Data Mining/research project/archive\train\Malignant\1054.jpg,Malignant,1
D:/university/summer 26/Data Mining/research project/archive\train\Malignant\1703.jpg,Malignant,1
D:/university/summer 26/Data Mining/research project/archive\train\Benign\1107.jpg,Benign,0
D:/university/summer 26/Data Mining/research project/archive\train\Malignant\4541.jpg,Malignant,1
D:/university/summer 26/Data Mining/research project/archive\train\Malignant\3692.jpg,Malignant,1
D:/university/summer 26/Data Mining/research project/archive\train\Malignant\1958.jpg,Malignant,1
D:/university/summer 26/Data Mining/research project/archive\train\Malignant\379.jpg,Malignant,1
D:/university/summer 26/Data Mining/research project/archive\train\Benign\3150.jpg,Benign,0
D:/university/summer 26/Data Mining/research project/archive\train\Malignant\293.jpg,Malignant,1
D:/university/summer 26/Data Mining/research project/archive\train\Malignant\2881.jpg,Malignant,1
D:/university/summer 26/Data Mining/research project/archive\train\Malignant\3722.jpg,Malignant,1
D:/university/summer 26/Data Mining/research project/archive\train\Benign\3797.jpg,Benign,0
D:/university/summer 26/Data Mining/research project/archive\train\Malignant\2783.jpg,Malignant,1
D:/university/summer 26/Data Mining/research project/archive\train\Benign\6233.jpg,Benign,0
D:/university/summer 26/Data Mining/research project/archive\train\Malignant\3912.jpg,Malignant,1
D:/university/summer 26/Data Mining/research project/archive\train\Benign\6130.jpg,Benign,0
D:/university/summer 26/Data Mining/research project/archive\train\Malignant\5525.jpg,Malignant,1
D:/university/summer 26/Data Mining/research project/archive\train\Benign\3377.jpg,Benign,0
D:/university/summer 26/Data Mining/research project/archive\train\Malignant\1152.jpg,Malignant,1
D:/university/summer 26/Data Mining/research project/archive\train\Malignant\5258.jpg,Malignant,1
D:/university/summer 26/Data Mining/research project/archive\train\Malignant\368.jpg,Malignant,1
D:/university/summer 26/Data Mining/research project/archive\train\Malignant\2762.jpg,Malignant,1
D:/university/summer 26/Data Mining/research project/archive\train\Malignant\3350.jpg,Malignant,1
D:/university/summer 26/Data Mining/research project/archive\train\Malignant\4948.jpg,Malignant,1
D:/university/summer 26/Data Mining/research project/archive\train\Malignant\1100.jpg,Malignant,1
D:/university/summer 26/Data Mining/research project/archive\train\Malignant\5328.jpg,Malignant,1
D:/university/summer 26/Data Mining/research project/archive\train\Benign\2135.jpg,Benign,0
D:/university/summer 26/Data Mining/research project/archive\train\Malignant\4132.jpg,Malignant,1
D:/university/summer 26/Data Mining/research project/archive\train\Benign\4175.jpg,Benign,0
D:/university/summer 26/Data Mining/research project/archive\train\Malignant\2280.jpg,Malignant,1
D:/university/summer 26/Data Mining/research project/archive\train\Malignant\1937.jpg,Malignant,1
D:/university/summer 26/Data Mining/research project/archive\train\Malignant\3920.jpg,Malignant,1
D:/university/summer 26/Data Mining/research project/archive\train\Benign\4830.jpg,Benign,0
D:/university/summer 26/Data Mining/research project/archive\train\Malignant\1562.jpg,Malignant,1
D:/university/summer 26/Data Mining/research project/archive\train\Malignant\2449.jpg,Malignant,1
D:/university/summer 26/Data Mining/research project/archive\train\Benign\3280.jpg,Benign,0
D:/university/summer 26/Data Mining/research project/archive\train\Benign\6230.jpg,Benign,0
D:/university/summer 26/Data Mining/research project/archive\train\Malignant\2512.jpg,Malignant,1
D:/university/summer 26/Data Mining/research project/archive\train\Malignant\1813.jpg,Malignant,1
D:/university/summer 26/Data Mining/research project/archive\train\Benign\5033.jpg,Benign,0
D:/university/summer 26/Data Mining/research project/archive\train\Malignant\3242.jpg,Malignant,1
D:/university/summer 26/Data Mining/research project/archive\train\Benign\1610.jpg,Benign,0
D:/university/summer 26/Data Mining/research project/archive\train\Malignant\5456.jpg,Malignant,1
D:/university/summer 26/Data Mining/research project/archive\train\Benign\4921.jpg,Benign,0
D:/university/summer 26/Data Mining/research project/archive\train\Benign\5832.jpg,Benign,0
D:/university/summer 26/Data Mining/research project/archive\train\Benign\892.jpg,Benign,0
D:/university/summer 26/Data Mining/research project/archive\train\Benign\4506.jpg,Benign,0
D:/university/summer 26/Data Mining/research project/archive\train\Malignant\1543.jpg,Malignant,1
D:/university/summer 26/Data Mining/research project/archive\train\Benign\4856.jpg,Benign,0
D:/university/summer 26/Data Mining/research project/archive\train\Benign\2391.jpg,Benign,0
D:/university/summer 26/Data Mining/research project/archive\train\Benign\136.jpg,Benign,0
D:/university/summer 26/Data Mining/research project/archive\train\Benign\1125.jpg,Benign,0
D:/university/summer 26/Data Mining/research project/archive\train\Benign\1833.jpg,Benign,0
D:/university/summer 26/Data Mining/research project/archive\train\Benign\2680.jpg,Benign,0
D:/university/summer 26/Data Mining/research project/archive\train\Malignant\3113.jpg,Malignant,1
D:/university/summer 26/Data Mining/research project/archive\train\Benign\3415.jpg,Benign,0
D:/university/summer 26/Data Mining/research project/archive\train\Benign\5217.jpg,Benign,0
D:/university/summer 26/Data Mining/research project/archive\train\Malignant\2434.jpg,Malignant,1
D:/university/summer 26/Data Mining/research project/archive\train\Benign\2556.jpg,Benign,0
D:/university/summer 26/Data Mining/research project/archive\train\Malignant\2081.jpg,Malignant,1
D:/university/summer 26/Data Mining/research project/archive\train\Malignant\1257.jpg,Malignant,1
D:/university/summer 26/Data Mining/research project/archive\train\Benign\3998.jpg,Benign,0
D:/university/summer 26/Data Mining/research project/archive\train\Benign\5506.jpg,Benign,0
D:/university/summer 26/Data Mining/research project/archive\train\Malignant\1196.jpg,Malignant,1
D:/university/summer 26/Data Mining/research project/archive\train\Malignant\3823.jpg,Malignant,1
D:/university/summer 26/Data Mining/research project/archive\train\Benign\535.jpg,Benign,0
D:/university/summer 26/Data Mining/research project/archive\train\Malignant\5276.jpg,Malignant,1
D:/university/summer 26/Data Mining/research project/archive\train\Malignant\1611.jpg,Malignant,1
D:/university/summer 26/Data Mining/research project/archive\train\Benign\4156.jpg,Benign,0
D:/university/summer 26/Data Mining/research project/archive\train\Benign\3735.jpg,Benign,0
D:/university/summer 26/Data Mining/research project/archive\train\Malignant\3580.jpg,Malignant,1
D:/university/summer 26/Data Mining/research project/archive\train\Malignant\3180.jpg,Malignant,1
D:/university/summer 26/Data Mining/research project/archive\train\Malignant\681.jpg,Malignant,1
D:/university/summer 26/Data Mining/research project/archive\train\Benign\3743.jpg,Benign,0
D:/university/summer 26/Data Mining/research project/archive\train\Malignant\3346.jpg,Malignant,1
D:/university/summer 26/Data Mining/research project/archive\train\Benign\2104.jpg,Benign,0
D:/university/summer 26/Data Mining/research project/archive\train\Benign\4498.jpg,Benign,0
D:/university/summer 26/Data Mining/research project/archive\train\Malignant\5282.jpg,Malignant,1
D:/university/summer 26/Data Mining/research project/archive\train\Malignant\101.jpg,Malignant,1
D:/university/summer 26/Data Mining/research project/archive\train\Malignant\2620.jpg,Malignant,1
D:/university/summer 26/Data Mining/research project/archive\train\Benign\6255.jpg,Benign,0
D:/university/summer 26/Data Mining/research project/archive\train\Benign\1633.jpg,Benign,0
D:/university/summer 26/Data Mining/research project/archive\train\Benign\415.jpg,Benign,0
D:/university/summer 26/Data Mining/research project/archive\train\Benign\502.jpg,Benign,0
D:/university/summer 26/Data Mining/research project/archive\train\Malignant\2417.jpg,Malignant,1
D:/university/summer 26/Data Mining/research project/archive\train\Malignant\952.jpg,Malignant,1
D:/university/summer 26/Data Mining/research project/archive\train\Benign\114.jpg,Benign,0
D:/university/summer 26/Data Mining/research project/archive\train\Benign\4532.jpg,Benign,0
D:/university/summer 26/Data Mining/research project/archive\train\Benign\6192.jpg,Benign,0
D:/university/summer 26/Data Mining/research project/archive\train\Malignant\2155.jpg,Malignant,1
D:/university/summer 26/Data Mining/research project/archive\train\Benign\536.jpg,Benign,0
D:/university/summer 26/Data Mining/research project/archive\train\Malignant\378.jpg,Malignant,1
D:/university/summer 26/Data Mining/research project/archive\train\Benign\1516.jpg,Benign,0
D:/university/summer 26/Data Mining/research project/archive\train\Benign\3738.jpg,Benign,0
D:/university/summer 26/Data Mining/research project/archive\train\Benign\4834.jpg,Benign,0
D:/university/summer 26/Data Mining/research project/archive\train\Malignant\280.jpg,Malignant,1
D:/university/summer 26/Data Mining/research project/archive\train\Benign\3102.jpg,Benign,0
D:/university/summer 26/Data Mining/research project/archive\train\Benign\1126.jpg,Benign,0
D:/university/summer 26/Data Mining/research project/archive\train\Benign\4838.jpg,Benign,0
D:/university/summer 26/Data Mining/research project/archive\train\Malignant\4392.jpg,Malignant,1
D:/university/summer 26/Data Mining/research project/archive\train\Malignant\1330.jpg,Malignant,1
D:/university/summer 26/Data Mining/research project/archive\train\Benign\4983.jpg,Benign,0
D:/university/summer 26/Data Mining/research project/archive\train\Malignant\5503.jpg,Malignant,1
D:/university/summer 26/Data Mining/research project/archive\train\Benign\3852.jpg,Benign,0
D:/university/summer 26/Data Mining/research project/archive\train\Benign\1990.jpg,Benign,0
D:/university/summer 26/Data Mining/research project/archive\train\Malignant\4189.jpg,Malignant,1
D:/university/summer 26/Data Mining/research project/archive\train\Malignant\2953.jpg,Malignant,1
D:/university/summer 26/Data Mining/research project/archive\train\Malignant\455.jpg,Malignant,1
D:/university/summer 26/Data Mining/research project/archive\train\Malignant\5514.jpg,Malignant,1
D:/university/summer 26/Data Mining/research project/archive\train\Malignant\4293.jpg,Malignant,1
D:/university/summer 26/Data Mining/research project/archive\train\Malignant\2928.jpg,Malignant,1
D:/university/summer 26/Data Mining/research project/archive\train\Malignant\568.jpg,Malignant,1
D:/university/summer 26/Data Mining/research project/archive\train\Benign\5489.jpg,Benign,0
D:/university/summer 26/Data Mining/research project/archive\train\Benign\3392.jpg,Benign,0
D:/university/summer 26/Data Mining/research project/archive\train\Benign\3073.jpg,Benign,0
D:/university/summer 26/Data Mining/research project/archive\train\Benign\4416.jpg,Benign,0
D:/university/summer 26/Data Mining/research project/archive\train\Malignant\2572.jpg,Malignant,1
D:/university/summer 26/Data Mining/research project/archive\train\Benign\4145.jpg,Benign,0
D:/university/summer 26/Data Mining/research project/archive\train\Malignant\2316.jpg,Malignant,1
D:/university/summer 26/Data Mining/research project/archive\train\Benign\4068.jpg,Benign,0
D:/university/summer 26/Data Mining/research project/archive\train\Benign\1346.jpg,Benign,0
D:/university/summer 26/Data Mining/research project/archive\train\Malignant\2039.jpg,Malignant,1
D:/university/summer 26/Data Mining/research project/archive\train\Malignant\2064.jpg,Malignant,1
D:/university/summer 26/Data Mining/research project/archive\train\Benign\21.jpg,Benign,0
D:/university/summer 26/Data Mining/research project/archive\train\Benign\5219.jpg,Benign,0
D:/university/summer 26/Data Mining/research project/archive\train\Benign\4982.jpg,Benign,0
D:/university/summer 26/Data Mining/research project/archive\train\Benign\391.jpg,Benign,0
D:/university/summer 26/Data Mining/research project/archive\train\Benign\5147.jpg,Benign,0
D:/university/summer 26/Data Mining/research project/archive\train\Benign\1009.jpg,Benign,0
D:/university/summer 26/Data Mining/research project/archive\train\Malignant\3622.jpg,Malignant,1
D:/university/summer 26/Data Mining/research project/archive\train\Benign\3905.jpg,Benign,0
D:/university/summer 26/Data Mining/research project/archive\train\Malignant\3597.jpg,Malignant,1
D:/university/summer 26/Data Mining/research project/archive\train\Benign\1422.jpg,Benign,0
D:/university/summer 26/Data Mining/research project/archive\train\Benign\2194.jpg,Benign,0
D:/university/summer 26/Data Mining/research project/archive\train\Malignant\1512.jpg,Malignant,1
D:/university/summer 26/Data Mining/research project/archive\train\Benign\4072.jpg,Benign,0
D:/university/summer 26/Data Mining/research project/archive\train\Benign\5792.jpg,Benign,0
D:/university/summer 26/Data Mining/research project/archive\train\Benign\2500.jpg,Benign,0
D:/university/summer 26/Data Mining/research project/archive\train\Benign\5018.jpg,Benign,0
D:/university/summer 26/Data Mining/research project/archive\train\Benign\1535.jpg,Benign,0
D:/university/summer 26/Data Mining/research project/archive\train\Malignant\5597.jpg,Malignant,1
D:/university/summer 26/Data Mining/research project/archive\train\Benign\5380.jpg,Benign,0
D:/university/summer 26/Data Mining/research project/archive\train\Malignant\2022.jpg,Malignant,1
D:/university/summer 26/Data Mining/research project/archive\train\Benign\1538.jpg,Benign,0
D:/university/summer 26/Data Mining/research project/archive\train\Malignant\267.jpg,Malignant,1
D:/university/summer 26/Data Mining/research project/archive\train\Malignant\1432.jpg,Malignant,1
D:/university/summer 26/Data Mining/research project/archive\train\Malignant\239.jpg,Malignant,1
D:/university/summer 26/Data Mining/research project/archive\train\Malignant\5314.jpg,Malignant,1
D:/university/summer 26/Data Mining/research project/archive\train\Malignant\614.jpg,Malignant,1
D:/university/summer 26/Data Mining/research project/archive\train\Malignant\2809.jpg,Malignant,1
D:/university/summer 26/Data Mining/research project/archive\train\Benign\316.jpg,Benign,0
D:/university/summer 26/Data Mining/research project/archive\train\Benign\995.jpg,Benign,0
D:/university/summer 26/Data Mining/research project/archive\train\Benign\205.jpg,Benign,0
D:/university/summer 26/Data Mining/research project/archive\train\Malignant\2454.jpg,Malignant,1
D:/university/summer 26/Data Mining/research project/archive\train\Benign\3015.jpg,Benign,0
D:/university/summer 26/Data Mining/research project/archive\train\Benign\3427.jpg,Benign,0
D:/university/summer 26/Data Mining/research project/archive\train\Malignant\4523.jpg,Malignant,1
D:/university/summer 26/Data Mining/research project/archive\train\Benign\969.jpg,Benign,0
D:/university/summer 26/Data Mining/research project/archive\train\Benign\4531.jpg,Benign,0
D:/university/summer 26/Data Mining/research project/archive\train\Malignant\3079.jpg,Malignant,1
D:/university/summer 26/Data Mining/research project/archive\train\Benign\292.jpg,Benign,0
D:/university/summer 26/Data Mining/research project/archive\train\Malignant\933.jpg,Malignant,1
D:/university/summer 26/Data Mining/research project/archive\train\Benign\1583.jpg,Benign,0
D:/university/summer 26/Data Mining/research project/archive\train\Benign\624.jpg,Benign,0
D:/university/summer 26/Data Mining/research project/archive\train\Benign\4938.jpg,Benign,0
D:/university/summer 26/Data Mining/research project/archive\train\Malignant\4560.jpg,Malignant,1
D:/university/summer 26/Data Mining/research project/archive\train\Benign\930.jpg,Benign,0
D:/university/summer 26/Data Mining/research project/archive\train\Malignant\1541.jpg,Malignant,1
D:/university/summer 26/Data Mining/research project/archive\train\Benign\2449.jpg,Benign,0
D:/university/summer 26/Data Mining/research project/archive\train\Malignant\2787.jpg,Malignant,1
D:/university/summer 26/Data Mining/research project/archive\train\Benign\6288.jpg,Benign,0
D:/university/summer 26/Data Mining/research project/archive\train\Benign\926.jpg,Benign,0
D:/university/summer 26/Data Mining/research project/archive\train\Malignant\5483.jpg,Malignant,1
D:/university/summer 26/Data Mining/research project/archive\train\Benign\3624.jpg,Benign,0
D:/university/summer 26/Data Mining/research project/archive\train\Benign\4558.jpg,Benign,0
D:/university/summer 26/Data Mining/research project/archive\train\Benign\4986.jpg,Benign,0
D:/university/summer 26/Data Mining/research project/archive\train\Benign\4355.jpg,Benign,0
D:/university/summer 26/Data Mining/research project/archive\train\Benign\5294.jpg,Benign,0
D:/university/summer 26/Data Mining/research project/archive\train\Malignant\4660.jpg,Malignant,1
D:/university/summer 26/Data Mining/research project/archive\train\Benign\4808.jpg,Benign,0
D:/university/summer 26/Data Mining/research project/archive\train\Malignant\2632.jpg,Malignant,1
D:/university/summer 26/Data Mining/research project/archive\train\Malignant\5031.jpg,Malignant,1
D:/university/summer 26/Data Mining/research project/archive\train\Benign\1358.jpg,Benign,0
D:/university/summer 26/Data Mining/research project/archive\train\Malignant\2905.jpg,Malignant,1
D:/university/summer 26/Data Mining/research project/archive\train\Benign\959.jpg,Benign,0
D:/university/summer 26/Data Mining/research project/archive\train\Malignant\4764.jpg,Malignant,1
D:/university/summer 26/Data Mining/research project/archive\train\Benign\2863.jpg,Benign,0
D:/university/summer 26/Data Mining/research project/archive\train\Benign\870.jpg,Benign,0
D:/university/summer 26/Data Mining/research project/archive\train\Malignant\643.jpg,Malignant,1
D:/university/summer 26/Data Mining/research project/archive\train\Malignant\687.jpg,Malignant,1
D:/university/summer 26/Data Mining/research project/archive\train\Malignant\164.jpg,Malignant,1
D:/university/summer 26/Data Mining/research project/archive\train\Malignant\3384.jpg,Malignant,1
D:/university/summer 26/Data Mining/research project/archive\train\Benign\2733.jpg,Benign,0
D:/university/summer 26/Data Mining/research project/archive\train\Benign\2563.jpg,Benign,0
D:/university/summer 26/Data Mining/research project/archive\train\Malignant\2443.jpg,Malignant,1
D:/university/summer 26/Data Mining/research project/archive\train\Malignant\505.jpg,Malignant,1
D:/university/summer 26/Data Mining/research project/archive\train\Benign\2928.jpg,Benign,0
D:/university/summer 26/Data Mining/research project/archive\train\Benign\5516.jpg,Benign,0
D:/university/summer 26/Data Mining/research project/archive\train\Benign\6260.jpg,Benign,0
D:/university/summer 26/Data Mining/research project/archive\train\Benign\655.jpg,Benign,0
D:/university/summer 26/Data Mining/research project/archive\train\Benign\3493.jpg,Benign,0
D:/university/summer 26/Data Mining/research project/archive\train\Malignant\2803.jpg,Malignant,1
D:/university/summer 26/Data Mining/research project/archive\train\Malignant\2213.jpg,Malignant,1
D:/university/summer 26/Data Mining/research project/archive\train\Malignant\4730.jpg,Malignant,1
D:/university/summer 26/Data Mining/research project/archive\train\Benign\1588.jpg,Benign,0
D:/university/summer 26/Data Mining/research project/archive\train\Benign\1491.jpg,Benign,0
D:/university/summer 26/Data Mining/research project/archive\train\Malignant\849.jpg,Malignant,1
D:/university/summer 26/Data Mining/research project/archive\train\Malignant\322.jpg,Malignant,1
D:/university/summer 26/Data Mining/research project/archive\train\Benign\2970.jpg,Benign,0
D:/university/summer 26/Data Mining/research project/archive\train\Malignant\4605.jpg,Malignant,1
D:/university/summer 26/Data Mining/research project/archive\train\Benign\5883.jpg,Benign,0
D:/university/summer 26/Data Mining/research project/archive\train\Benign\4795.jpg,Benign,0
D:/university/summer 26/Data Mining/research project/archive\train\Benign\2105.jpg,Benign,0
D:/university/summer 26/Data Mining/research project/archive\train\Benign\1295.jpg,Benign,0
D:/university/summer 26/Data Mining/research project/archive\train\Benign\1876.jpg,Benign,0
D:/university/summer 26/Data Mining/research project/archive\train\Malignant\1015.jpg,Malignant,1
D:/university/summer 26/Data Mining/research project/archive\train\Malignant\4087.jpg,Malignant,1
D:/university/summer 26/Data Mining/research project/archive\train\Benign\3709.jpg,Benign,0
D:/university/summer 26/Data Mining/research project/archive\train\Malignant\5179.jpg,Malignant,1
D:/university/summer 26/Data Mining/research project/archive\train\Malignant\1582.jpg,Malignant,1
D:/university/summer 26/Data Mining/research project/archive\train\Benign\3385.jpg,Benign,0
D:/university/summer 26/Data Mining/research project/archive\train\Benign\735.jpg,Benign,0
D:/university/summer 26/Data Mining/research project/archive\train\Malignant\2312.jpg,Malignant,1
D:/university/summer 26/Data Mining/research project/archive\train\Malignant\1781.jpg,Malignant,1
D:/university/summer 26/Data Mining/research project/archive\train\Benign\3196.jpg,Benign,0
D:/university/summer 26/Data Mining/research project/archive\train\Malignant\1043.jpg,Malignant,1
D:/university/summer 26/Data Mining/research project/archive\train\Malignant\2931.jpg,Malignant,1
D:/university/summer 26/Data Mining/research project/archive\train\Malignant\1719.jpg,Malignant,1
D:/university/summer 26/Data Mining/research project/archive\train\Benign\2140.jpg,Benign,0
D:/university/summer 26/Data Mining/research project/archive\train\Malignant\1193.jpg,Malignant,1
D:/university/summer 26/Data Mining/research project/archive\train\Benign\2320.jpg,Benign,0
D:/university/summer 26/Data Mining/research project/archive\train\Malignant\4239.jpg,Malignant,1
D:/university/summer 26/Data Mining/research project/archive\train\Malignant\5496.jpg,Malignant,1
D:/university/summer 26/Data Mining/research project/archive\train\Benign\787.jpg,Benign,0
D:/university/summer 26/Data Mining/research project/archive\train\Benign\4369.jpg,Benign,0
D:/university/summer 26/Data Mining/research project/archive\train\Benign\4518.jpg,Benign,0
D:/university/summer 26/Data Mining/research project/archive\train\Benign\6042.jpg,Benign,0
D:/university/summer 26/Data Mining/research project/archive\train\Malignant\3930.jpg,Malignant,1
D:/university/summer 26/Data Mining/research project/archive\train\Malignant\2428.jpg,Malignant,1
D:/university/summer 26/Data Mining/research project/archive\train\Benign\3154.jpg,Benign,0
D:/university/summer 26/Data Mining/research project/archive\train\Benign\1814.jpg,Benign,0
D:/university/summer 26/Data Mining/research project/archive\train\Malignant\2699.jpg,Malignant,1
D:/university/summer 26/Data Mining/research project/archive\train\Benign\3292.jpg,Benign,0
D:/university/summer 26/Data Mining/research project/archive\train\Benign\480.jpg,Benign,0
D:/university/summer 26/Data Mining/research project/archive\train\Malignant\363.jpg,Malignant,1
D:/university/summer 26/Data Mining/research project/archive\train\Malignant\4626.jpg,Malignant,1
D:/university/summer 26/Data Mining/research project/archive\train\Benign\1714.jpg,Benign,0
D:/university/summer 26/Data Mining/research project/archive\train\Benign\2347.jpg,Benign,0
D:/university/summer 26/Data Mining/research project/archive\train\Malignant\2710.jpg,Malignant,1
D:/university/summer 26/Data Mining/research project/archive\train\Malignant\305.jpg,Malignant,1
D:/university/summer 26/Data Mining/research project/archive\train\Malignant\3970.jpg,Malignant,1
D:/university/summer 26/Data Mining/research project/archive\train\Malignant\3817.jpg,Malignant,1
D:/university/summer 26/Data Mining/research project/archive\train\Benign\3299.jpg,Benign,0
D:/university/summer 26/Data Mining/research project/archive\train\Malignant\817.jpg,Malignant,1
D:/university/summer 26/Data Mining/research project/archive\train\Benign\4193.jpg,Benign,0
D:/university/summer 26/Data Mining/research project/archive\train\Malignant\1265.jpg,Malignant,1
D:/university/summer 26/Data Mining/research project/archive\train\Benign\5095.jpg,Benign,0
D:/university/summer 26/Data Mining/research project/archive\train\Malignant\4320.jpg,Malignant,1
D:/university/summer 26/Data Mining/research project/archive\train\Malignant\3951.jpg,Malignant,1
D:/university/summer 26/Data Mining/research project/archive\train\Benign\4609.jpg,Benign,0
D:/university/summer 26/Data Mining/research project/archive\train\Benign\4119.jpg,Benign,0
D:/university/summer 26/Data Mining/research project/archive\train\Benign\1066.jpg,Benign,0
D:/university/summer 26/Data Mining/research project/archive\train\Malignant\3896.jpg,Malignant,1
D:/university/summer 26/Data Mining/research project/archive\train\Malignant\4700.jpg,Malignant,1
D:/university/summer 26/Data Mining/research project/archive\train\Malignant\762.jpg,Malignant,1
D:/university/summer 26/Data Mining/research project/archive\train\Benign\3107.jpg,Benign,0
D:/university/summer 26/Data Mining/research project/archive\train\Malignant\4095.jpg,Malignant,1
D:/university/summer 26/Data Mining/research project/archive\train\Malignant\5411.jpg,Malignant,1
D:/university/summer 26/Data Mining/research project/archive\train\Malignant\5274.jpg,Malignant,1
D:/university/summer 26/Data Mining/research project/archive\train\Benign\3592.jpg,Benign,0
D:/university/summer 26/Data Mining/research project/archive\train\Malignant\1149.jpg,Malignant,1
D:/university/summer 26/Data Mining/research project/archive\train\Benign\2600.jpg,Benign,0
D:/university/summer 26/Data Mining/research project/archive\train\Benign\3787.jpg,Benign,0
D:/university/summer 26/Data Mining/research project/archive\train\Malignant\1977.jpg,Malignant,1
D:/university/summer 26/Data Mining/research project/archive\train\Benign\1911.jpg,Benign,0
D:/university/summer 26/Data Mining/research project/archive\train\Benign\5681.jpg,Benign,0
D:/university/summer 26/Data Mining/research project/archive\train\Benign\6067.jpg,Benign,0
D:/university/summer 26/Data Mining/research project/archive\train\Benign\504.jpg,Benign,0
D:/university/summer 26/Data Mining/research project/archive\train\Benign\1852.jpg,Benign,0
D:/university/summer 26/Data Mining/research project/archive\train\Benign\5804.jpg,Benign,0
D:/university/summer 26/Data Mining/research project/archive\train\Benign\737.jpg,Benign,0
D:/university/summer 26/Data Mining/research project/archive\train\Benign\989.jpg,Benign,0
D:/university/summer 26/Data Mining/research project/archive\train\Malignant\3803.jpg,Malignant,1
D:/university/summer 26/Data Mining/research project/archive\train\Malignant\5342.jpg,Malignant,1
D:/university/summer 26/Data Mining/research project/archive\train\Benign\5262.jpg,Benign,0
D:/university/summer 26/Data Mining/research project/archive\train\Malignant\4331.jpg,Malignant,1
D:/university/summer 26/Data Mining/research project/archive\train\Benign\5399.jpg,Benign,0
D:/university/summer 26/Data Mining/research project/archive\train\Benign\2655.jpg,Benign,0
D:/university/summer 26/Data Mining/research project/archive\train\Benign\2416.jpg,Benign,0
D:/university/summer 26/Data Mining/research project/archive\train\Malignant\3864.jpg,Malignant,1
D:/university/summer 26/Data Mining/research project/archive\train\Benign\600.jpg,Benign,0
D:/university/summer 26/Data Mining/research project/archive\train\Benign\1077.jpg,Benign,0
D:/university/summer 26/Data Mining/research project/archive\train\Benign\226.jpg,Benign,0
D:/university/summer 26/Data Mining/research project/archive\train\Malignant\1879.jpg,Malignant,1
D:/university/summer 26/Data Mining/research project/archive\train\Benign\570.jpg,Benign,0
D:/university/summer 26/Data Mining/research project/archive\train\Benign\546.jpg,Benign,0
D:/university/summer 26/Data Mining/research project/archive\train\Malignant\5064.jpg,Malignant,1
D:/university/summer 26/Data Mining/research project/archive\train\Malignant\531.jpg,Malignant,1
D:/university/summer 26/Data Mining/research project/archive\train\Malignant\2559.jpg,Malignant,1
D:/university/summer 26/Data Mining/research project/archive\train\Malignant\2285.jpg,Malignant,1
D:/university/summer 26/Data Mining/research project/archive\train\Benign\4763.jpg,Benign,0
D:/university/summer 26/Data Mining/research project/archive\train\Malignant\3725.jpg,Malignant,1
D:/university/summer 26/Data Mining/research project/archive\train\Benign\2384.jpg,Benign,0
D:/university/summer 26/Data Mining/research project/archive\train\Malignant\4952.jpg,Malignant,1
D:/university/summer 26/Data Mining/research project/archive\train\Malignant\1131.jpg,Malignant,1
D:/university/summer 26/Data Mining/research project/archive\train\Benign\954.jpg,Benign,0
D:/university/summer 26/Data Mining/research project/archive\train\Benign\2490.jpg,Benign,0
D:/university/summer 26/Data Mining/research project/archive\train\Malignant\2700.jpg,Malignant,1
D:/university/summer 26/Data Mining/research project/archive\train\Benign\4332.jpg,Benign,0
D:/university/summer 26/Data Mining/research project/archive\train\Malignant\4876.jpg,Malignant,1
D:/university/summer 26/Data Mining/research project/archive\train\Malignant\2037.jpg,Malignant,1
D:/university/summer 26/Data Mining/research project/archive\train\Malignant\5333.jpg,Malignant,1
D:/university/summer 26/Data Mining/research project/archive\train\Malignant\1938.jpg,Malignant,1
D:/university/summer 26/Data Mining/research project/archive\train\Benign\177.jpg,Benign,0
D:/university/summer 26/Data Mining/research project/archive\train\Benign\3476.jpg,Benign,0
D:/university/summer 26/Data Mining/research project/archive\train\Benign\2287.jpg,Benign,0
D:/university/summer 26/Data Mining/research project/archive\train\Malignant\2384.jpg,Malignant,1
D:/university/summer 26/Data Mining/research project/archive\train\Benign\5179.jpg,Benign,0
D:/university/summer 26/Data Mining/research project/archive\train\Benign\5478.jpg,Benign,0
D:/university/summer 26/Data Mining/research project/archive\train\Malignant\4621.jpg,Malignant,1
D:/university/summer 26/Data Mining/research project/archive\train\Benign\4081.jpg,Benign,0
D:/university/summer 26/Data Mining/research project/archive\train\Benign\3636.jpg,Benign,0
D:/university/summer 26/Data Mining/research project/archive\train\Benign\1214.jpg,Benign,0
D:/university/summer 26/Data Mining/research project/archive\train\Benign\6224.jpg,Benign,0
D:/university/summer 26/Data Mining/research project/archive\train\Malignant\2335.jpg,Malignant,1
D:/university/summer 26/Data Mining/research project/archive\train\Benign\443.jpg,Benign,0
D:/university/summer 26/Data Mining/research project/archive\train\Benign\483.jpg,Benign,0
D:/university/summer 26/Data Mining/research project/archive\train\Malignant\1132.jpg,Malignant,1
D:/university/summer 26/Data Mining/research project/archive\train\Malignant\1649.jpg,Malignant,1
D:/university/summer 26/Data Mining/research project/archive\train\Malignant\124.jpg,Malignant,1
D:/university/summer 26/Data Mining/research project/archive\train\Benign\2406.jpg,Benign,0
D:/university/summer 26/Data Mining/research project/archive\train\Malignant\2288.jpg,Malignant,1
D:/university/summer 26/Data Mining/research project/archive\train\Malignant\5521.jpg,Malignant,1
D:/university/summer 26/Data Mining/research project/archive\train\Malignant\2275.jpg,Malignant,1
D:/university/summer 26/Data Mining/research project/archive\train\Malignant\1870.jpg,Malignant,1
D:/university/summer 26/Data Mining/research project/archive\train\Malignant\236.jpg,Malignant,1
D:/university/summer 26/Data Mining/research project/archive\train\Benign\2032.jpg,Benign,0
D:/university/summer 26/Data Mining/research project/archive\train\Benign\3693.jpg,Benign,0
D:/university/summer 26/Data Mining/research project/archive\train\Benign\5475.jpg,Benign,0
D:/university/summer 26/Data Mining/research project/archive\train\Benign\3748.jpg,Benign,0
D:/university/summer 26/Data Mining/research project/archive\train\Benign\5226.jpg,Benign,0
D:/university/summer 26/Data Mining/research project/archive\train\Malignant\3436.jpg,Malignant,1
D:/university/summer 26/Data Mining/research project/archive\train\Malignant\2296.jpg,Malignant,1
D:/university/summer 26/Data Mining/research project/archive\train\Benign\1188.jpg,Benign,0
D:/university/summer 26/Data Mining/research project/archive\train\Malignant\2696.jpg,Malignant,1
D:/university/summer 26/Data Mining/research project/archive\train\Benign\2478.jpg,Benign,0
D:/university/summer 26/Data Mining/research project/archive\train\Malignant\3210.jpg,Malignant,1
D:/university/summer 26/Data Mining/research project/archive\train\Malignant\4419.jpg,Malignant,1
D:/university/summer 26/Data Mining/research project/archive\train\Malignant\265.jpg,Malignant,1
D:/university/summer 26/Data Mining/research project/archive\train\Benign\262.jpg,Benign,0
D:/university/summer 26/Data Mining/research project/archive\train\Malignant\2190.jpg,Malignant,1
D:/university/summer 26/Data Mining/research project/archive\train\Malignant\1222.jpg,Malignant,1
D:/university/summer 26/Data Mining/research project/archive\train\Benign\4185.jpg,Benign,0
D:/university/summer 26/Data Mining/research project/archive\train\Malignant\29.jpg,Malignant,1
D:/university/summer 26/Data Mining/research project/archive\train\Benign\3747.jpg,Benign,0
D:/university/summer 26/Data Mining/research project/archive\train\Malignant\5253.jpg,Malignant,1
D:/university/summer 26/Data Mining/research project/archive\train\Benign\4049.jpg,Benign,0
D:/university/summer 26/Data Mining/research project/archive\train\Malignant\352.jpg,Malignant,1
D:/university/summer 26/Data Mining/research project/archive\train\Benign\5297.jpg,Benign,0
D:/university/summer 26/Data Mining/research project/archive\train\Malignant\4446.jpg,Malignant,1
D:/university/summer 26/Data Mining/research project/archive\train\Malignant\1310.jpg,Malignant,1
D:/university/summer 26/Data Mining/research project/archive\train\Malignant\4750.jpg,Malignant,1
D:/university/summer 26/Data Mining/research project/archive\train\Malignant\1607.jpg,Malignant,1
D:/university/summer 26/Data Mining/research project/archive\train\Benign\49.jpg,Benign,0
D:/university/summer 26/Data Mining/research project/archive\train\Benign\1687.jpg,Benign,0
D:/university/summer 26/Data Mining/research project/archive\train\Malignant\701.jpg,Malignant,1
D:/university/summer 26/Data Mining/research project/archive\train\Benign\4050.jpg,Benign,0
D:/university/summer 26/Data Mining/research project/archive\train\Benign\2916.jpg,Benign,0
D:/university/summer 26/Data Mining/research project/archive\train\Benign\3785.jpg,Benign,0
D:/university/summer 26/Data Mining/research project/archive\train\Benign\4258.jpg,Benign,0
D:/university/summer 26/Data Mining/research project/archive\train\Benign\4999.jpg,Benign,0
D:/university/summer 26/Data Mining/research project/archive\train\Malignant\1313.jpg,Malignant,1
D:/university/summer 26/Data Mining/research project/archive\train\Benign\2784.jpg,Benign,0
D:/university/summer 26/Data Mining/research project/archive\train\Benign\6069.jpg,Benign,0
D:/university/summer 26/Data Mining/research project/archive\train\Malignant\3120.jpg,Malignant,1
D:/university/summer 26/Data Mining/research project/archive\train\Benign\94.jpg,Benign,0
D:/university/summer 26/Data Mining/research project/archive\train\Malignant\1096.jpg,Malignant,1
D:/university/summer 26/Data Mining/research project/archive\train\Malignant\4610.jpg,Malignant,1
D:/university/summer 26/Data Mining/research project/archive\train\Benign\1734.jpg,Benign,0
D:/university/summer 26/Data Mining/research project/archive\train\Malignant\2958.jpg,Malignant,1
D:/university/summer 26/Data Mining/research project/archive\train\Benign\17.jpg,Benign,0
D:/university/summer 26/Data Mining/research project/archive\train\Malignant\1908.jpg,Malignant,1
D:/university/summer 26/Data Mining/research project/archive\train\Malignant\5444.jpg,Malignant,1
D:/university/summer 26/Data Mining/research project/archive\train\Malignant\5310.jpg,Malignant,1
D:/university/summer 26/Data Mining/research project/archive\train\Benign\4951.jpg,Benign,0
D:/university/summer 26/Data Mining/research project/archive\train\Malignant\1465.jpg,Malignant,1
D:/university/summer 26/Data Mining/research project/archive\train\Benign\4884.jpg,Benign,0
D:/university/summer 26/Data Mining/research project/archive\train\Benign\3037.jpg,Benign,0
D:/university/summer 26/Data Mining/research project/archive\train\Benign\557.jpg,Benign,0
D:/university/summer 26/Data Mining/research project/archive\train\Malignant\928.jpg,Malignant,1
D:/university/summer 26/Data Mining/research project/archive\train\Malignant\2899.jpg,Malignant,1
D:/university/summer 26/Data Mining/research project/archive\train\Malignant\5157.jpg,Malignant,1
D:/university/summer 26/Data Mining/research project/archive\train\Malignant\4327.jpg,Malignant,1
D:/university/summer 26/Data Mining/research project/archive\train\Malignant\3686.jpg,Malignant,1
D:/university/summer 26/Data Mining/research project/archive\train\Malignant\1668.jpg,Malignant,1
D:/university/summer 26/Data Mining/research project/archive\train\Benign\6030.jpg,Benign,0
D:/university/summer 26/Data Mining/research project/archive\train\Benign\3118.jpg,Benign,0
D:/university/summer 26/Data Mining/research project/archive\train\Malignant\832.jpg,Malignant,1
D:/university/summer 26/Data Mining/research project/archive\train\Malignant\868.jpg,Malignant,1
D:/university/summer 26/Data Mining/research project/archive\train\Benign\1310.jpg,Benign,0
D:/university/summer 26/Data Mining/research project/archive\train\Benign\2065.jpg,Benign,0
D:/university/summer 26/Data Mining/research project/archive\train\Malignant\2999.jpg,Malignant,1
D:/university/summer 26/Data Mining/research project/archive\train\Benign\440.jpg,Benign,0
D:/university/summer 26/Data Mining/research project/archive\train\Malignant\3095.jpg,Malignant,1
D:/university/summer 26/Data Mining/research project/archive\train\Malignant\2000.jpg,Malignant,1
D:/university/summer 26/Data Mining/research project/archive\train\Malignant\5271.jpg,Malignant,1
D:/university/summer 26/Data Mining/research project/archive\train\Benign\2606.jpg,Benign,0
D:/university/summer 26/Data Mining/research project/archive\train\Benign\4631.jpg,Benign,0
D:/university/summer 26/Data Mining/research project/archive\train\Benign\5965.jpg,Benign,0
D:/university/summer 26/Data Mining/research project/archive\train\Benign\5978.jpg,Benign,0
D:/university/summer 26/Data Mining/research project/archive\train\Benign\4511.jpg,Benign,0
D:/university/summer 26/Data Mining/research project/archive\train\Benign\1091.jpg,Benign,0
D:/university/summer 26/Data Mining/research project/archive\train\Benign\2824.jpg,Benign,0
D:/university/summer 26/Data Mining/research project/archive\train\Malignant\3474.jpg,Malignant,1
D:/university/summer 26/Data Mining/research project/archive\train\Malignant\1597.jpg,Malignant,1
D:/university/summer 26/Data Mining/research project/archive\train\Benign\5679.jpg,Benign,0
D:/university/summer 26/Data Mining/research project/archive\train\Benign\376.jpg,Benign,0
D:/university/summer 26/Data Mining/research project/archive\train\Malignant\2452.jpg,Malignant,1
D:/university/summer 26/Data Mining/research project/archive\train\Malignant\733.jpg,Malignant,1
D:/university/summer 26/Data Mining/research project/archive\train\Malignant\5355.jpg,Malignant,1
D:/university/summer 26/Data Mining/research project/archive\train\Benign\193.jpg,Benign,0
D:/university/summer 26/Data Mining/research project/archive\train\Malignant\4043.jpg,Malignant,1
D:/university/summer 26/Data Mining/research project/archive\train\Benign\4144.jpg,Benign,0
D:/university/summer 26/Data Mining/research project/archive\train\Malignant\3288.jpg,Malignant,1
D:/university/summer 26/Data Mining/research project/archive\train\Malignant\786.jpg,Malignant,1
D:/university/summer 26/Data Mining/research project/archive\train\Malignant\5283.jpg,Malignant,1
D:/university/summer 26/Data Mining/research project/archive\train\Malignant\5054.jpg,Malignant,1
D:/university/summer 26/Data Mining/research project/archive\train\Benign\3033.jpg,Benign,0
D:/university/summer 26/Data Mining/research project/archive\train\Benign\3737.jpg,Benign,0
D:/university/summer 26/Data Mining/research project/archive\train\Malignant\1418.jpg,Malignant,1
D:/university/summer 26/Data Mining/research project/archive\train\Benign\1231.jpg,Benign,0
D:/university/summer 26/Data Mining/research project/archive\train\Benign\1252.jpg,Benign,0
D:/university/summer 26/Data Mining/research project/archive\train\Benign\2531.jpg,Benign,0
D:/university/summer 26/Data Mining/research project/archive\train\Benign\5927.jpg,Benign,0
D:/university/summer 26/Data Mining/research project/archive\train\Benign\2781.jpg,Benign,0
D:/university/summer 26/Data Mining/research project/archive\train\Malignant\917.jpg,Malignant,1
D:/university/summer 26/Data Mining/research project/archive\train\Malignant\3029.jpg,Malignant,1
D:/university/summer 26/Data Mining/research project/archive\train\Malignant\5417.jpg,Malignant,1
D:/university/summer 26/Data Mining/research project/archive\train\Benign\4142.jpg,Benign,0
D:/university/summer 26/Data Mining/research project/archive\train\Malignant\938.jpg,Malignant,1
D:/university/summer 26/Data Mining/research project/archive\train\Malignant\1752.jpg,Malignant,1
D:/university/summer 26/Data Mining/research project/archive\train\Benign\3975.jpg,Benign,0
D:/university/summer 26/Data Mining/research project/archive\train\Malignant\2945.jpg,Malignant,1
D:/university/summer 26/Data Mining/research project/archive\train\Benign\3144.jpg,Benign,0
D:/university/summer 26/Data Mining/research project/archive\train\Malignant\1102.jpg,Malignant,1
D:/university/summer 26/Data Mining/research project/archive\train\Benign\2768.jpg,Benign,0
D:/university/summer 26/Data Mining/research project/archive\train\Malignant\1951.jpg,Malignant,1
D:/university/summer 26/Data Mining/research project/archive\train\Benign\4265.jpg,Benign,0
D:/university/summer 26/Data Mining/research project/archive\train\Malignant\5330.jpg,Malignant,1
D:/university/summer 26/Data Mining/research project/archive\train\Malignant\4792.jpg,Malignant,1
D:/university/summer 26/Data Mining/research project/archive\train\Malignant\3754.jpg,Malignant,1
D:/university/summer 26/Data Mining/research project/archive\train\Benign\3281.jpg,Benign,0
D:/university/summer 26/Data Mining/research project/archive\train\Benign\2578.jpg,Benign,0
D:/university/summer 26/Data Mining/research project/archive\train\Benign\3875.jpg,Benign,0
D:/university/summer 26/Data Mining/research project/archive\train\Malignant\601.jpg,Malignant,1
D:/university/summer 26/Data Mining/research project/archive\train\Benign\283.jpg,Benign,0
D:/university/summer 26/Data Mining/research project/archive\train\Malignant\4467.jpg,Malignant,1
D:/university/summer 26/Data Mining/research project/archive\train\Malignant\2126.jpg,Malignant,1
D:/university/summer 26/Data Mining/research project/archive\train\Malignant\2215.jpg,Malignant,1
D:/university/summer 26/Data Mining/research project/archive\train\Benign\3567.jpg,Benign,0
D:/university/summer 26/Data Mining/research project/archive\train\Malignant\2831.jpg,Malignant,1
D:/university/summer 26/Data Mining/research project/archive\train\Benign\4721.jpg,Benign,0
D:/university/summer 26/Data Mining/research project/archive\train\Benign\2110.jpg,Benign,0
D:/university/summer 26/Data Mining/research project/archive\train\Malignant\1207.jpg,Malignant,1
D:/university/summer 26/Data Mining/research project/archive\train\Benign\4844.jpg,Benign,0
D:/university/summer 26/Data Mining/research project/archive\train\Malignant\148.jpg,Malignant,1
D:/university/summer 26/Data Mining/research project/archive\train\Benign\4690.jpg,Benign,0
D:/university/summer 26/Data Mining/research project/archive\train\Malignant\4828.jpg,Malignant,1
D:/university/summer 26/Data Mining/research project/archive\train\Malignant\4334.jpg,Malignant,1
D:/university/summer 26/Data Mining/research project/archive\train\Benign\279.jpg,Benign,0
D:/university/summer 26/Data Mining/research project/archive\train\Malignant\2759.jpg,Malignant,1
D:/university/summer 26/Data Mining/research project/archive\train\Malignant\1287.jpg,Malignant,1
D:/university/summer 26/Data Mining/research project/archive\train\Malignant\3298.jpg,Malignant,1
D:/university/summer 26/Data Mining/research project/archive\train\Benign\2899.jpg,Benign,0
D:/university/summer 26/Data Mining/research project/archive\train\Malignant\2167.jpg,Malignant,1
D:/university/summer 26/Data Mining/research project/archive\train\Benign\3756.jpg,Benign,0
D:/university/summer 26/Data Mining/research project/archive\train\Benign\2683.jpg,Benign,0
D:/university/summer 26/Data Mining/research project/archive\train\Benign\5418.jpg,Benign,0
D:/university/summer 26/Data Mining/research project/archive\train\Malignant\361.jpg,Malignant,1
D:/university/summer 26/Data Mining/research project/archive\train\Benign\3135.jpg,Benign,0
D:/university/summer 26/Data Mining/research project/archive\train\Benign\3628.jpg,Benign,0
D:/university/summer 26/Data Mining/research project/archive\train\Malignant\4372.jpg,Malignant,1
D:/university/summer 26/Data Mining/research project/archive\train\Benign\5453.jpg,Benign,0
D:/university/summer 26/Data Mining/research project/archive\train\Benign\4441.jpg,Benign,0
D:/university/summer 26/Data Mining/research project/archive\train\Malignant\1461.jpg,Malignant,1
D:/university/summer 26/Data Mining/research project/archive\train\Malignant\4604.jpg,Malignant,1
D:/university/summer 26/Data Mining/research project/archive\train\Malignant\3698.jpg,Malignant,1
D:/university/summer 26/Data Mining/research project/archive\train\Benign\5122.jpg,Benign,0
D:/university/summer 26/Data Mining/research project/archive\train\Benign\339.jpg,Benign,0
D:/university/summer 26/Data Mining/research project/archive\train\Malignant\1023.jpg,Malignant,1
D:/university/summer 26/Data Mining/research project/archive\train\Malignant\2097.jpg,Malignant,1
D:/university/summer 26/Data Mining/research project/archive\train\Benign\1560.jpg,Benign,0
D:/university/summer 26/Data Mining/research project/archive\train\Benign\3411.jpg,Benign,0
D:/university/summer 26/Data Mining/research project/archive\train\Benign\5180.jpg,Benign,0
D:/university/summer 26/Data Mining/research project/archive\train\Benign\3712.jpg,Benign,0
D:/university/summer 26/Data Mining/research project/archive\train\Malignant\3339.jpg,Malignant,1
D:/university/summer 26/Data Mining/research project/archive\train\Benign\5744.jpg,Benign,0
D:/university/summer 26/Data Mining/research project/archive\train\Malignant\4688.jpg,Malignant,1
D:/university/summer 26/Data Mining/research project/archive\train\Benign\3128.jpg,Benign,0
D:/university/summer 26/Data Mining/research project/archive\train\Benign\1170.jpg,Benign,0
D:/university/summer 26/Data Mining/research project/archive\train\Malignant\4237.jpg,Malignant,1
D:/university/summer 26/Data Mining/research project/archive\train\Malignant\994.jpg,Malignant,1
D:/university/summer 26/Data Mining/research project/archive\train\Malignant\3369.jpg,Malignant,1
D:/university/summer 26/Data Mining/research project/archive\train\Malignant\5244.jpg,Malignant,1
D:/university/summer 26/Data Mining/research project/archive\train\Benign\4628.jpg,Benign,0
D:/university/summer 26/Data Mining/research project/archive\train\Malignant\2078.jpg,Malignant,1
D:/university/summer 26/Data Mining/research project/archive\train\Benign\3664.jpg,Benign,0
D:/university/summer 26/Data Mining/research project/archive\train\Malignant\2035.jpg,Malignant,1
D:/university/summer 26/Data Mining/research project/archive\train\Benign\4314.jpg,Benign,0
D:/university/summer 26/Data Mining/research project/archive\train\Benign\1116.jpg,Benign,0
D:/university/summer 26/Data Mining/research project/archive\train\Malignant\4964.jpg,Malignant,1
D:/university/summer 26/Data Mining/research project/archive\train\Malignant\3938.jpg,Malignant,1
D:/university/summer 26/Data Mining/research project/archive\train\Benign\1554.jpg,Benign,0
D:/university/summer 26/Data Mining/research project/archive\train\Malignant\3088.jpg,Malignant,1
D:/university/summer 26/Data Mining/research project/archive\train\Malignant\4475.jpg,Malignant,1
D:/university/summer 26/Data Mining/research project/archive\train\Benign\6122.jpg,Benign,0
D:/university/summer 26/Data Mining/research project/archive\train\Malignant\3074.jpg,Malignant,1
D:/university/summer 26/Data Mining/research project/archive\train\Benign\2521.jpg,Benign,0
D:/university/summer 26/Data Mining/research project/archive\train\Malignant\2472.jpg,Malignant,1
D:/university/summer 26/Data Mining/research project/archive\train\Malignant\39.jpg,Malignant,1
D:/university/summer 26/Data Mining/research project/archive\train\Benign\3302.jpg,Benign,0
D:/university/summer 26/Data Mining/research project/archive\train\Malignant\5181.jpg,Malignant,1
D:/university/summer 26/Data Mining/research project/archive\train\Benign\840.jpg,Benign,0
D:/university/summer 26/Data Mining/research project/archive\train\Malignant\3331.jpg,Malignant,1
D:/university/summer 26/Data Mining/research project/archive\train\Benign\5441.jpg,Benign,0
D:/university/summer 26/Data Mining/research project/archive\train\Benign\1630.jpg,Benign,0
D:/university/summer 26/Data Mining/research project/archive\train\Malignant\4389.jpg,Malignant,1
D:/university/summer 26/Data Mining/research project/archive\train\Benign\2451.jpg,Benign,0
D:/university/summer 26/Data Mining/research project/archive\train\Benign\4849.jpg,Benign,0
D:/university/summer 26/Data Mining/research project/archive\train\Benign\4067.jpg,Benign,0
D:/university/summer 26/Data Mining/research project/archive\train\Malignant\3194.jpg,Malignant,1
D:/university/summer 26/Data Mining/research project/archive\train\Benign\2995.jpg,Benign,0
D:/university/summer 26/Data Mining/research project/archive\train\Benign\1514.jpg,Benign,0
D:/university/summer 26/Data Mining/research project/archive\train\Benign\793.jpg,Benign,0
D:/university/summer 26/Data Mining/research project/archive\train\Malignant\2136.jpg,Malignant,1
D:/university/summer 26/Data Mining/research project/archive\train\Malignant\2752.jpg,Malignant,1
D:/university/summer 26/Data Mining/research project/archive\train\Malignant\194.jpg,Malignant,1
D:/university/summer 26/Data Mining/research project/archive\train\Malignant\2728.jpg,Malignant,1
D:/university/summer 26/Data Mining/research project/archive\train\Malignant\25.jpg,Malignant,1
D:/university/summer 26/Data Mining/research project/archive\train\Benign\5725.jpg,Benign,0
D:/university/summer 26/Data Mining/research project/archive\train\Malignant\2207.jpg,Malignant,1
D:/university/summer 26/Data Mining/research project/archive\train\Malignant\3718.jpg,Malignant,1
D:/university/summer 26/Data Mining/research project/archive\train\Benign\2423.jpg,Benign,0
D:/university/summer 26/Data Mining/research project/archive\train\Malignant\5363.jpg,Malignant,1
D:/university/summer 26/Data Mining/research project/archive\train\Malignant\1230.jpg,Malignant,1
D:/university/summer 26/Data Mining/research project/archive\train\Malignant\2056.jpg,Malignant,1
D:/university/summer 26/Data Mining/research project/archive\train\Malignant\5162.jpg,Malignant,1
D:/university/summer 26/Data Mining/research project/archive\train\Malignant\4213.jpg,Malignant,1
D:/university/summer 26/Data Mining/research project/archive\train\Benign\3702.jpg,Benign,0
D:/university/summer 26/Data Mining/research project/archive\train\Malignant\4525.jpg,Malignant,1
D:/university/summer 26/Data Mining/research project/archive\train\Malignant\251.jpg,Malignant,1
D:/university/summer 26/Data Mining/research project/archive\train\Malignant\406.jpg,Malignant,1
D:/university/summer 26/Data Mining/research project/archive\train\Benign\2410.jpg,Benign,0
D:/university/summer 26/Data Mining/research project/archive\train\Malignant\1471.jpg,Malignant,1
D:/university/summer 26/Data Mining/research project/archive\train\Benign\196.jpg,Benign,0
D:/university/summer 26/Data Mining/research project/archive\train\Benign\717.jpg,Benign,0
D:/university/summer 26/Data Mining/research project/archive\train\Malignant\3675.jpg,Malignant,1
D:/university/summer 26/Data Mining/research project/archive\train\Benign\4626.jpg,Benign,0
D:/university/summer 26/Data Mining/research project/archive\train\Benign\5035.jpg,Benign,0
D:/university/summer 26/Data Mining/research project/archive\train\Benign\4057.jpg,Benign,0
D:/university/summer 26/Data Mining/research project/archive\train\Benign\5371.jpg,Benign,0
D:/university/summer 26/Data Mining/research project/archive\train\Benign\4681.jpg,Benign,0
D:/university/summer 26/Data Mining/research project/archive\train\Benign\2688.jpg,Benign,0
D:/university/summer 26/Data Mining/research project/archive\train\Benign\4286.jpg,Benign,0
D:/university/summer 26/Data Mining/research project/archive\train\Benign\6003.jpg,Benign,0
D:/university/summer 26/Data Mining/research project/archive\train\Benign\3917.jpg,Benign,0
D:/university/summer 26/Data Mining/research project/archive\train\Malignant\1547.jpg,Malignant,1
D:/university/summer 26/Data Mining/research project/archive\train\Malignant\2353.jpg,Malignant,1
D:/university/summer 26/Data Mining/research project/archive\train\Benign\5411.jpg,Benign,0
D:/university/summer 26/Data Mining/research project/archive\train\Malignant\618.jpg,Malignant,1
D:/university/summer 26/Data Mining/research project/archive\train\Malignant\1366.jpg,Malignant,1
D:/university/summer 26/Data Mining/research project/archive\train\Malignant\3865.jpg,Malignant,1
D:/university/summer 26/Data Mining/research project/archive\train\Malignant\1280.jpg,Malignant,1
D:/university/summer 26/Data Mining/research project/archive\train\Malignant\5383.jpg,Malignant,1
D:/university/summer 26/Data Mining/research project/archive\train\Benign\1329.jpg,Benign,0
D:/university/summer 26/Data Mining/research project/archive\train\Benign\1800.jpg,Benign,0
D:/university/summer 26/Data Mining/research project/archive\train\Malignant\126.jpg,Malignant,1
D:/university/summer 26/Data Mining/research project/archive\train\Benign\1666.jpg,Benign,0
D:/university/summer 26/Data Mining/research project/archive\train\Benign\1905.jpg,Benign,0
D:/university/summer 26/Data Mining/research project/archive\train\Malignant\740.jpg,Malignant,1
D:/university/summer 26/Data Mining/research project/archive\train\Malignant\1988.jpg,Malignant,1
D:/university/summer 26/Data Mining/research project/archive\train\Benign\3074.jpg,Benign,0
D:/university/summer 26/Data Mining/research project/archive\train\Benign\6116.jpg,Benign,0
D:/university/summer 26/Data Mining/research project/archive\train\Benign\4837.jpg,Benign,0
D:/university/summer 26/Data Mining/research project/archive\train\Malignant\1873.jpg,Malignant,1
D:/university/summer 26/Data Mining/research project/archive\train\Benign\1065.jpg,Benign,0
D:/university/summer 26/Data Mining/research project/archive\train\Malignant\242.jpg,Malignant,1
D:/university/summer 26/Data Mining/research project/archive\train\Malignant\154.jpg,Malignant,1
D:/university/summer 26/Data Mining/research project/archive\train\Benign\3397.jpg,Benign,0
D:/university/summer 26/Data Mining/research project/archive\train\Malignant\881.jpg,Malignant,1
D:/university/summer 26/Data Mining/research project/archive\train\Benign\2458.jpg,Benign,0
D:/university/summer 26/Data Mining/research project/archive\train\Malignant\4215.jpg,Malignant,1
D:/university/summer 26/Data Mining/research project/archive\train\Malignant\4989.jpg,Malignant,1
D:/university/summer 26/Data Mining/research project/archive\train\Malignant\1437.jpg,Malignant,1
D:/university/summer 26/Data Mining/research project/archive\train\Benign\406.jpg,Benign,0
D:/university/summer 26/Data Mining/research project/archive\train\Malignant\2673.jpg,Malignant,1
D:/university/summer 26/Data Mining/research project/archive\train\Benign\943.jpg,Benign,0
D:/university/summer 26/Data Mining/research project/archive\train\Benign\2302.jpg,Benign,0
D:/university/summer 26/Data Mining/research project/archive\train\Benign\1440.jpg,Benign,0
D:/university/summer 26/Data Mining/research project/archive\train\Benign\4743.jpg,Benign,0
D:/university/summer 26/Data Mining/research project/archive\train\Benign\5981.jpg,Benign,0
D:/university/summer 26/Data Mining/research project/archive\train\Benign\625.jpg,Benign,0
D:/university/summer 26/Data Mining/research project/archive\train\Malignant\2166.jpg,Malignant,1
D:/university/summer 26/Data Mining/research project/archive\train\Benign\4644.jpg,Benign,0
D:/university/summer 26/Data Mining/research project/archive\train\Benign\2754.jpg,Benign,0
D:/university/summer 26/Data Mining/research project/archive\train\Malignant\5090.jpg,Malignant,1
D:/university/summer 26/Data Mining/research project/archive\train\Malignant\296.jpg,Malignant,1
D:/university/summer 26/Data Mining/research project/archive\train\Benign\5341.jpg,Benign,0
D:/university/summer 26/Data Mining/research project/archive\train\Benign\4073.jpg,Benign,0
D:/university/summer 26/Data Mining/research project/archive\train\Benign\3850.jpg,Benign,0
D:/university/summer 26/Data Mining/research project/archive\train\Malignant\3488.jpg,Malignant,1
D:/university/summer 26/Data Mining/research project/archive\train\Benign\3376.jpg,Benign,0
D:/university/summer 26/Data Mining/research project/archive\train\Benign\2589.jpg,Benign,0
D:/university/summer 26/Data Mining/research project/archive\train\Malignant\2161.jpg,Malignant,1
D:/university/summer 26/Data Mining/research project/archive\train\Malignant\413.jpg,Malignant,1
D:/university/summer 26/Data Mining/research project/archive\train\Benign\2774.jpg,Benign,0
D:/university/summer 26/Data Mining/research project/archive\train\Malignant\2860.jpg,Malignant,1
D:/university/summer 26/Data Mining/research project/archive\train\Malignant\2216.jpg,Malignant,1
D:/university/summer 26/Data Mining/research project/archive\train\Benign\585.jpg,Benign,0
D:/university/summer 26/Data Mining/research project/archive\train\Benign\2649.jpg,Benign,0
D:/university/summer 26/Data Mining/research project/archive\train\Benign\2446.jpg,Benign,0
D:/university/summer 26/Data Mining/research project/archive\train\Malignant\2182.jpg,Malignant,1
D:/university/summer 26/Data Mining/research project/archive\train\Malignant\562.jpg,Malignant,1
D:/university/summer 26/Data Mining/research project/archive\train\Malignant\1386.jpg,Malignant,1
D:/university/summer 26/Data Mining/research project/archive\train\Benign\1150.jpg,Benign,0
D:/university/summer 26/Data Mining/research project/archive\train\Benign\2324.jpg,Benign,0
D:/university/summer 26/Data Mining/research project/archive\train\Malignant\1796.jpg,Malignant,1
D:/university/summer 26/Data Mining/research project/archive\train\Benign\4256.jpg,Benign,0
D:/university/summer 26/Data Mining/research project/archive\train\Malignant\4635.jpg,Malignant,1
D:/university/summer 26/Data Mining/research project/archive\train\Malignant\1485.jpg,Malignant,1
D:/university/summer 26/Data Mining/research project/archive\train\Malignant\5345.jpg,Malignant,1
D:/university/summer 26/Data Mining/research project/archive\train\Malignant\4038.jpg,Malignant,1
D:/university/summer 26/Data Mining/research project/archive\train\Malignant\4576.jpg,Malignant,1
D:/university/summer 26/Data Mining/research project/archive\train\Benign\219.jpg,Benign,0
D:/university/summer 26/Data Mining/research project/archive\train\Benign\5957.jpg,Benign,0
D:/university/summer 26/Data Mining/research project/archive\train\Malignant\2862.jpg,Malignant,1
D:/university/summer 26/Data Mining/research project/archive\train\Malignant\5280.jpg,Malignant,1
D:/university/summer 26/Data Mining/research project/archive\train\Benign\143.jpg,Benign,0
D:/university/summer 26/Data Mining/research project/archive\train\Benign\1799.jpg,Benign,0
D:/university/summer 26/Data Mining/research project/archive\train\Malignant\774.jpg,Malignant,1
D:/university/summer 26/Data Mining/research project/archive\train\Malignant\20.jpg,Malignant,1
D:/university/summer 26/Data Mining/research project/archive\train\Benign\2835.jpg,Benign,0
D:/university/summer 26/Data Mining/research project/archive\train\Malignant\5216.jpg,Malignant,1
D:/university/summer 26/Data Mining/research project/archive\train\Malignant\3601.jpg,Malignant,1
D:/university/summer 26/Data Mining/research project/archive\train\Benign\2232.jpg,Benign,0
D:/university/summer 26/Data Mining/research project/archive\train\Malignant\2089.jpg,Malignant,1
D:/university/summer 26/Data Mining/research project/archive\train\Malignant\1603.jpg,Malignant,1
D:/university/summer 26/Data Mining/research project/archive\train\Benign\2455.jpg,Benign,0
D:/university/summer 26/Data Mining/research project/archive\train\Malignant\4291.jpg,Malignant,1
D:/university/summer 26/Data Mining/research project/archive\train\Malignant\5306.jpg,Malignant,1
D:/university/summer 26/Data Mining/research project/archive\train\Benign\1466.jpg,Benign,0
D:/university/summer 26/Data Mining/research project/archive\train\Benign\812.jpg,Benign,0
D:/university/summer 26/Data Mining/research project/archive\train\Benign\670.jpg,Benign,0
D:/university/summer 26/Data Mining/research project/archive\train\Benign\5451.jpg,Benign,0
D:/university/summer 26/Data Mining/research project/archive\train\Benign\254.jpg,Benign,0
D:/university/summer 26/Data Mining/research project/archive\train\Benign\3180.jpg,Benign,0
D:/university/summer 26/Data Mining/research project/archive\train\Benign\796.jpg,Benign,0
D:/university/summer 26/Data Mining/research project/archive\train\Malignant\3351.jpg,Malignant,1
D:/university/summer 26/Data Mining/research project/archive\train\Benign\3939.jpg,Benign,0
D:/university/summer 26/Data Mining/research project/archive\train\Benign\4529.jpg,Benign,0
D:/university/summer 26/Data Mining/research project/archive\train\Malignant\2183.jpg,Malignant,1
D:/university/summer 26/Data Mining/research project/archive\train\Malignant\308.jpg,Malignant,1
D:/university/summer 26/Data Mining/research project/archive\train\Malignant\1896.jpg,Malignant,1
D:/university/summer 26/Data Mining/research project/archive\train\Malignant\4877.jpg,Malignant,1
D:/university/summer 26/Data Mining/research project/archive\train\Malignant\1619.jpg,Malignant,1
D:/university/summer 26/Data Mining/research project/archive\train\Malignant\2505.jpg,Malignant,1
D:/university/summer 26/Data Mining/research project/archive\train\Benign\3227.jpg,Benign,0
D:/university/summer 26/Data Mining/research project/archive\train\Benign\4899.jpg,Benign,0
D:/university/summer 26/Data Mining/research project/archive\train\Malignant\4499.jpg,Malignant,1
D:/university/summer 26/Data Mining/research project/archive\train\Benign\5320.jpg,Benign,0
D:/university/summer 26/Data Mining/research project/archive\train\Malignant\3642.jpg,Malignant,1
D:/university/summer 26/Data Mining/research project/archive\train\Benign\3000.jpg,Benign,0
D:/university/summer 26/Data Mining/research project/archive\train\Benign\5360.jpg,Benign,0
D:/university/summer 26/Data Mining/research project/archive\train\Malignant\949.jpg,Malignant,1
D:/university/summer 26/Data Mining/research project/archive\train\Benign\4137.jpg,Benign,0
D:/university/summer 26/Data Mining/research project/archive\train\Benign\1037.jpg,Benign,0
D:/university/summer 26/Data Mining/research project/archive\train\Malignant\2615.jpg,Malignant,1
D:/university/summer 26/Data Mining/research project/archive\train\Benign\1530.jpg,Benign,0
D:/university/summer 26/Data Mining/research project/archive\train\Malignant\4873.jpg,Malignant,1
D:/university/summer 26/Data Mining/research project/archive\train\Benign\3475.jpg,Benign,0
D:/university/summer 26/Data Mining/research project/archive\train\Benign\6121.jpg,Benign,0
D:/university/summer 26/Data Mining/research project/archive\train\Malignant\1417.jpg,Malignant,1
D:/university/summer 26/Data Mining/research project/archive\train\Benign\2453.jpg,Benign,0
D:/university/summer 26/Data Mining/research project/archive\train\Benign\4287.jpg,Benign,0
D:/university/summer 26/Data Mining/research project/archive\train\Malignant\3412.jpg,Malignant,1
D:/university/summer 26/Data Mining/research project/archive\train\Malignant\1642.jpg,Malignant,1
D:/university/summer 26/Data Mining/research project/archive\train\Benign\5243.jpg,Benign,0
D:/university/summer 26/Data Mining/research project/archive\train\Benign\128.jpg,Benign,0
D:/university/summer 26/Data Mining/research project/archive\train\Benign\2700.jpg,Benign,0
D:/university/summer 26/Data Mining/research project/archive\train\Malignant\5385.jpg,Malignant,1
D:/university/summer 26/Data Mining/research project/archive\train\Malignant\476.jpg,Malignant,1
D:/university/summer 26/Data Mining/research project/archive\train\Benign\5826.jpg,Benign,0
D:/university/summer 26/Data Mining/research project/archive\train\Malignant\4992.jpg,Malignant,1
D:/university/summer 26/Data Mining/research project/archive\train\Benign\2608.jpg,Benign,0
D:/university/summer 26/Data Mining/research project/archive\train\Malignant\2494.jpg,Malignant,1
D:/university/summer 26/Data Mining/research project/archive\train\Benign\4361.jpg,Benign,0
D:/university/summer 26/Data Mining/research project/archive\train\Benign\4927.jpg,Benign,0
D:/university/summer 26/Data Mining/research project/archive\train\Benign\4826.jpg,Benign,0
D:/university/summer 26/Data Mining/research project/archive\train\Benign\1144.jpg,Benign,0
D:/university/summer 26/Data Mining/research project/archive\train\Benign\4945.jpg,Benign,0
D:/university/summer 26/Data Mining/research project/archive\train\Benign\716.jpg,Benign,0
D:/university/summer 26/Data Mining/research project/archive\train\Benign\1897.jpg,Benign,0
D:/university/summer 26/Data Mining/research project/archive\train\Malignant\3781.jpg,Malignant,1
D:/university/summer 26/Data Mining/research project/archive\train\Malignant\433.jpg,Malignant,1
D:/university/summer 26/Data Mining/research project/archive\train\Malignant\4093.jpg,Malignant,1
D:/university/summer 26/Data Mining/research project/archive\train\Benign\3990.jpg,Benign,0
D:/university/summer 26/Data Mining/research project/archive\train\Benign\4100.jpg,Benign,0
D:/university/summer 26/Data Mining/research project/archive\train\Malignant\4166.jpg,Malignant,1
D:/university/summer 26/Data Mining/research project/archive\train\Benign\3081.jpg,Benign,0
D:/university/summer 26/Data Mining/research project/archive\train\Benign\4313.jpg,Benign,0
D:/university/summer 26/Data Mining/research project/archive\train\Benign\927.jpg,Benign,0
D:/university/summer 26/Data Mining/research project/archive\train\Benign\1333.jpg,Benign,0
D:/university/summer 26/Data Mining/research project/archive\train\Malignant\2247.jpg,Malignant,1
D:/university/summer 26/Data Mining/research project/archive\train\Benign\3414.jpg,Benign,0
D:/university/summer 26/Data Mining/research project/archive\train\Malignant\4282.jpg,Malignant,1
D:/university/summer 26/Data Mining/research project/archive\train\Benign\1662.jpg,Benign,0
D:/university/summer 26/Data Mining/research project/archive\train\Benign\2359.jpg,Benign,0
D:/university/summer 26/Data Mining/research project/archive\train\Benign\3843.jpg,Benign,0
D:/university/summer 26/Data Mining/research project/archive\train\Malignant\3565.jpg,Malignant,1
D:/university/summer 26/Data Mining/research project/archive\train\Benign\3325.jpg,Benign,0
D:/university/summer 26/Data Mining/research project/archive\train\Benign\1217.jpg,Benign,0
D:/university/summer 26/Data Mining/research project/archive\train\Malignant\4955.jpg,Malignant,1
D:/university/summer 26/Data Mining/research project/archive\train\Benign\163.jpg,Benign,0
D:/university/summer 26/Data Mining/research project/archive\train\Malignant\741.jpg,Malignant,1
D:/university/summer 26/Data Mining/research project/archive\train\Benign\5550.jpg,Benign,0
D:/university/summer 26/Data Mining/research project/archive\train\Benign\394.jpg,Benign,0
D:/university/summer 26/Data Mining/research project/archive\train\Malignant\1745.jpg,Malignant,1
D:/university/summer 26/Data Mining/research project/archive\train\Benign\5264.jpg,Benign,0
D:/university/summer 26/Data Mining/research project/archive\train\Malignant\1328.jpg,Malignant,1
D:/university/summer 26/Data Mining/research project/archive\train\Benign\743.jpg,Benign,0
D:/university/summer 26/Data Mining/research project/archive\train\Benign\1355.jpg,Benign,0
D:/university/summer 26/Data Mining/research project/archive\train\Malignant\5299.jpg,Malignant,1
D:/university/summer 26/Data Mining/research project/archive\train\Malignant\2605.jpg,Malignant,1
D:/university/summer 26/Data Mining/research project/archive\train\Benign\5004.jpg,Benign,0
D:/university/summer 26/Data Mining/research project/archive\train\Benign\1756.jpg,Benign,0
D:/university/summer 26/Data Mining/research project/archive\train\Benign\1540.jpg,Benign,0
D:/university/summer 26/Data Mining/research project/archive\train\Malignant\4324.jpg,Malignant,1
D:/university/summer 26/Data Mining/research project/archive\train\Benign\5614.jpg,Benign,0
D:/university/summer 26/Data Mining/research project/archive\train\Malignant\5387.jpg,Malignant,1
D:/university/summer 26/Data Mining/research project/archive\train\Benign\4309.jpg,Benign,0
D:/university/summer 26/Data Mining/research project/archive\train\Malignant\5486.jpg,Malignant,1
D:/university/summer 26/Data Mining/research project/archive\train\Benign\2207.jpg,Benign,0
D:/university/summer 26/Data Mining/research project/archive\train\Malignant\953.jpg,Malignant,1
D:/university/summer 26/Data Mining/research project/archive\train\Benign\1366.jpg,Benign,0
D:/university/summer 26/Data Mining/research project/archive\train\Malignant\1378.jpg,Malignant,1
D:/university/summer 26/Data Mining/research project/archive\train\Benign\5809.jpg,Benign,0
D:/university/summer 26/Data Mining/research project/archive\train\Benign\1620.jpg,Benign,0
D:/university/summer 26/Data Mining/research project/archive\train\Benign\4221.jpg,Benign,0
D:/university/summer 26/Data Mining/research project/archive\train\Benign\5512.jpg,Benign,0
D:/university/summer 26/Data Mining/research project/archive\train\Benign\4362.jpg,Benign,0
D:/university/summer 26/Data Mining/research project/archive\train\Benign\5779.jpg,Benign,0
D:/university/summer 26/Data Mining/research project/archive\train\Benign\2906.jpg,Benign,0
D:/university/summer 26/Data Mining/research project/archive\train\Malignant\2901.jpg,Malignant,1
D:/university/summer 26/Data Mining/research project/archive\train\Benign\4155.jpg,Benign,0
D:/university/summer 26/Data Mining/research project/archive\train\Benign\2291.jpg,Benign,0
D:/university/summer 26/Data Mining/research project/archive\train\Benign\3183.jpg,Benign,0
D:/university/summer 26/Data Mining/research project/archive\train\Benign\2178.jpg,Benign,0
D:/university/summer 26/Data Mining/research project/archive\train\Benign\567.jpg,Benign,0
D:/university/summer 26/Data Mining/research project/archive\train\Malignant\2808.jpg,Malignant,1
D:/university/summer 26/Data Mining/research project/archive\train\Benign\6012.jpg,Benign,0
D:/university/summer 26/Data Mining/research project/archive\train\Benign\5354.jpg,Benign,0
D:/university/summer 26/Data Mining/research project/archive\train\Malignant\171.jpg,Malignant,1
D:/university/summer 26/Data Mining/research project/archive\train\Benign\5830.jpg,Benign,0
D:/university/summer 26/Data Mining/research project/archive\train\Benign\3014.jpg,Benign,0
D:/university/summer 26/Data Mining/research project/archive\train\Benign\2885.jpg,Benign,0
D:/university/summer 26/Data Mining/research project/archive\train\Malignant\5119.jpg,Malignant,1
D:/university/summer 26/Data Mining/research project/archive\train\Benign\2154.jpg,Benign,0
D:/university/summer 26/Data Mining/research project/archive\train\Benign\1537.jpg,Benign,0
D:/university/summer 26/Data Mining/research project/archive\train\Benign\1016.jpg,Benign,0
D:/university/summer 26/Data Mining/research project/archive\train\Benign\851.jpg,Benign,0
D:/university/summer 26/Data Mining/research project/archive\train\Benign\139.jpg,Benign,0
D:/university/summer 26/Data Mining/research project/archive\train\Malignant\4329.jpg,Malignant,1
D:/university/summer 26/Data Mining/research project/archive\train\Malignant\3221.jpg,Malignant,1
D:/university/summer 26/Data Mining/research project/archive\train\Benign\1462.jpg,Benign,0
D:/university/summer 26/Data Mining/research project/archive\train\Benign\5666.jpg,Benign,0
D:/university/summer 26/Data Mining/research project/archive\train\Malignant\4144.jpg,Malignant,1
D:/university/summer 26/Data Mining/research project/archive\train\Malignant\1390.jpg,Malignant,1
D:/university/summer 26/Data Mining/research project/archive\train\Benign\5604.jpg,Benign,0
D:/university/summer 26/Data Mining/research project/archive\train\Malignant\3497.jpg,Malignant,1
D:/university/summer 26/Data Mining/research project/archive\train\Benign\4472.jpg,Benign,0
D:/university/summer 26/Data Mining/research project/archive\train\Malignant\664.jpg,Malignant,1
D:/university/summer 26/Data Mining/research project/archive\train\Benign\5674.jpg,Benign,0
D:/university/summer 26/Data Mining/research project/archive\train\Benign\1383.jpg,Benign,0
D:/university/summer 26/Data Mining/research project/archive\train\Malignant\3188.jpg,Malignant,1
D:/university/summer 26/Data Mining/research project/archive\train\Benign\253.jpg,Benign,0
D:/university/summer 26/Data Mining/research project/archive\train\Malignant\858.jpg,Malignant,1
D:/university/summer 26/Data Mining/research project/archive\train\Benign\1439.jpg,Benign,0
D:/university/summer 26/Data Mining/research project/archive\train\Malignant\3115.jpg,Malignant,1
D:/university/summer 26/Data Mining/research project/archive\train\Malignant\404.jpg,Malignant,1
D:/university/summer 26/Data Mining/research project/archive\train\Malignant\645.jpg,Malignant,1
D:/university/summer 26/Data Mining/research project/archive\train\Benign\3446.jpg,Benign,0
D:/university/summer 26/Data Mining/research project/archive\train\Malignant\995.jpg,Malignant,1
D:/university/summer 26/Data Mining/research project/archive\train\Malignant\5133.jpg,Malignant,1
D:/university/summer 26/Data Mining/research project/archive\train\Malignant\450.jpg,Malignant,1
D:/university/summer 26/Data Mining/research project/archive\train\Malignant\452.jpg,Malignant,1
D:/university/summer 26/Data Mining/research project/archive\train\Benign\1524.jpg,Benign,0
D:/university/summer 26/Data Mining/research project/archive\train\Benign\308.jpg,Benign,0
D:/university/summer 26/Data Mining/research project/archive\train\Benign\445.jpg,Benign,0
D:/university/summer 26/Data Mining/research project/archive\train\Benign\5528.jpg,Benign,0
D:/university/summer 26/Data Mining/research project/archive\train\Malignant\4349.jpg,Malignant,1
D:/university/summer 26/Data Mining/research project/archive\train\Benign\1584.jpg,Benign,0
D:/university/summer 26/Data Mining/research project/archive\train\Benign\4616.jpg,Benign,0
D:/university/summer 26/Data Mining/research project/archive\train\Malignant\621.jpg,Malignant,1
D:/university/summer 26/Data Mining/research project/archive\train\Malignant\4248.jpg,Malignant,1
D:/university/summer 26/Data Mining/research project/archive\train\Malignant\706.jpg,Malignant,1
D:/university/summer 26/Data Mining/research project/archive\train\Malignant\5464.jpg,Malignant,1
D:/university/summer 26/Data Mining/research project/archive\train\Malignant\2095.jpg,Malignant,1
D:/university/summer 26/Data Mining/research project/archive\train\Malignant\2482.jpg,Malignant,1
D:/university/summer 26/Data Mining/research project/archive\train\Benign\4693.jpg,Benign,0
D:/university/summer 26/Data Mining/research project/archive\train\Benign\5352.jpg,Benign,0
D:/university/summer 26/Data Mining/research project/archive\train\Malignant\4872.jpg,Malignant,1
D:/university/summer 26/Data Mining/research project/archive\train\Malignant\2898.jpg,Malignant,1
D:/university/summer 26/Data Mining/research project/archive\train\Malignant\5218.jpg,Malignant,1
D:/university/summer 26/Data Mining/research project/archive\train\Benign\3083.jpg,Benign,0
D:/university/summer 26/Data Mining/research project/archive\train\Malignant\229.jpg,Malignant,1
D:/university/summer 26/Data Mining/research project/archive\train\Malignant\2902.jpg,Malignant,1
D:/university/summer 26/Data Mining/research project/archive\train\Benign\378.jpg,Benign,0
D:/university/summer 26/Data Mining/research project/archive\train\Benign\4248.jpg,Benign,0
D:/university/summer 26/Data Mining/research project/archive\train\Benign\465.jpg,Benign,0
D:/university/summer 26/Data Mining/research project/archive\train\Benign\2618.jpg,Benign,0
D:/university/summer 26/Data Mining/research project/archive\train\Malignant\5297.jpg,Malignant,1
D:/university/summer 26/Data Mining/research project/archive\train\Benign\2923.jpg,Benign,0
D:/university/summer 26/Data Mining/research project/archive\train\Malignant\1148.jpg,Malignant,1
D:/university/summer 26/Data Mining/research project/archive\train\Benign\1525.jpg,Benign,0
D:/university/summer 26/Data Mining/research project/archive\train\Benign\1557.jpg,Benign,0
D:/university/summer 26/Data Mining/research project/archive\train\Malignant\4345.jpg,Malignant,1
D:/university/summer 26/Data Mining/research project/archive\train\Benign\732.jpg,Benign,0
D:/university/summer 26/Data Mining/research project/archive\train\Benign\1519.jpg,Benign,0
D:/university/summer 26/Data Mining/research project/archive\train\Benign\5902.jpg,Benign,0
D:/university/summer 26/Data Mining/research project/archive\train\Benign\3162.jpg,Benign,0
D:/university/summer 26/Data Mining/research project/archive\train\Malignant\4191.jpg,Malignant,1
D:/university/summer 26/Data Mining/research project/archive\train\Malignant\1106.jpg,Malignant,1
D:/university/summer 26/Data Mining/research project/archive\train\Malignant\5050.jpg,Malignant,1
D:/university/summer 26/Data Mining/research project/archive\train\Benign\34.jpg,Benign,0
D:/university/summer 26/Data Mining/research project/archive\train\Benign\4575.jpg,Benign,0
D:/university/summer 26/Data Mining/research project/archive\train\Malignant\36.jpg,Malignant,1
D:/university/summer 26/Data Mining/research project/archive\train\Benign\4560.jpg,Benign,0
D:/university/summer 26/Data Mining/research project/archive\train\Benign\5745.jpg,Benign,0
D:/university/summer 26/Data Mining/research project/archive\train\Malignant\3988.jpg,Malignant,1
D:/university/summer 26/Data Mining/research project/archive\train\Benign\5815.jpg,Benign,0
D:/university/summer 26/Data Mining/research project/archive\train\Malignant\1947.jpg,Malignant,1
D:/university/summer 26/Data Mining/research project/archive\train\Benign\2803.jpg,Benign,0
D:/university/summer 26/Data Mining/research project/archive\train\Malignant\3564.jpg,Malignant,1
D:/university/summer 26/Data Mining/research project/archive\train\Benign\446.jpg,Benign,0
D:/university/summer 26/Data Mining/research project/archive\train\Benign\4016.jpg,Benign,0
D:/university/summer 26/Data Mining/research project/archive\train\Malignant\75.jpg,Malignant,1
D:/university/summer 26/Data Mining/research project/archive\train\Benign\1031.jpg,Benign,0
D:/university/summer 26/Data Mining/research project/archive\train\Benign\3020.jpg,Benign,0
D:/university/summer 26/Data Mining/research project/archive\train\Benign\5206.jpg,Benign,0
D:/university/summer 26/Data Mining/research project/archive\train\Malignant\695.jpg,Malignant,1
D:/university/summer 26/Data Mining/research project/archive\train\Benign\2138.jpg,Benign,0
D:/university/summer 26/Data Mining/research project/archive\train\Benign\5263.jpg,Benign,0
D:/university/summer 26/Data Mining/research project/archive\train\Benign\1465.jpg,Benign,0
D:/university/summer 26/Data Mining/research project/archive\train\Malignant\3244.jpg,Malignant,1
D:/university/summer 26/Data Mining/research project/archive\train\Malignant\5111.jpg,Malignant,1
D:/university/summer 26/Data Mining/research project/archive\train\Malignant\1063.jpg,Malignant,1
D:/university/summer 26/Data Mining/research project/archive\train\Malignant\3979.jpg,Malignant,1
D:/university/summer 26/Data Mining/research project/archive\train\Benign\5811.jpg,Benign,0
D:/university/summer 26/Data Mining/research project/archive\train\Malignant\167.jpg,Malignant,1
D:/university/summer 26/Data Mining/research project/archive\train\Malignant\2648.jpg,Malignant,1
D:/university/summer 26/Data Mining/research project/archive\train\Benign\1659.jpg,Benign,0
D:/university/summer 26/Data Mining/research project/archive\train\Benign\5105.jpg,Benign,0
D:/university/summer 26/Data Mining/research project/archive\train\Malignant\4711.jpg,Malignant,1
D:/university/summer 26/Data Mining/research project/archive\train\Benign\6072.jpg,Benign,0
D:/university/summer 26/Data Mining/research project/archive\train\Malignant\3022.jpg,Malignant,1
D:/university/summer 26/Data Mining/research project/archive\train\Benign\5624.jpg,Benign,0
D:/university/summer 26/Data Mining/research project/archive\train\Benign\3027.jpg,Benign,0
D:/university/summer 26/Data Mining/research project/archive\train\Benign\3109.jpg,Benign,0
D:/university/summer 26/Data Mining/research project/archive\train\Malignant\720.jpg,Malignant,1
D:/university/summer 26/Data Mining/research project/archive\train\Benign\3103.jpg,Benign,0
D:/university/summer 26/Data Mining/research project/archive\train\Benign\11.jpg,Benign,0
D:/university/summer 26/Data Mining/research project/archive\train\Benign\4097.jpg,Benign,0
D:/university/summer 26/Data Mining/research project/archive\train\Malignant\808.jpg,Malignant,1
D:/university/summer 26/Data Mining/research project/archive\train\Benign\6144.jpg,Benign,0
D:/university/summer 26/Data Mining/research project/archive\train\Benign\2723.jpg,Benign,0
D:/university/summer 26/Data Mining/research project/archive\train\Malignant\4014.jpg,Malignant,1
D:/university/summer 26/Data Mining/research project/archive\train\Benign\1863.jpg,Benign,0
D:/university/summer 26/Data Mining/research project/archive\train\Benign\3602.jpg,Benign,0
D:/university/summer 26/Data Mining/research project/archive\train\Malignant\5010.jpg,Malignant,1
D:/university/summer 26/Data Mining/research project/archive\train\Benign\3631.jpg,Benign,0
D:/university/summer 26/Data Mining/research project/archive\train\Malignant\1532.jpg,Malignant,1
D:/university/summer 26/Data Mining/research project/archive\train\Benign\5273.jpg,Benign,0
D:/university/summer 26/Data Mining/research project/archive\train\Malignant\2780.jpg,Malignant,1
D:/university/summer 26/Data Mining/research project/archive\train\Malignant\396.jpg,Malignant,1
D:/university/summer 26/Data Mining/research project/archive\train\Malignant\4651.jpg,Malignant,1
D:/university/summer 26/Data Mining/research project/archive\train\Benign\4443.jpg,Benign,0
D:/university/summer 26/Data Mining/research project/archive\train\Benign\2874.jpg,Benign,0
D:/university/summer 26/Data Mining/research project/archive\train\Malignant\3876.jpg,Malignant,1
D:/university/summer 26/Data Mining/research project/archive\train\Benign\4134.jpg,Benign,0
D:/university/summer 26/Data Mining/research project/archive\train\Benign\661.jpg,Benign,0
D:/university/summer 26/Data Mining/research project/archive\train\Malignant\2975.jpg,Malignant,1
D:/university/summer 26/Data Mining/research project/archive\train\Benign\2109.jpg,Benign,0
D:/university/summer 26/Data Mining/research project/archive\train\Malignant\3062.jpg,Malignant,1
D:/university/summer 26/Data Mining/research project/archive\train\Malignant\4430.jpg,Malignant,1
D:/university/summer 26/Data Mining/research project/archive\train\Benign\4423.jpg,Benign,0
D:/university/summer 26/Data Mining/research project/archive\train\Malignant\4995.jpg,Malignant,1
D:/university/summer 26/Data Mining/research project/archive\train\Benign\4640.jpg,Benign,0
D:/university/summer 26/Data Mining/research project/archive\train\Malignant\3125.jpg,Malignant,1
D:/university/summer 26/Data Mining/research project/archive\train\Malignant\1776.jpg,Malignant,1
D:/university/summer 26/Data Mining/research project/archive\train\Malignant\1477.jpg,Malignant,1
D:/university/summer 26/Data Mining/research project/archive\train\Malignant\1487.jpg,Malignant,1
D:/university/summer 26/Data Mining/research project/archive\train\Malignant\255.jpg,Malignant,1
D:/university/summer 26/Data Mining/research project/archive\train\Malignant\2254.jpg,Malignant,1
D:/university/summer 26/Data Mining/research project/archive\train\Benign\4042.jpg,Benign,0
D:/university/summer 26/Data Mining/research project/archive\train\Benign\3273.jpg,Benign,0
D:/university/summer 26/Data Mining/research project/archive\train\Malignant\5510.jpg,Malignant,1
D:/university/summer 26/Data Mining/research project/archive\train\Benign\5501.jpg,Benign,0
D:/university/summer 26/Data Mining/research project/archive\train\Malignant\1689.jpg,Malignant,1
D:/university/summer 26/Data Mining/research project/archive\train\Benign\4559.jpg,Benign,0
D:/university/summer 26/Data Mining/research project/archive\train\Malignant\5296.jpg,Malignant,1
D:/university/summer 26/Data Mining/research project/archive\train\Malignant\4962.jpg,Malignant,1
D:/university/summer 26/Data Mining/research project/archive\train\Benign\180.jpg,Benign,0
D:/university/summer 26/Data Mining/research project/archive\train\Malignant\1566.jpg,Malignant,1
D:/university/summer 26/Data Mining/research project/archive\train\Malignant\5566.jpg,Malignant,1
D:/university/summer 26/Data Mining/research project/archive\train\Benign\2657.jpg,Benign,0
D:/university/summer 26/Data Mining/research project/archive\train\Malignant\1637.jpg,Malignant,1
D:/university/summer 26/Data Mining/research project/archive\train\Benign\3551.jpg,Benign,0
D:/university/summer 26/Data Mining/research project/archive\train\Malignant\1154.jpg,Malignant,1
D:/university/summer 26/Data Mining/research project/archive\train\Malignant\4161.jpg,Malignant,1
D:/university/summer 26/Data Mining/research project/archive\train\Benign\2695.jpg,Benign,0
D:/university/summer 26/Data Mining/research project/archive\train\Malignant\3901.jpg,Malignant,1
D:/university/summer 26/Data Mining/research project/archive\train\Benign\4520.jpg,Benign,0
D:/university/summer 26/Data Mining/research project/archive\train\Malignant\227.jpg,Malignant,1
D:/university/summer 26/Data Mining/research project/archive\train\Malignant\4520.jpg,Malignant,1
D:/university/summer 26/Data Mining/research project/archive\train\Malignant\5148.jpg,Malignant,1
D:/university/summer 26/Data Mining/research project/archive\train\Malignant\3587.jpg,Malignant,1
D:/university/summer 26/Data Mining/research project/archive\train\Benign\3198.jpg,Benign,0
D:/university/summer 26/Data Mining/research project/archive\train\Malignant\2386.jpg,Malignant,1
D:/university/summer 26/Data Mining/research project/archive\train\Benign\2243.jpg,Benign,0
D:/university/summer 26/Data Mining/research project/archive\train\Benign\5711.jpg,Benign,0
D:/university/summer 26/Data Mining/research project/archive\train\Benign\1229.jpg,Benign,0
D:/university/summer 26/Data Mining/research project/archive\train\Malignant\4617.jpg,Malignant,1
D:/university/summer 26/Data Mining/research project/archive\train\Benign\885.jpg,Benign,0
D:/university/summer 26/Data Mining/research project/archive\train\Malignant\5474.jpg,Malignant,1
D:/university/summer 26/Data Mining/research project/archive\train\Malignant\6.jpg,Malignant,1
D:/university/summer 26/Data Mining/research project/archive\train\Benign\6211.jpg,Benign,0
D:/university/summer 26/Data Mining/research project/archive\train\Malignant\4919.jpg,Malignant,1
D:/university/summer 26/Data Mining/research project/archive\train\Benign\1323.jpg,Benign,0
D:/university/summer 26/Data Mining/research project/archive\train\Benign\5036.jpg,Benign,0
D:/university/summer 26/Data Mining/research project/archive\train\Benign\5887.jpg,Benign,0
D:/university/summer 26/Data Mining/research project/archive\train\Malignant\2281.jpg,Malignant,1
D:/university/summer 26/Data Mining/research project/archive\train\Benign\360.jpg,Benign,0
D:/university/summer 26/Data Mining/research project/archive\train\Benign\4666.jpg,Benign,0
D:/university/summer 26/Data Mining/research project/archive\train\Benign\3219.jpg,Benign,0
D:/university/summer 26/Data Mining/research project/archive\train\Benign\4673.jpg,Benign,0
D:/university/summer 26/Data Mining/research project/archive\train\Benign\3366.jpg,Benign,0
D:/university/summer 26/Data Mining/research project/archive\train\Benign\97.jpg,Benign,0
D:/university/summer 26/Data Mining/research project/archive\train\Benign\3482.jpg,Benign,0
D:/university/summer 26/Data Mining/research project/archive\train\Benign\4806.jpg,Benign,0
D:/university/summer 26/Data Mining/research project/archive\train\Benign\828.jpg,Benign,0
D:/university/summer 26/Data Mining/research project/archive\train\Benign\154.jpg,Benign,0
D:/university/summer 26/Data Mining/research project/archive\train\Benign\3666.jpg,Benign,0
D:/university/summer 26/Data Mining/research project/archive\train\Benign\4054.jpg,Benign,0
D:/university/summer 26/Data Mining/research project/archive\train\Malignant\904.jpg,Malignant,1
D:/university/summer 26/Data Mining/research project/archive\train\Benign\5997.jpg,Benign,0
D:/university/summer 26/Data Mining/research project/archive\train\Benign\3923.jpg,Benign,0
D:/university/summer 26/Data Mining/research project/archive\train\Benign\5731.jpg,Benign,0
D:/university/summer 26/Data Mining/research project/archive\train\Benign\4403.jpg,Benign,0
D:/university/summer 26/Data Mining/research project/archive\train\Malignant\2867.jpg,Malignant,1
D:/university/summer 26/Data Mining/research project/archive\train\Malignant\1035.jpg,Malignant,1
D:/university/summer 26/Data Mining/research project/archive\train\Malignant\753.jpg,Malignant,1
D:/university/summer 26/Data Mining/research project/archive\train\Malignant\4498.jpg,Malignant,1
D:/university/summer 26/Data Mining/research project/archive\train\Malignant\4984.jpg,Malignant,1
D:/university/summer 26/Data Mining/research project/archive\train\Benign\4900.jpg,Benign,0
D:/university/summer 26/Data Mining/research project/archive\train\Benign\2284.jpg,Benign,0
D:/university/summer 26/Data Mining/research project/archive\train\Malignant\3100.jpg,Malignant,1
D:/university/summer 26/Data Mining/research project/archive\train\Benign\133.jpg,Benign,0
D:/university/summer 26/Data Mining/research project/archive\train\Malignant\4682.jpg,Malignant,1
D:/university/summer 26/Data Mining/research project/archive\train\Benign\783.jpg,Benign,0
D:/university/summer 26/Data Mining/research project/archive\train\Malignant\3990.jpg,Malignant,1
D:/university/summer 26/Data Mining/research project/archive\train\Malignant\3614.jpg,Malignant,1
D:/university/summer 26/Data Mining/research project/archive\train\Benign\3060.jpg,Benign,0
D:/university/summer 26/Data Mining/research project/archive\train\Benign\2492.jpg,Benign,0
D:/university/summer 26/Data Mining/research project/archive\train\Malignant\1789.jpg,Malignant,1
D:/university/summer 26/Data Mining/research project/archive\train\Malignant\1953.jpg,Malignant,1
D:/university/summer 26/Data Mining/research project/archive\train\Malignant\4647.jpg,Malignant,1
D:/university/summer 26/Data Mining/research project/archive\train\Malignant\4071.jpg,Malignant,1
D:/university/summer 26/Data Mining/research project/archive\train\Benign\6270.jpg,Benign,0
D:/university/summer 26/Data Mining/research project/archive\train\Malignant\3821.jpg,Malignant,1
D:/university/summer 26/Data Mining/research project/archive\train\Malignant\4323.jpg,Malignant,1
D:/university/summer 26/Data Mining/research project/archive\train\Malignant\2507.jpg,Malignant,1
D:/university/summer 26/Data Mining/research project/archive\train\Malignant\2843.jpg,Malignant,1
D:/university/summer 26/Data Mining/research project/archive\train\Benign\1733.jpg,Benign,0
D:/university/summer 26/Data Mining/research project/archive\train\Benign\1070.jpg,Benign,0
D:/university/summer 26/Data Mining/research project/archive\train\Benign\5427.jpg,Benign,0
D:/university/summer 26/Data Mining/research project/archive\train\Malignant\3237.jpg,Malignant,1
D:/university/summer 26/Data Mining/research project/archive\train\Benign\1775.jpg,Benign,0
D:/university/summer 26/Data Mining/research project/archive\train\Benign\407.jpg,Benign,0
D:/university/summer 26/Data Mining/research project/archive\train\Malignant\1579.jpg,Malignant,1
D:/university/summer 26/Data Mining/research project/archive\train\Malignant\1255.jpg,Malignant,1
D:/university/summer 26/Data Mining/research project/archive\train\Benign\872.jpg,Benign,0
D:/university/summer 26/Data Mining/research project/archive\train\Benign\2173.jpg,Benign,0
D:/university/summer 26/Data Mining/research project/archive\train\Benign\31.jpg,Benign,0
D:/university/summer 26/Data Mining/research project/archive\train\Malignant\1118.jpg,Malignant,1
D:/university/summer 26/Data Mining/research project/archive\train\Malignant\446.jpg,Malignant,1
D:/university/summer 26/Data Mining/research project/archive\train\Benign\1757.jpg,Benign,0
D:/university/summer 26/Data Mining/research project/archive\train\Benign\1849.jpg,Benign,0
D:/university/summer 26/Data Mining/research project/archive\train\Malignant\4733.jpg,Malignant,1
D:/university/summer 26/Data Mining/research project/archive\train\Malignant\2805.jpg,Malignant,1
D:/university/summer 26/Data Mining/research project/archive\train\Malignant\5028.jpg,Malignant,1
D:/university/summer 26/Data Mining/research project/archive\train\Malignant\1628.jpg,Malignant,1
D:/university/summer 26/Data Mining/research project/archive\train\Benign\5596.jpg,Benign,0
D:/university/summer 26/Data Mining/research project/archive\train\Benign\4978.jpg,Benign,0
D:/university/summer 26/Data Mining/research project/archive\train\Benign\3040.jpg,Benign,0
D:/university/summer 26/Data Mining/research project/archive\train\Malignant\266.jpg,Malignant,1
D:/university/summer 26/Data Mining/research project/archive\train\Malignant\2846.jpg,Malignant,1
D:/university/summer 26/Data Mining/research project/archive\train\Benign\2793.jpg,Benign,0
D:/university/summer 26/Data Mining/research project/archive\train\Malignant\2294.jpg,Malignant,1
D:/university/summer 26/Data Mining/research project/archive\train\Malignant\2156.jpg,Malignant,1
D:/university/summer 26/Data Mining/research project/archive\train\Benign\2301.jpg,Benign,0
D:/university/summer 26/Data Mining/research project/archive\train\Malignant\1770.jpg,Malignant,1
D:/university/summer 26/Data Mining/research project/archive\train\Benign\1387.jpg,Benign,0
D:/university/summer 26/Data Mining/research project/archive\train\Malignant\4722.jpg,Malignant,1
D:/university/summer 26/Data Mining/research project/archive\train\Benign\4564.jpg,Benign,0
D:/university/summer 26/Data Mining/research project/archive\train\Benign\5028.jpg,Benign,0
D:/university/summer 26/Data Mining/research project/archive\train\Malignant\837.jpg,Malignant,1
D:/university/summer 26/Data Mining/research project/archive\train\Benign\5132.jpg,Benign,0
D:/university/summer 26/Data Mining/research project/archive\train\Benign\4255.jpg,Benign,0
D:/university/summer 26/Data Mining/research project/archive\train\Benign\6032.jpg,Benign,0
D:/university/summer 26/Data Mining/research project/archive\train\Benign\2619.jpg,Benign,0
D:/university/summer 26/Data Mining/research project/archive\train\Malignant\1586.jpg,Malignant,1
D:/university/summer 26/Data Mining/research project/archive\train\Malignant\300.jpg,Malignant,1
D:/university/summer 26/Data Mining/research project/archive\train\Benign\3518.jpg,Benign,0
D:/university/summer 26/Data Mining/research project/archive\train\Malignant\2703.jpg,Malignant,1
D:/university/summer 26/Data Mining/research project/archive\train\Malignant\211.jpg,Malignant,1
D:/university/summer 26/Data Mining/research project/archive\train\Benign\2725.jpg,Benign,0
D:/university/summer 26/Data Mining/research project/archive\train\Benign\794.jpg,Benign,0
D:/university/summer 26/Data Mining/research project/archive\train\Benign\3204.jpg,Benign,0
D:/university/summer 26/Data Mining/research project/archive\train\Benign\5840.jpg,Benign,0
D:/university/summer 26/Data Mining/research project/archive\train\Malignant\1124.jpg,Malignant,1
D:/university/summer 26/Data Mining/research project/archive\train\Benign\563.jpg,Benign,0
D:/university/summer 26/Data Mining/research project/archive\train\Malignant\4488.jpg,Malignant,1
D:/university/summer 26/Data Mining/research project/archive\train\Benign\1797.jpg,Benign,0
D:/university/summer 26/Data Mining/research project/archive\train\Malignant\4315.jpg,Malignant,1
D:/university/summer 26/Data Mining/research project/archive\train\Malignant\4413.jpg,Malignant,1
D:/university/summer 26/Data Mining/research project/archive\train\Malignant\2362.jpg,Malignant,1
D:/university/summer 26/Data Mining/research project/archive\train\Malignant\3199.jpg,Malignant,1
D:/university/summer 26/Data Mining/research project/archive\train\Malignant\1823.jpg,Malignant,1
D:/university/summer 26/Data Mining/research project/archive\train\Malignant\4925.jpg,Malignant,1
D:/university/summer 26/Data Mining/research project/archive\train\Malignant\3413.jpg,Malignant,1
D:/university/summer 26/Data Mining/research project/archive\train\Benign\1268.jpg,Benign,0
D:/university/summer 26/Data Mining/research project/archive\train\Malignant\4469.jpg,Malignant,1
D:/university/summer 26/Data Mining/research project/archive\train\Malignant\4122.jpg,Malignant,1
D:/university/summer 26/Data Mining/research project/archive\train\Malignant\3050.jpg,Malignant,1
D:/university/summer 26/Data Mining/research project/archive\train\Malignant\1125.jpg,Malignant,1
D:/university/summer 26/Data Mining/research project/archive\train\Benign\2077.jpg,Benign,0
D:/university/summer 26/Data Mining/research project/archive\train\Benign\2019.jpg,Benign,0
D:/university/summer 26/Data Mining/research project/archive\train\Benign\1161.jpg,Benign,0
D:/university/summer 26/Data Mining/research project/archive\train\Benign\3611.jpg,Benign,0
D:/university/summer 26/Data Mining/research project/archive\train\Malignant\2669.jpg,Malignant,1
D:/university/summer 26/Data Mining/research project/archive\train\Benign\6157.jpg,Benign,0
D:/university/summer 26/Data Mining/research project/archive\train\Benign\1652.jpg,Benign,0
D:/university/summer 26/Data Mining/research project/archive\train\Benign\4857.jpg,Benign,0
D:/university/summer 26/Data Mining/research project/archive\train\Malignant\4111.jpg,Malignant,1
D:/university/summer 26/Data Mining/research project/archive\train\Malignant\792.jpg,Malignant,1
D:/university/summer 26/Data Mining/research project/archive\train\Benign\3561.jpg,Benign,0
D:/university/summer 26/Data Mining/research project/archive\train\Benign\5885.jpg,Benign,0
D:/university/summer 26/Data Mining/research project/archive\train\Benign\5976.jpg,Benign,0
D:/university/summer 26/Data Mining/research project/archive\train\Benign\5395.jpg,Benign,0
D:/university/summer 26/Data Mining/research project/archive\train\Benign\4716.jpg,Benign,0
D:/university/summer 26/Data Mining/research project/archive\train\Benign\3342.jpg,Benign,0
D:/university/summer 26/Data Mining/research project/archive\train\Malignant\1979.jpg,Malignant,1
D:/university/summer 26/Data Mining/research project/archive\train\Benign\67.jpg,Benign,0
D:/university/summer 26/Data Mining/research project/archive\train\Benign\831.jpg,Benign,0
D:/university/summer 26/Data Mining/research project/archive\train\Malignant\3105.jpg,Malignant,1
D:/university/summer 26/Data Mining/research project/archive\train\Malignant\3828.jpg,Malignant,1
D:/university/summer 26/Data Mining/research project/archive\train\Benign\2479.jpg,Benign,0
D:/university/summer 26/Data Mining/research project/archive\train\Malignant\1736.jpg,Malignant,1
D:/university/summer 26/Data Mining/research project/archive\train\Malignant\4679.jpg,Malignant,1
D:/university/summer 26/Data Mining/research project/archive\train\Malignant\1550.jpg,Malignant,1
D:/university/summer 26/Data Mining/research project/archive\train\Benign\2437.jpg,Benign,0
D:/university/summer 26/Data Mining/research project/archive\train\Malignant\2933.jpg,Malignant,1
D:/university/summer 26/Data Mining/research project/archive\train\Malignant\1259.jpg,Malignant,1
D:/university/summer 26/Data Mining/research project/archive\train\Benign\1839.jpg,Benign,0
D:/university/summer 26/Data Mining/research project/archive\train\Malignant\5331.jpg,Malignant,1
D:/university/summer 26/Data Mining/research project/archive\train\Malignant\5165.jpg,Malignant,1
D:/university/summer 26/Data Mining/research project/archive\train\Malignant\3096.jpg,Malignant,1
D:/university/summer 26/Data Mining/research project/archive\train\Benign\3095.jpg,Benign,0
D:/university/summer 26/Data Mining/research project/archive\train\Malignant\1415.jpg,Malignant,1
D:/university/summer 26/Data Mining/research project/archive\train\Benign\1721.jpg,Benign,0
D:/university/summer 26/Data Mining/research project/archive\train\Benign\3868.jpg,Benign,0
D:/university/summer 26/Data Mining/research project/archive\train\Benign\3784.jpg,Benign,0
D:/university/summer 26/Data Mining/research project/archive\train\Benign\159.jpg,Benign,0
D:/university/summer 26/Data Mining/research project/archive\train\Malignant\2536.jpg,Malignant,1
D:/university/summer 26/Data Mining/research project/archive\train\Malignant\2322.jpg,Malignant,1
D:/university/summer 26/Data Mining/research project/archive\train\Benign\3959.jpg,Benign,0
D:/university/summer 26/Data Mining/research project/archive\train\Benign\160.jpg,Benign,0
D:/university/summer 26/Data Mining/research project/archive\train\Benign\1671.jpg,Benign,0
D:/university/summer 26/Data Mining/research project/archive\train\Malignant\250.jpg,Malignant,1
D:/university/summer 26/Data Mining/research project/archive\train\Benign\1836.jpg,Benign,0
D:/university/summer 26/Data Mining/research project/archive\train\Benign\760.jpg,Benign,0
D:/university/summer 26/Data Mining/research project/archive\train\Malignant\2588.jpg,Malignant,1
D:/university/summer 26/Data Mining/research project/archive\train\Benign\5181.jpg,Benign,0
D:/university/summer 26/Data Mining/research project/archive\train\Benign\2890.jpg,Benign,0
D:/university/summer 26/Data Mining/research project/archive\train\Malignant\3506.jpg,Malignant,1
D:/university/summer 26/Data Mining/research project/archive\train\Benign\170.jpg,Benign,0
D:/university/summer 26/Data Mining/research project/archive\train\Benign\5858.jpg,Benign,0
D:/university/summer 26/Data Mining/research project/archive\train\Benign\2877.jpg,Benign,0
D:/university/summer 26/Data Mining/research project/archive\train\Benign\4703.jpg,Benign,0
D:/university/summer 26/Data Mining/research project/archive\train\Benign\4847.jpg,Benign,0
D:/university/summer 26/Data Mining/research project/archive\train\Benign\5465.jpg,Benign,0
D:/university/summer 26/Data Mining/research project/archive\train\Malignant\334.jpg,Malignant,1
D:/university/summer 26/Data Mining/research project/archive\train\Benign\3026.jpg,Benign,0
D:/university/summer 26/Data Mining/research project/archive\train\Benign\3556.jpg,Benign,0
D:/university/summer 26/Data Mining/research project/archive\train\Benign\88.jpg,Benign,0
D:/university/summer 26/Data Mining/research project/archive\train\Malignant\1791.jpg,Malignant,1
D:/university/summer 26/Data Mining/research project/archive\train\Malignant\5289.jpg,Malignant,1
D:/university/summer 26/Data Mining/research project/archive\train\Malignant\1161.jpg,Malignant,1
D:/university/summer 26/Data Mining/research project/archive\train\Malignant\2319.jpg,Malignant,1
D:/university/summer 26/Data Mining/research project/archive\train\Benign\4997.jpg,Benign,0
D:/university/summer 26/Data Mining/research project/archive\train\Benign\2780.jpg,Benign,0
D:/university/summer 26/Data Mining/research project/archive\train\Malignant\3281.jpg,Malignant,1
D:/university/summer 26/Data Mining/research project/archive\train\Malignant\1573.jpg,Malignant,1
D:/university/summer 26/Data Mining/research project/archive\train\Malignant\351.jpg,Malignant,1
D:/university/summer 26/Data Mining/research project/archive\train\Benign\3864.jpg,Benign,0
D:/university/summer 26/Data Mining/research project/archive\train\Malignant\3085.jpg,Malignant,1
D:/university/summer 26/Data Mining/research project/archive\train\Benign\4088.jpg,Benign,0
D:/university/summer 26/Data Mining/research project/archive\train\Malignant\2365.jpg,Malignant,1
D:/university/summer 26/Data Mining/research project/archive\train\Benign\3494.jpg,Benign,0
D:/university/summer 26/Data Mining/research project/archive\train\Benign\5635.jpg,Benign,0
D:/university/summer 26/Data Mining/research project/archive\train\Malignant\1210.jpg,Malignant,1
D:/university/summer 26/Data Mining/research project/archive\train\Malignant\2186.jpg,Malignant,1
D:/university/summer 26/Data Mining/research project/archive\train\Benign\2753.jpg,Benign,0
D:/university/summer 26/Data Mining/research project/archive\train\Benign\4202.jpg,Benign,0
D:/university/summer 26/Data Mining/research project/archive\train\Malignant\990.jpg,Malignant,1
D:/university/summer 26/Data Mining/research project/archive\train\Benign\4125.jpg,Benign,0
D:/university/summer 26/Data Mining/research project/archive\train\Malignant\4160.jpg,Malignant,1
D:/university/summer 26/Data Mining/research project/archive\train\Malignant\3879.jpg,Malignant,1
D:/university/summer 26/Data Mining/research project/archive\train\Malignant\4494.jpg,Malignant,1
D:/university/summer 26/Data Mining/research project/archive\train\Benign\2111.jpg,Benign,0
D:/university/summer 26/Data Mining/research project/archive\train\Malignant\3001.jpg,Malignant,1
D:/university/summer 26/Data Mining/research project/archive\train\Benign\1867.jpg,Benign,0
D:/university/summer 26/Data Mining/research project/archive\train\Benign\2825.jpg,Benign,0
D:/university/summer 26/Data Mining/research project/archive\train\Malignant\5286.jpg,Malignant,1
D:/university/summer 26/Data Mining/research project/archive\train\Malignant\275.jpg,Malignant,1
D:/university/summer 26/Data Mining/research project/archive\train\Benign\4055.jpg,Benign,0
D:/university/summer 26/Data Mining/research project/archive\train\Malignant\924.jpg,Malignant,1
D:/university/summer 26/Data Mining/research project/archive\train\Malignant\4707.jpg,Malignant,1
D:/university/summer 26/Data Mining/research project/archive\train\Malignant\1980.jpg,Malignant,1
D:/university/summer 26/Data Mining/research project/archive\train\Malignant\2532.jpg,Malignant,1
D:/university/summer 26/Data Mining/research project/archive\train\Benign\3348.jpg,Benign,0
D:/university/summer 26/Data Mining/research project/archive\train\Malignant\2624.jpg,Malignant,1
D:/university/summer 26/Data Mining/research project/archive\train\Malignant\3726.jpg,Malignant,1
D:/university/summer 26/Data Mining/research project/archive\train\Benign\1831.jpg,Benign,0
D:/university/summer 26/Data Mining/research project/archive\train\Malignant\4965.jpg,Malignant,1
D:/university/summer 26/Data Mining/research project/archive\train\Malignant\4310.jpg,Malignant,1
D:/university/summer 26/Data Mining/research project/archive\train\Benign\5503.jpg,Benign,0
D:/university/summer 26/Data Mining/research project/archive\train\Benign\1319.jpg,Benign,0
D:/university/summer 26/Data Mining/research project/archive\train\Malignant\2711.jpg,Malignant,1
D:/university/summer 26/Data Mining/research project/archive\train\Malignant\2925.jpg,Malignant,1
D:/university/summer 26/Data Mining/research project/archive\train\Benign\1737.jpg,Benign,0
D:/university/summer 26/Data Mining/research project/archive\train\Benign\672.jpg,Benign,0
D:/university/summer 26/Data Mining/research project/archive\train\Malignant\4601.jpg,Malignant,1
D:/university/summer 26/Data Mining/research project/archive\train\Benign\2859.jpg,Benign,0
D:/university/summer 26/Data Mining/research project/archive\train\Benign\3813.jpg,Benign,0
D:/university/summer 26/Data Mining/research project/archive\train\Benign\846.jpg,Benign,0
D:/university/summer 26/Data Mining/research project/archive\train\Malignant\3215.jpg,Malignant,1
D:/university/summer 26/Data Mining/research project/archive\train\Malignant\2394.jpg,Malignant,1
D:/university/summer 26/Data Mining/research project/archive\train\Malignant\5099.jpg,Malignant,1
D:/university/summer 26/Data Mining/research project/archive\train\Malignant\5213.jpg,Malignant,1
D:/university/summer 26/Data Mining/research project/archive\train\Benign\1582.jpg,Benign,0
D:/university/summer 26/Data Mining/research project/archive\train\Malignant\3511.jpg,Malignant,1
D:/university/summer 26/Data Mining/research project/archive\train\Benign\4608.jpg,Benign,0
D:/university/summer 26/Data Mining/research project/archive\train\Benign\907.jpg,Benign,0
D:/university/summer 26/Data Mining/research project/archive\train\Malignant\748.jpg,Malignant,1
D:/university/summer 26/Data Mining/research project/archive\train\Benign\1559.jpg,Benign,0
D:/university/summer 26/Data Mining/research project/archive\train\Malignant\2869.jpg,Malignant,1
D:/university/summer 26/Data Mining/research project/archive\train\Benign\1095.jpg,Benign,0
D:/university/summer 26/Data Mining/research project/archive\train\Malignant\3135.jpg,Malignant,1
D:/university/summer 26/Data Mining/research project/archive\train\Benign\5694.jpg,Benign,0
D:/university/summer 26/Data Mining/research project/archive\train\Malignant\516.jpg,Malignant,1
D:/university/summer 26/Data Mining/research project/archive\train\Benign\3356.jpg,Benign,0
D:/university/summer 26/Data Mining/research project/archive\train\Malignant\3248.jpg,Malignant,1
D:/university/summer 26/Data Mining/research project/archive\train\Benign\3474.jpg,Benign,0
D:/university/summer 26/Data Mining/research project/archive\train\Malignant\4283.jpg,Malignant,1
D:/university/summer 26/Data Mining/research project/archive\train\Benign\3722.jpg,Benign,0
D:/university/summer 26/Data Mining/research project/archive\train\Malignant\3269.jpg,Malignant,1
D:/university/summer 26/Data Mining/research project/archive\train\Malignant\2241.jpg,Malignant,1
D:/university/summer 26/Data Mining/research project/archive\train\Benign\5542.jpg,Benign,0
D:/university/summer 26/Data Mining/research project/archive\train\Benign\4432.jpg,Benign,0
D:/university/summer 26/Data Mining/research project/archive\train\Benign\3419.jpg,Benign,0
D:/university/summer 26/Data Mining/research project/archive\train\Benign\2112.jpg,Benign,0
D:/university/summer 26/Data Mining/research project/archive\train\Benign\2748.jpg,Benign,0
D:/university/summer 26/Data Mining/research project/archive\train\Benign\1219.jpg,Benign,0
D:/university/summer 26/Data Mining/research project/archive\train\Benign\4005.jpg,Benign,0
D:/university/summer 26/Data Mining/research project/archive\train\Malignant\3861.jpg,Malignant,1
D:/university/summer 26/Data Mining/research project/archive\train\Malignant\2894.jpg,Malignant,1
D:/university/summer 26/Data Mining/research project/archive\train\Malignant\2592.jpg,Malignant,1
D:/university/summer 26/Data Mining/research project/archive\train\Benign\5676.jpg,Benign,0
D:/university/summer 26/Data Mining/research project/archive\train\Malignant\3477.jpg,Malignant,1
D:/university/summer 26/Data Mining/research project/archive\train\Malignant\3555.jpg,Malignant,1
D:/university/summer 26/Data Mining/research project/archive\train\Malignant\4920.jpg,Malignant,1
D:/university/summer 26/Data Mining/research project/archive\train\Malignant\316.jpg,Malignant,1
D:/university/summer 26/Data Mining/research project/archive\train\Benign\710.jpg,Benign,0
D:/university/summer 26/Data Mining/research project/archive\train\Malignant\3102.jpg,Malignant,1
D:/university/summer 26/Data Mining/research project/archive\train\Malignant\2421.jpg,Malignant,1
D:/university/summer 26/Data Mining/research project/archive\train\Malignant\1622.jpg,Malignant,1
D:/university/summer 26/Data Mining/research project/archive\train\Benign\3836.jpg,Benign,0
D:/university/summer 26/Data Mining/research project/archive\train\Malignant\4800.jpg,Malignant,1
D:/university/summer 26/Data Mining/research project/archive\train\Malignant\2410.jpg,Malignant,1
D:/university/summer 26/Data Mining/research project/archive\train\Benign\4657.jpg,Benign,0
D:/university/summer 26/Data Mining/research project/archive\train\Benign\5435.jpg,Benign,0
D:/university/summer 26/Data Mining/research project/archive\train\Benign\5083.jpg,Benign,0
D:/university/summer 26/Data Mining/research project/archive\train\Malignant\5021.jpg,Malignant,1
D:/university/summer 26/Data Mining/research project/archive\train\Malignant\4286.jpg,Malignant,1
D:/university/summer 26/Data Mining/research project/archive\train\Malignant\4860.jpg,Malignant,1
D:/university/summer 26/Data Mining/research project/archive\train\Malignant\1237.jpg,Malignant,1
D:/university/summer 26/Data Mining/research project/archive\train\Malignant\1440.jpg,Malignant,1
D:/university/summer 26/Data Mining/research project/archive\train\Malignant\4922.jpg,Malignant,1
D:/university/summer 26/Data Mining/research project/archive\train\Benign\3071.jpg,Benign,0
D:/university/summer 26/Data Mining/research project/archive\train\Malignant\3446.jpg,Malignant,1
D:/university/summer 26/Data Mining/research project/archive\train\Benign\1730.jpg,Benign,0
D:/university/summer 26/Data Mining/research project/archive\train\Malignant\2130.jpg,Malignant,1
D:/university/summer 26/Data Mining/research project/archive\train\Malignant\4918.jpg,Malignant,1
D:/university/summer 26/Data Mining/research project/archive\train\Benign\5921.jpg,Benign,0
D:/university/summer 26/Data Mining/research project/archive\train\Malignant\963.jpg,Malignant,1
D:/university/summer 26/Data Mining/research project/archive\train\Benign\6139.jpg,Benign,0
D:/university/summer 26/Data Mining/research project/archive\train\Malignant\2467.jpg,Malignant,1
D:/university/summer 26/Data Mining/research project/archive\train\Benign\3580.jpg,Benign,0
D:/university/summer 26/Data Mining/research project/archive\train\Benign\5238.jpg,Benign,0
D:/university/summer 26/Data Mining/research project/archive\train\Benign\3707.jpg,Benign,0
D:/university/summer 26/Data Mining/research project/archive\train\Malignant\926.jpg,Malignant,1
D:/university/summer 26/Data Mining/research project/archive\train\Malignant\5529.jpg,Malignant,1
D:/university/summer 26/Data Mining/research project/archive\train\Benign\4342.jpg,Benign,0
D:/university/summer 26/Data Mining/research project/archive\train\Malignant\1216.jpg,Malignant,1
D:/university/summer 26/Data Mining/research project/archive\train\Benign\558.jpg,Benign,0
D:/university/summer 26/Data Mining/research project/archive\train\Benign\4386.jpg,Benign,0
D:/university/summer 26/Data Mining/research project/archive\train\Malignant\2645.jpg,Malignant,1
D:/university/summer 26/Data Mining/research project/archive\train\Malignant\98.jpg,Malignant,1
D:/university/summer 26/Data Mining/research project/archive\train\Malignant\844.jpg,Malignant,1
D:/university/summer 26/Data Mining/research project/archive\train\Malignant\4487.jpg,Malignant,1
D:/university/summer 26/Data Mining/research project/archive\train\Benign\1835.jpg,Benign,0
D:/university/summer 26/Data Mining/research project/archive\train\Malignant\3239.jpg,Malignant,1
D:/university/summer 26/Data Mining/research project/archive\train\Benign\836.jpg,Benign,0
D:/university/summer 26/Data Mining/research project/archive\train\Malignant\4664.jpg,Malignant,1
D:/university/summer 26/Data Mining/research project/archive\train\Malignant\2184.jpg,Malignant,1
D:/university/summer 26/Data Mining/research project/archive\train\Malignant\5074.jpg,Malignant,1
D:/university/summer 26/Data Mining/research project/archive\train\Malignant\3552.jpg,Malignant,1
D:/university/summer 26/Data Mining/research project/archive\train\Benign\3134.jpg,Benign,0
D:/university/summer 26/Data Mining/research project/archive\train\Malignant\1715.jpg,Malignant,1
D:/university/summer 26/Data Mining/research project/archive\train\Benign\1206.jpg,Benign,0
D:/university/summer 26/Data Mining/research project/archive\train\Malignant\1829.jpg,Malignant,1
D:/university/summer 26/Data Mining/research project/archive\train\Benign\2634.jpg,Benign,0
D:/university/summer 26/Data Mining/research project/archive\train\Malignant\3956.jpg,Malignant,1
D:/university/summer 26/Data Mining/research project/archive\train\Benign\3079.jpg,Benign,0
D:/university/summer 26/Data Mining/research project/archive\train\Benign\894.jpg,Benign,0
D:/university/summer 26/Data Mining/research project/archive\train\Benign\981.jpg,Benign,0
D:/university/summer 26/Data Mining/research project/archive\train\Malignant\1652.jpg,Malignant,1
D:/university/summer 26/Data Mining/research project/archive\train\Benign\2397.jpg,Benign,0
D:/university/summer 26/Data Mining/research project/archive\train\Benign\3921.jpg,Benign,0
D:/university/summer 26/Data Mining/research project/archive\train\Malignant\980.jpg,Malignant,1
D:/university/summer 26/Data Mining/research project/archive\train\Benign\3214.jpg,Benign,0
D:/university/summer 26/Data Mining/research project/archive\train\Benign\4924.jpg,Benign,0
D:/university/summer 26/Data Mining/research project/archive\train\Benign\4825.jpg,Benign,0
D:/university/summer 26/Data Mining/research project/archive\train\Malignant\289.jpg,Malignant,1
D:/university/summer 26/Data Mining/research project/archive\train\Benign\87.jpg,Benign,0
D:/university/summer 26/Data Mining/research project/archive\train\Benign\1464.jpg,Benign,0
D:/university/summer 26/Data Mining/research project/archive\train\Benign\5975.jpg,Benign,0
D:/university/summer 26/Data Mining/research project/archive\train\Malignant\4388.jpg,Malignant,1
D:/university/summer 26/Data Mining/research project/archive\train\Malignant\5075.jpg,Malignant,1
D:/university/summer 26/Data Mining/research project/archive\train\Malignant\1292.jpg,Malignant,1
D:/university/summer 26/Data Mining/research project/archive\train\Benign\4594.jpg,Benign,0
D:/university/summer 26/Data Mining/research project/archive\train\Benign\103.jpg,Benign,0
D:/university/summer 26/Data Mining/research project/archive\train\Benign\932.jpg,Benign,0
D:/university/summer 26/Data Mining/research project/archive\train\Benign\95.jpg,Benign,0
D:/university/summer 26/Data Mining/research project/archive\train\Malignant\2971.jpg,Malignant,1
D:/university/summer 26/Data Mining/research project/archive\train\Malignant\4768.jpg,Malignant,1
D:/university/summer 26/Data Mining/research project/archive\train\Malignant\4606.jpg,Malignant,1
D:/university/summer 26/Data Mining/research project/archive\train\Malignant\3287.jpg,Malignant,1
D:/university/summer 26/Data Mining/research project/archive\train\Malignant\1606.jpg,Malignant,1
D:/university/summer 26/Data Mining/research project/archive\train\Malignant\4914.jpg,Malignant,1
D:/university/summer 26/Data Mining/research project/archive\train\Malignant\3494.jpg,Malignant,1
D:/university/summer 26/Data Mining/research project/archive\train\Benign\1050.jpg,Benign,0
D:/university/summer 26/Data Mining/research project/archive\train\Benign\5890.jpg,Benign,0
D:/university/summer 26/Data Mining/research project/archive\train\Benign\5767.jpg,Benign,0
D:/university/summer 26/Data Mining/research project/archive\train\Malignant\1143.jpg,Malignant,1
D:/university/summer 26/Data Mining/research project/archive\train\Malignant\783.jpg,Malignant,1
D:/university/summer 26/Data Mining/research project/archive\train\Malignant\3845.jpg,Malignant,1
D:/university/summer 26/Data Mining/research project/archive\train\Malignant\1314.jpg,Malignant,1
D:/university/summer 26/Data Mining/research project/archive\train\Malignant\2565.jpg,Malignant,1
D:/university/summer 26/Data Mining/research project/archive\train\Benign\4776.jpg,Benign,0
D:/university/summer 26/Data Mining/research project/archive\train\Malignant\2774.jpg,Malignant,1
D:/university/summer 26/Data Mining/research project/archive\train\Malignant\4020.jpg,Malignant,1
D:/university/summer 26/Data Mining/research project/archive\train\Malignant\5443.jpg,Malignant,1
D:/university/summer 26/Data Mining/research project/archive\train\Benign\4160.jpg,Benign,0
D:/university/summer 26/Data Mining/research project/archive\train\Malignant\5062.jpg,Malignant,1
D:/university/summer 26/Data Mining/research project/archive\train\Benign\3814.jpg,Benign,0
D:/university/summer 26/Data Mining/research project/archive\train\Malignant\120.jpg,Malignant,1
D:/university/summer 26/Data Mining/research project/archive\train\Benign\3607.jpg,Benign,0
D:/university/summer 26/Data Mining/research project/archive\train\Malignant\2842.jpg,Malignant,1
D:/university/summer 26/Data Mining/research project/archive\train\Benign\3275.jpg,Benign,0
D:/university/summer 26/Data Mining/research project/archive\train\Benign\1477.jpg,Benign,0
D:/university/summer 26/Data Mining/research project/archive\train\Benign\6180.jpg,Benign,0
D:/university/summer 26/Data Mining/research project/archive\train\Malignant\159.jpg,Malignant,1
D:/university/summer 26/Data Mining/research project/archive\train\Benign\4749.jpg,Benign,0
D:/university/summer 26/Data Mining/research project/archive\train\Malignant\3702.jpg,Malignant,1
D:/university/summer 26/Data Mining/research project/archive\train\Benign\2438.jpg,Benign,0
D:/university/summer 26/Data Mining/research project/archive\train\Benign\5497.jpg,Benign,0
D:/university/summer 26/Data Mining/research project/archive\train\Benign\188.jpg,Benign,0
D:/university/summer 26/Data Mining/research project/archive\train\Benign\2107.jpg,Benign,0
D:/university/summer 26/Data Mining/research project/archive\train\Benign\481.jpg,Benign,0
D:/university/summer 26/Data Mining/research project/archive\train\Malignant\5601.jpg,Malignant,1
D:/university/summer 26/Data Mining/research project/archive\train\Benign\4615.jpg,Benign,0
D:/university/summer 26/Data Mining/research project/archive\train\Malignant\2625.jpg,Malignant,1
D:/university/summer 26/Data Mining/research project/archive\train\Benign\4045.jpg,Benign,0
D:/university/summer 26/Data Mining/research project/archive\train\Benign\838.jpg,Benign,0
D:/university/summer 26/Data Mining/research project/archive\train\Malignant\606.jpg,Malignant,1
D:/university/summer 26/Data Mining/research project/archive\train\Malignant\3224.jpg,Malignant,1
D:/university/summer 26/Data Mining/research project/archive\train\Benign\1020.jpg,Benign,0
D:/university/summer 26/Data Mining/research project/archive\train\Malignant\114.jpg,Malignant,1
D:/university/summer 26/Data Mining/research project/archive\train\Malignant\4094.jpg,Malignant,1
D:/university/summer 26/Data Mining/research project/archive\train\Benign\5309.jpg,Benign,0
D:/university/summer 26/Data Mining/research project/archive\train\Malignant\3011.jpg,Malignant,1
D:/university/summer 26/Data Mining/research project/archive\train\Malignant\5528.jpg,Malignant,1
D:/university/summer 26/Data Mining/research project/archive\train\Benign\782.jpg,Benign,0
D:/university/summer 26/Data Mining/research project/archive\train\Benign\2914.jpg,Benign,0
D:/university/summer 26/Data Mining/research project/archive\train\Benign\2069.jpg,Benign,0
D:/university/summer 26/Data Mining/research project/archive\train\Benign\4046.jpg,Benign,0
D:/university/summer 26/Data Mining/research project/archive\train\Benign\1243.jpg,Benign,0
D:/university/summer 26/Data Mining/research project/archive\train\Malignant\1332.jpg,Malignant,1
D:/university/summer 26/Data Mining/research project/archive\train\Benign\2352.jpg,Benign,0
D:/university/summer 26/Data Mining/research project/archive\train\Benign\974.jpg,Benign,0
D:/university/summer 26/Data Mining/research project/archive\train\Benign\533.jpg,Benign,0
D:/university/summer 26/Data Mining/research project/archive\train\Malignant\3198.jpg,Malignant,1
D:/university/summer 26/Data Mining/research project/archive\train\Malignant\3836.jpg,Malignant,1
D:/university/summer 26/Data Mining/research project/archive\train\Benign\5295.jpg,Benign,0
D:/university/summer 26/Data Mining/research project/archive\train\Malignant\1722.jpg,Malignant,1
D:/university/summer 26/Data Mining/research project/archive\train\Benign\883.jpg,Benign,0
D:/university/summer 26/Data Mining/research project/archive\train\Benign\208.jpg,Benign,0
D:/university/summer 26/Data Mining/research project/archive\train\Malignant\4562.jpg,Malignant,1
D:/university/summer 26/Data Mining/research project/archive\train\Malignant\1120.jpg,Malignant,1
D:/university/summer 26/Data Mining/research project/archive\train\Benign\878.jpg,Benign,0
D:/university/summer 26/Data Mining/research project/archive\train\Benign\3401.jpg,Benign,0
D:/university/summer 26/Data Mining/research project/archive\train\Malignant\4455.jpg,Malignant,1
D:/university/summer 26/Data Mining/research project/archive\train\Benign\6197.jpg,Benign,0
D:/university/summer 26/Data Mining/research project/archive\train\Benign\3382.jpg,Benign,0
D:/university/summer 26/Data Mining/research project/archive\train\Malignant\4148.jpg,Malignant,1
D:/university/summer 26/Data Mining/research project/archive\train\Benign\1669.jpg,Benign,0
D:/university/summer 26/Data Mining/research project/archive\train\Benign\2317.jpg,Benign,0
D:/university/summer 26/Data Mining/research project/archive\train\Malignant\3355.jpg,Malignant,1
D:/university/summer 26/Data Mining/research project/archive\train\Benign\2299.jpg,Benign,0
D:/university/summer 26/Data Mining/research project/archive\train\Benign\3891.jpg,Benign,0
D:/university/summer 26/Data Mining/research project/archive\train\Malignant\2990.jpg,Malignant,1
D:/university/summer 26/Data Mining/research project/archive\train\Malignant\5272.jpg,Malignant,1
D:/university/summer 26/Data Mining/research project/archive\train\Benign\2810.jpg,Benign,0
D:/university/summer 26/Data Mining/research project/archive\train\Malignant\1260.jpg,Malignant,1
D:/university/summer 26/Data Mining/research project/archive\train\Malignant\1323.jpg,Malignant,1
D:/university/summer 26/Data Mining/research project/archive\train\Malignant\4663.jpg,Malignant,1
D:/university/summer 26/Data Mining/research project/archive\train\Malignant\3963.jpg,Malignant,1
D:/university/summer 26/Data Mining/research project/archive\train\Malignant\1551.jpg,Malignant,1
D:/university/summer 26/Data Mining/research project/archive\train\Malignant\2837.jpg,Malignant,1
D:/university/summer 26/Data Mining/research project/archive\train\Benign\4539.jpg,Benign,0
D:/university/summer 26/Data Mining/research project/archive\train\Malignant\5013.jpg,Malignant,1
D:/university/summer 26/Data Mining/research project/archive\train\Benign\5701.jpg,Benign,0
D:/university/summer 26/Data Mining/research project/archive\train\Malignant\5173.jpg,Malignant,1
D:/university/summer 26/Data Mining/research project/archive\train\Benign\4217.jpg,Benign,0
D:/university/summer 26/Data Mining/research project/archive\train\Benign\2583.jpg,Benign,0
D:/university/summer 26/Data Mining/research project/archive\train\Malignant\1049.jpg,Malignant,1
D:/university/summer 26/Data Mining/research project/archive\train\Malignant\52.jpg,Malignant,1
D:/university/summer 26/Data Mining/research project/archive\train\Malignant\2107.jpg,Malignant,1
D:/university/summer 26/Data Mining/research project/archive\train\Benign\2958.jpg,Benign,0
D:/university/summer 26/Data Mining/research project/archive\train\Malignant\766.jpg,Malignant,1
D:/university/summer 26/Data Mining/research project/archive\train\Malignant\1804.jpg,Malignant,1
D:/university/summer 26/Data Mining/research project/archive\train\Benign\3213.jpg,Benign,0
D:/university/summer 26/Data Mining/research project/archive\train\Malignant\2883.jpg,Malignant,1
D:/university/summer 26/Data Mining/research project/archive\train\Benign\6035.jpg,Benign,0
D:/university/summer 26/Data Mining/research project/archive\train\Benign\1456.jpg,Benign,0
D:/university/summer 26/Data Mining/research project/archive\train\Malignant\4641.jpg,Malignant,1
D:/university/summer 26/Data Mining/research project/archive\train\Malignant\5256.jpg,Malignant,1
D:/university/summer 26/Data Mining/research project/archive\train\Malignant\1053.jpg,Malignant,1
D:/university/summer 26/Data Mining/research project/archive\train\Benign\4912.jpg,Benign,0
D:/university/summer 26/Data Mining/research project/archive\train\Malignant\5222.jpg,Malignant,1
D:/university/summer 26/Data Mining/research project/archive\train\Malignant\119.jpg,Malignant,1
D:/university/summer 26/Data Mining/research project/archive\train\Malignant\3677.jpg,Malignant,1
D:/university/summer 26/Data Mining/research project/archive\train\Malignant\222.jpg,Malignant,1
D:/university/summer 26/Data Mining/research project/archive\train\Benign\5762.jpg,Benign,0
D:/university/summer 26/Data Mining/research project/archive\train\Malignant\4854.jpg,Malignant,1
D:/university/summer 26/Data Mining/research project/archive\train\Malignant\2338.jpg,Malignant,1
D:/university/summer 26/Data Mining/research project/archive\train\Benign\435.jpg,Benign,0
D:/university/summer 26/Data Mining/research project/archive\train\Benign\880.jpg,Benign,0
D:/university/summer 26/Data Mining/research project/archive\train\Benign\1401.jpg,Benign,0
D:/university/summer 26/Data Mining/research project/archive\train\Malignant\1500.jpg,Malignant,1
D:/university/summer 26/Data Mining/research project/archive\train\Benign\4063.jpg,Benign,0
D:/university/summer 26/Data Mining/research project/archive\train\Benign\3346.jpg,Benign,0
D:/university/summer 26/Data Mining/research project/archive\train\Benign\4739.jpg,Benign,0
D:/university/summer 26/Data Mining/research project/archive\train\Benign\2982.jpg,Benign,0
D:/university/summer 26/Data Mining/research project/archive\train\Malignant\3356.jpg,Malignant,1
D:/university/summer 26/Data Mining/research project/archive\train\Malignant\714.jpg,Malignant,1
D:/university/summer 26/Data Mining/research project/archive\train\Benign\162.jpg,Benign,0
D:/university/summer 26/Data Mining/research project/archive\train\Malignant\4022.jpg,Malignant,1
D:/university/summer 26/Data Mining/research project/archive\train\Malignant\136.jpg,Malignant,1
D:/university/summer 26/Data Mining/research project/archive\train\Malignant\3661.jpg,Malignant,1
D:/university/summer 26/Data Mining/research project/archive\train\Benign\5937.jpg,Benign,0
D:/university/summer 26/Data Mining/research project/archive\train\Benign\2265.jpg,Benign,0
D:/university/summer 26/Data Mining/research project/archive\train\Malignant\3054.jpg,Malignant,1
D:/university/summer 26/Data Mining/research project/archive\train\Malignant\4462.jpg,Malignant,1
D:/university/summer 26/Data Mining/research project/archive\train\Malignant\2727.jpg,Malignant,1
D:/university/summer 26/Data Mining/research project/archive\train\Benign\1964.jpg,Benign,0
D:/university/summer 26/Data Mining/research project/archive\train\Benign\1468.jpg,Benign,0
D:/university/summer 26/Data Mining/research project/archive\train\Benign\2239.jpg,Benign,0
D:/university/summer 26/Data Mining/research project/archive\train\Benign\6.jpg,Benign,0
D:/university/summer 26/Data Mining/research project/archive\train\Malignant\707.jpg,Malignant,1
D:/university/summer 26/Data Mining/research project/archive\train\Benign\2052.jpg,Benign,0
D:/university/summer 26/Data Mining/research project/archive\train\Malignant\703.jpg,Malignant,1
D:/university/summer 26/Data Mining/research project/archive\train\Benign\5733.jpg,Benign,0
D:/university/summer 26/Data Mining/research project/archive\train\Malignant\2890.jpg,Malignant,1
D:/university/summer 26/Data Mining/research project/archive\train\Malignant\1935.jpg,Malignant,1
D:/university/summer 26/Data Mining/research project/archive\train\Malignant\4993.jpg,Malignant,1
D:/university/summer 26/Data Mining/research project/archive\train\Benign\2261.jpg,Benign,0
D:/university/summer 26/Data Mining/research project/archive\train\Malignant\2969.jpg,Malignant,1
D:/university/summer 26/Data Mining/research project/archive\train\Benign\2053.jpg,Benign,0
D:/university/summer 26/Data Mining/research project/archive\train\Benign\953.jpg,Benign,0
D:/university/summer 26/Data Mining/research project/archive\train\Malignant\4412.jpg,Malignant,1
D:/university/summer 26/Data Mining/research project/archive\train\Malignant\2402.jpg,Malignant,1
D:/university/summer 26/Data Mining/research project/archive\train\Benign\2056.jpg,Benign,0
D:/university/summer 26/Data Mining/research project/archive\train\Malignant\5196.jpg,Malignant,1
D:/university/summer 26/Data Mining/research project/archive\train\Benign\3845.jpg,Benign,0
D:/university/summer 26/Data Mining/research project/archive\train\Benign\1612.jpg,Benign,0
D:/university/summer 26/Data Mining/research project/archive\train\Benign\5365.jpg,Benign,0
D:/university/summer 26/Data Mining/research project/archive\train\Malignant\4600.jpg,Malignant,1
D:/university/summer 26/Data Mining/research project/archive\train\Malignant\4983.jpg,Malignant,1
D:/university/summer 26/Data Mining/research project/archive\train\Malignant\2778.jpg,Malignant,1
D:/university/summer 26/Data Mining/research project/archive\train\Malignant\2010.jpg,Malignant,1
D:/university/summer 26/Data Mining/research project/archive\train\Benign\855.jpg,Benign,0
D:/university/summer 26/Data Mining/research project/archive\train\Malignant\2174.jpg,Malignant,1
D:/university/summer 26/Data Mining/research project/archive\train\Benign\1303.jpg,Benign,0
D:/university/summer 26/Data Mining/research project/archive\train\Malignant\5544.jpg,Malignant,1
D:/university/summer 26/Data Mining/research project/archive\train\Malignant\3007.jpg,Malignant,1
D:/university/summer 26/Data Mining/research project/archive\train\Benign\1392.jpg,Benign,0
D:/university/summer 26/Data Mining/research project/archive\train\Benign\692.jpg,Benign,0
D:/university/summer 26/Data Mining/research project/archive\train\Benign\3089.jpg,Benign,0
D:/university/summer 26/Data Mining/research project/archive\train\Benign\2717.jpg,Benign,0
D:/university/summer 26/Data Mining/research project/archive\train\Benign\2880.jpg,Benign,0
D:/university/summer 26/Data Mining/research project/archive\train\Malignant\3016.jpg,Malignant,1
D:/university/summer 26/Data Mining/research project/archive\train\Malignant\2043.jpg,Malignant,1
D:/university/summer 26/Data Mining/research project/archive\train\Malignant\1012.jpg,Malignant,1
D:/university/summer 26/Data Mining/research project/archive\train\Benign\5211.jpg,Benign,0
D:/university/summer 26/Data Mining/research project/archive\train\Benign\4003.jpg,Benign,0
D:/university/summer 26/Data Mining/research project/archive\train\Malignant\5231.jpg,Malignant,1
D:/university/summer 26/Data Mining/research project/archive\train\Benign\2865.jpg,Benign,0
D:/university/summer 26/Data Mining/research project/archive\train\Benign\3869.jpg,Benign,0
D:/university/summer 26/Data Mining/research project/archive\train\Malignant\2211.jpg,Malignant,1
D:/university/summer 26/Data Mining/research project/archive\train\Benign\835.jpg,Benign,0
D:/university/summer 26/Data Mining/research project/archive\train\Malignant\1699.jpg,Malignant,1
D:/university/summer 26/Data Mining/research project/archive\train\Malignant\141.jpg,Malignant,1
D:/university/summer 26/Data Mining/research project/archive\train\Malignant\501.jpg,Malignant,1
D:/university/summer 26/Data Mining/research project/archive\train\Malignant\5269.jpg,Malignant,1
D:/university/summer 26/Data Mining/research project/archive\train\Benign\2289.jpg,Benign,0
D:/university/summer 26/Data Mining/research project/archive\train\Malignant\1093.jpg,Malignant,1
D:/university/summer 26/Data Mining/research project/archive\train\Malignant\2701.jpg,Malignant,1
D:/university/summer 26/Data Mining/research project/archive\train\Malignant\1790.jpg,Malignant,1
D:/university/summer 26/Data Mining/research project/archive\train\Benign\3324.jpg,Benign,0
D:/university/summer 26/Data Mining/research project/archive\train\Benign\2027.jpg,Benign,0
D:/university/summer 26/Data Mining/research project/archive\train\Benign\5727.jpg,Benign,0
D:/university/summer 26/Data Mining/research project/archive\train\Benign\231.jpg,Benign,0
D:/university/summer 26/Data Mining/research project/archive\train\Malignant\4820.jpg,Malignant,1
D:/university/summer 26/Data Mining/research project/archive\train\Benign\4948.jpg,Benign,0
D:/university/summer 26/Data Mining/research project/archive\train\Malignant\4589.jpg,Malignant,1
D:/university/summer 26/Data Mining/research project/archive\train\Malignant\1720.jpg,Malignant,1
D:/university/summer 26/Data Mining/research project/archive\train\Malignant\3512.jpg,Malignant,1
D:/university/summer 26/Data Mining/research project/archive\train\Benign\5017.jpg,Benign,0
D:/university/summer 26/Data Mining/research project/archive\train\Malignant\4364.jpg,Malignant,1
D:/university/summer 26/Data Mining/research project/archive\train\Malignant\4425.jpg,Malignant,1
D:/university/summer 26/Data Mining/research project/archive\train\Benign\3553.jpg,Benign,0
D:/university/summer 26/Data Mining/research project/archive\train\Malignant\1082.jpg,Malignant,1
D:/university/summer 26/Data Mining/research project/archive\train\Benign\3986.jpg,Benign,0
D:/university/summer 26/Data Mining/research project/archive\train\Benign\4595.jpg,Benign,0
D:/university/summer 26/Data Mining/research project/archive\train\Benign\1750.jpg,Benign,0
D:/university/summer 26/Data Mining/research project/archive\train\Benign\3531.jpg,Benign,0
D:/university/summer 26/Data Mining/research project/archive\train\Benign\4533.jpg,Benign,0
D:/university/summer 26/Data Mining/research project/archive\train\Benign\4337.jpg,Benign,0
D:/university/summer 26/Data Mining/research project/archive\train\Malignant\965.jpg,Malignant,1
D:/university/summer 26/Data Mining/research project/archive\train\Malignant\2739.jpg,Malignant,1
D:/university/summer 26/Data Mining/research project/archive\train\Malignant\5409.jpg,Malignant,1
D:/university/summer 26/Data Mining/research project/archive\train\Benign\1817.jpg,Benign,0
D:/university/summer 26/Data Mining/research project/archive\train\Malignant\2540.jpg,Malignant,1
D:/university/summer 26/Data Mining/research project/archive\train\Benign\2087.jpg,Benign,0
D:/university/summer 26/Data Mining/research project/archive\train\Benign\3389.jpg,Benign,0
D:/university/summer 26/Data Mining/research project/archive\train\Benign\3313.jpg,Benign,0
D:/university/summer 26/Data Mining/research project/archive\train\Benign\2905.jpg,Benign,0
D:/university/summer 26/Data Mining/research project/archive\train\Benign\4768.jpg,Benign,0
D:/university/summer 26/Data Mining/research project/archive\train\Benign\5511.jpg,Benign,0
D:/university/summer 26/Data Mining/research project/archive\train\Malignant\1860.jpg,Malignant,1
D:/university/summer 26/Data Mining/research project/archive\train\Malignant\5550.jpg,Malignant,1
D:/university/summer 26/Data Mining/research project/archive\train\Malignant\4716.jpg,Malignant,1
D:/university/summer 26/Data Mining/research project/archive\train\Malignant\3549.jpg,Malignant,1
D:/university/summer 26/Data Mining/research project/archive\train\Benign\252.jpg,Benign,0
D:/university/summer 26/Data Mining/research project/archive\train\Malignant\610.jpg,Malignant,1
D:/university/summer 26/Data Mining/research project/archive\train\Malignant\453.jpg,Malignant,1
D:/university/summer 26/Data Mining/research project/archive\train\Benign\1966.jpg,Benign,0
D:/university/summer 26/Data Mining/research project/archive\train\Malignant\3992.jpg,Malignant,1
D:/university/summer 26/Data Mining/research project/archive\train\Benign\3200.jpg,Benign,0
D:/university/summer 26/Data Mining/research project/archive\train\Malignant\5362.jpg,Malignant,1
D:/university/summer 26/Data Mining/research project/archive\train\Malignant\590.jpg,Malignant,1
D:/university/summer 26/Data Mining/research project/archive\train\Malignant\2796.jpg,Malignant,1
D:/university/summer 26/Data Mining/research project/archive\train\Malignant\238.jpg,Malignant,1
D:/university/summer 26/Data Mining/research project/archive\train\Malignant\898.jpg,Malignant,1
D:/university/summer 26/Data Mining/research project/archive\train\Malignant\1073.jpg,Malignant,1
D:/university/summer 26/Data Mining/research project/archive\train\Benign\2570.jpg,Benign,0
D:/university/summer 26/Data Mining/research project/archive\train\Benign\1796.jpg,Benign,0
D:/university/summer 26/Data Mining/research project/archive\train\Malignant\1331.jpg,Malignant,1
D:/university/summer 26/Data Mining/research project/archive\train\Malignant\4590.jpg,Malignant,1
D:/university/summer 26/Data Mining/research project/archive\train\Malignant\5359.jpg,Malignant,1
D:/university/summer 26/Data Mining/research project/archive\train\Benign\5167.jpg,Benign,0
D:/university/summer 26/Data Mining/research project/archive\train\Benign\4602.jpg,Benign,0
D:/university/summer 26/Data Mining/research project/archive\train\Benign\1625.jpg,Benign,0
D:/university/summer 26/Data Mining/research project/archive\train\Malignant\5549.jpg,Malignant,1
D:/university/summer 26/Data Mining/research project/archive\train\Malignant\398.jpg,Malignant,1
D:/university/summer 26/Data Mining/research project/archive\train\Benign\1758.jpg,Benign,0
D:/university/summer 26/Data Mining/research project/archive\train\Benign\3621.jpg,Benign,0
D:/university/summer 26/Data Mining/research project/archive\train\Benign\5523.jpg,Benign,0
D:/university/summer 26/Data Mining/research project/archive\train\Benign\1703.jpg,Benign,0
D:/university/summer 26/Data Mining/research project/archive\train\Benign\3265.jpg,Benign,0
D:/university/summer 26/Data Mining/research project/archive\train\Benign\5836.jpg,Benign,0
D:/university/summer 26/Data Mining/research project/archive\train\Malignant\212.jpg,Malignant,1
D:/university/summer 26/Data Mining/research project/archive\train\Benign\5583.jpg,Benign,0
D:/university/summer 26/Data Mining/research project/archive\train\Benign\960.jpg,Benign,0
D:/university/summer 26/Data Mining/research project/archive\train\Benign\645.jpg,Benign,0
D:/university/summer 26/Data Mining/research project/archive\train\Malignant\1084.jpg,Malignant,1
D:/university/summer 26/Data Mining/research project/archive\train\Malignant\2781.jpg,Malignant,1
D:/university/summer 26/Data Mining/research project/archive\train\Benign\4288.jpg,Benign,0
D:/university/summer 26/Data Mining/research project/archive\train\Malignant\5448.jpg,Malignant,1
D:/university/summer 26/Data Mining/research project/archive\train\Benign\1022.jpg,Benign,0
D:/university/summer 26/Data Mining/research project/archive\train\Malignant\3409.jpg,Malignant,1
D:/university/summer 26/Data Mining/research project/archive\train\Benign\5383.jpg,Benign,0
D:/university/summer 26/Data Mining/research project/archive\train\Benign\5908.jpg,Benign,0
D:/university/summer 26/Data Mining/research project/archive\train\Benign\964.jpg,Benign,0
D:/university/summer 26/Data Mining/research project/archive\train\Malignant\3854.jpg,Malignant,1
D:/university/summer 26/Data Mining/research project/archive\train\Benign\327.jpg,Benign,0
D:/university/summer 26/Data Mining/research project/archive\train\Benign\6050.jpg,Benign,0
D:/university/summer 26/Data Mining/research project/archive\train\Benign\4831.jpg,Benign,0
D:/university/summer 26/Data Mining/research project/archive\train\Benign\269.jpg,Benign,0
D:/university/summer 26/Data Mining/research project/archive\train\Benign\1684.jpg,Benign,0
D:/university/summer 26/Data Mining/research project/archive\train\Benign\1718.jpg,Benign,0
D:/university/summer 26/Data Mining/research project/archive\train\Malignant\1576.jpg,Malignant,1
D:/university/summer 26/Data Mining/research project/archive\train\Benign\3596.jpg,Benign,0
D:/university/summer 26/Data Mining/research project/archive\train\Malignant\5255.jpg,Malignant,1
D:/university/summer 26/Data Mining/research project/archive\train\Benign\3876.jpg,Benign,0
D:/university/summer 26/Data Mining/research project/archive\train\Benign\5023.jpg,Benign,0
D:/university/summer 26/Data Mining/research project/archive\train\Benign\228.jpg,Benign,0
D:/university/summer 26/Data Mining/research project/archive\train\Malignant\5103.jpg,Malignant,1
D:/university/summer 26/Data Mining/research project/archive\train\Benign\4209.jpg,Benign,0
D:/university/summer 26/Data Mining/research project/archive\train\Benign\66.jpg,Benign,0
D:/university/summer 26/Data Mining/research project/archive\train\Malignant\3699.jpg,Malignant,1
D:/university/summer 26/Data Mining/research project/archive\train\Malignant\3757.jpg,Malignant,1
D:/university/summer 26/Data Mining/research project/archive\train\Benign\818.jpg,Benign,0
D:/university/summer 26/Data Mining/research project/archive\train\Benign\4012.jpg,Benign,0
D:/university/summer 26/Data Mining/research project/archive\train\Malignant\587.jpg,Malignant,1
D:/university/summer 26/Data Mining/research project/archive\train\Benign\4418.jpg,Benign,0
D:/university/summer 26/Data Mining/research project/archive\train\Malignant\992.jpg,Malignant,1
D:/university/summer 26/Data Mining/research project/archive\train\Benign\1729.jpg,Benign,0
D:/university/summer 26/Data Mining/research project/archive\train\Benign\6017.jpg,Benign,0
D:/university/summer 26/Data Mining/research project/archive\train\Benign\622.jpg,Benign,0
D:/university/summer 26/Data Mining/research project/archive\train\Malignant\5396.jpg,Malignant,1
D:/university/summer 26/Data Mining/research project/archive\train\Benign\4121.jpg,Benign,0
D:/university/summer 26/Data Mining/research project/archive\train\Benign\1256.jpg,Benign,0
D:/university/summer 26/Data Mining/research project/archive\train\Malignant\4301.jpg,Malignant,1
D:/university/summer 26/Data Mining/research project/archive\train\Malignant\4471.jpg,Malignant,1
D:/university/summer 26/Data Mining/research project/archive\train\Benign\1251.jpg,Benign,0
D:/university/summer 26/Data Mining/research project/archive\train\Malignant\3570.jpg,Malignant,1
D:/university/summer 26/Data Mining/research project/archive\train\Malignant\5225.jpg,Malignant,1
D:/university/summer 26/Data Mining/research project/archive\train\Benign\4510.jpg,Benign,0
D:/university/summer 26/Data Mining/research project/archive\train\Malignant\314.jpg,Malignant,1
D:/university/summer 26/Data Mining/research project/archive\train\Benign\99.jpg,Benign,0
D:/university/summer 26/Data Mining/research project/archive\train\Malignant\810.jpg,Malignant,1
D:/university/summer 26/Data Mining/research project/archive\train\Benign\4930.jpg,Benign,0
D:/university/summer 26/Data Mining/research project/archive\train\Benign\996.jpg,Benign,0
D:/university/summer 26/Data Mining/research project/archive\train\Benign\1277.jpg,Benign,0
D:/university/summer 26/Data Mining/research project/archive\train\Malignant\553.jpg,Malignant,1
D:/university/summer 26/Data Mining/research project/archive\train\Benign\5120.jpg,Benign,0
D:/university/summer 26/Data Mining/research project/archive\train\Benign\1997.jpg,Benign,0
D:/university/summer 26/Data Mining/research project/archive\train\Benign\1549.jpg,Benign,0
D:/university/summer 26/Data Mining/research project/archive\train\Benign\176.jpg,Benign,0
D:/university/summer 26/Data Mining/research project/archive\train\Malignant\3060.jpg,Malignant,1
D:/university/summer 26/Data Mining/research project/archive\train\Malignant\592.jpg,Malignant,1
D:/university/summer 26/Data Mining/research project/archive\train\Malignant\45.jpg,Malignant,1
D:/university/summer 26/Data Mining/research project/archive\train\Benign\1015.jpg,Benign,0
D:/university/summer 26/Data Mining/research project/archive\train\Malignant\4073.jpg,Malignant,1
D:/university/summer 26/Data Mining/research project/archive\train\Benign\22.jpg,Benign,0
D:/university/summer 26/Data Mining/research project/archive\train\Benign\111.jpg,Benign,0
D:/university/summer 26/Data Mining/research project/archive\train\Malignant\1187.jpg,Malignant,1
D:/university/summer 26/Data Mining/research project/archive\train\Malignant\3762.jpg,Malignant,1
D:/university/summer 26/Data Mining/research project/archive\train\Benign\1890.jpg,Benign,0
D:/university/summer 26/Data Mining/research project/archive\train\Benign\4678.jpg,Benign,0
D:/university/summer 26/Data Mining/research project/archive\train\Benign\4413.jpg,Benign,0
D:/university/summer 26/Data Mining/research project/archive\train\Benign\2465.jpg,Benign,0
D:/university/summer 26/Data Mining/research project/archive\train\Malignant\1435.jpg,Malignant,1
D:/university/summer 26/Data Mining/research project/archive\train\Benign\5447.jpg,Benign,0
D:/university/summer 26/Data Mining/research project/archive\train\Benign\377.jpg,Benign,0
D:/university/summer 26/Data Mining/research project/archive\train\Benign\2336.jpg,Benign,0
D:/university/summer 26/Data Mining/research project/archive\train\Malignant\1245.jpg,Malignant,1
D:/university/summer 26/Data Mining/research project/archive\train\Benign\2541.jpg,Benign,0
D:/university/summer 26/Data Mining/research project/archive\train\Malignant\4016.jpg,Malignant,1
D:/university/summer 26/Data Mining/research project/archive\train\Malignant\5562.jpg,Malignant,1
D:/university/summer 26/Data Mining/research project/archive\train\Malignant\2731.jpg,Malignant,1
D:/university/summer 26/Data Mining/research project/archive\train\Malignant\2600.jpg,Malignant,1
D:/university/summer 26/Data Mining/research project/archive\train\Benign\1693.jpg,Benign,0
D:/university/summer 26/Data Mining/research project/archive\train\Benign\6018.jpg,Benign,0
D:/university/summer 26/Data Mining/research project/archive\train\Malignant\3904.jpg,Malignant,1
D:/university/summer 26/Data Mining/research project/archive\train\Benign\3131.jpg,Benign,0
D:/university/summer 26/Data Mining/research project/archive\train\Benign\5202.jpg,Benign,0
D:/university/summer 26/Data Mining/research project/archive\train\Malignant\3505.jpg,Malignant,1
D:/university/summer 26/Data Mining/research project/archive\train\Benign\5639.jpg,Benign,0
D:/university/summer 26/Data Mining/research project/archive\train\Benign\6291.jpg,Benign,0
D:/university/summer 26/Data Mining/research project/archive\train\Malignant\3189.jpg,Malignant,1
D:/university/summer 26/Data Mining/research project/archive\train\Benign\1182.jpg,Benign,0
D:/university/summer 26/Data Mining/research project/archive\train\Malignant\249.jpg,Malignant,1
D:/university/summer 26/Data Mining/research project/archive\train\Malignant\4649.jpg,Malignant,1
D:/university/summer 26/Data Mining/research project/archive\train\Benign\15.jpg,Benign,0
D:/university/summer 26/Data Mining/research project/archive\train\Malignant\1987.jpg,Malignant,1
D:/university/summer 26/Data Mining/research project/archive\train\Malignant\570.jpg,Malignant,1
D:/university/summer 26/Data Mining/research project/archive\train\Benign\5316.jpg,Benign,0
D:/university/summer 26/Data Mining/research project/archive\train\Benign\2275.jpg,Benign,0
D:/university/summer 26/Data Mining/research project/archive\train\Benign\2246.jpg,Benign,0
D:/university/summer 26/Data Mining/research project/archive\train\Benign\5784.jpg,Benign,0
D:/university/summer 26/Data Mining/research project/archive\train\Benign\933.jpg,Benign,0
D:/university/summer 26/Data Mining/research project/archive\train\Benign\2481.jpg,Benign,0
D:/university/summer 26/Data Mining/research project/archive\train\Benign\2585.jpg,Benign,0
D:/university/summer 26/Data Mining/research project/archive\train\Malignant\2427.jpg,Malignant,1
D:/university/summer 26/Data Mining/research project/archive\train\Malignant\1757.jpg,Malignant,1
D:/university/summer 26/Data Mining/research project/archive\train\Malignant\1758.jpg,Malignant,1
D:/university/summer 26/Data Mining/research project/archive\train\Malignant\290.jpg,Malignant,1
D:/university/summer 26/Data Mining/research project/archive\train\Benign\5982.jpg,Benign,0
D:/university/summer 26/Data Mining/research project/archive\train\Benign\1203.jpg,Benign,0
D:/university/summer 26/Data Mining/research project/archive\train\Benign\119.jpg,Benign,0
D:/university/summer 26/Data Mining/research project/archive\train\Malignant\2060.jpg,Malignant,1
D:/university/summer 26/Data Mining/research project/archive\train\Benign\1285.jpg,Benign,0
D:/university/summer 26/Data Mining/research project/archive\train\Benign\1263.jpg,Benign,0
D:/university/summer 26/Data Mining/research project/archive\train\Malignant\4717.jpg,Malignant,1
D:/university/summer 26/Data Mining/research project/archive\train\Benign\2513.jpg,Benign,0
D:/university/summer 26/Data Mining/research project/archive\train\Malignant\3863.jpg,Malignant,1
D:/university/summer 26/Data Mining/research project/archive\train\Malignant\1141.jpg,Malignant,1
D:/university/summer 26/Data Mining/research project/archive\train\Malignant\4322.jpg,Malignant,1
D:/university/summer 26/Data Mining/research project/archive\train\Malignant\2418.jpg,Malignant,1
D:/university/summer 26/Data Mining/research project/archive\train\Malignant\3880.jpg,Malignant,1
D:/university/summer 26/Data Mining/research project/archive\train\Benign\6176.jpg,Benign,0
D:/university/summer 26/Data Mining/research project/archive\train\Malignant\3410.jpg,Malignant,1
D:/university/summer 26/Data Mining/research project/archive\train\Benign\1409.jpg,Benign,0
D:/university/summer 26/Data Mining/research project/archive\train\Benign\1122.jpg,Benign,0
D:/university/summer 26/Data Mining/research project/archive\train\Malignant\5485.jpg,Malignant,1
D:/university/summer 26/Data Mining/research project/archive\train\Malignant\3407.jpg,Malignant,1
D:/university/summer 26/Data Mining/research project/archive\train\Benign\2792.jpg,Benign,0
D:/university/summer 26/Data Mining/research project/archive\train\Benign\5462.jpg,Benign,0
D:/university/summer 26/Data Mining/research project/archive\train\Benign\6146.jpg,Benign,0
D:/university/summer 26/Data Mining/research project/archive\train\Malignant\4297.jpg,Malignant,1
D:/university/summer 26/Data Mining/research project/archive\train\Benign\1921.jpg,Benign,0
D:/university/summer 26/Data Mining/research project/archive\train\Malignant\4899.jpg,Malignant,1
D:/university/summer 26/Data Mining/research project/archive\train\Benign\124.jpg,Benign,0
D:/university/summer 26/Data Mining/research project/archive\train\Benign\3505.jpg,Benign,0
D:/university/summer 26/Data Mining/research project/archive\train\Malignant\132.jpg,Malignant,1
D:/university/summer 26/Data Mining/research project/archive\train\Benign\4543.jpg,Benign,0
D:/university/summer 26/Data Mining/research project/archive\train\Benign\1700.jpg,Benign,0
D:/university/summer 26/Data Mining/research project/archive\train\Malignant\3994.jpg,Malignant,1
D:/university/summer 26/Data Mining/research project/archive\train\Malignant\2292.jpg,Malignant,1
D:/university/summer 26/Data Mining/research project/archive\train\Malignant\809.jpg,Malignant,1
D:/university/summer 26/Data Mining/research project/archive\train\Malignant\1451.jpg,Malignant,1
D:/university/summer 26/Data Mining/research project/archive\train\Benign\814.jpg,Benign,0
D:/university/summer 26/Data Mining/research project/archive\train\Malignant\4369.jpg,Malignant,1
D:/university/summer 26/Data Mining/research project/archive\train\Malignant\5012.jpg,Malignant,1
D:/university/summer 26/Data Mining/research project/archive\train\Malignant\1033.jpg,Malignant,1
D:/university/summer 26/Data Mining/research project/archive\train\Malignant\3724.jpg,Malignant,1
D:/university/summer 26/Data Mining/research project/archive\train\Benign\123.jpg,Benign,0
D:/university/summer 26/Data Mining/research project/archive\train\Benign\4474.jpg,Benign,0
D:/university/summer 26/Data Mining/research project/archive\train\Malignant\4903.jpg,Malignant,1
D:/university/summer 26/Data Mining/research project/archive\train\Benign\5066.jpg,Benign,0
D:/university/summer 26/Data Mining/research project/archive\train\Malignant\3476.jpg,Malignant,1
D:/university/summer 26/Data Mining/research project/archive\train\Benign\2026.jpg,Benign,0
D:/university/summer 26/Data Mining/research project/archive\train\Malignant\4129.jpg,Malignant,1
D:/university/summer 26/Data Mining/research project/archive\train\Malignant\2910.jpg,Malignant,1
D:/university/summer 26/Data Mining/research project/archive\train\Benign\6171.jpg,Benign,0
D:/university/summer 26/Data Mining/research project/archive\train\Benign\4495.jpg,Benign,0
D:/university/summer 26/Data Mining/research project/archive\train\Benign\1030.jpg,Benign,0
D:/university/summer 26/Data Mining/research project/archive\train\Benign\4730.jpg,Benign,0
D:/university/summer 26/Data Mining/research project/archive\train\Malignant\5127.jpg,Malignant,1
D:/university/summer 26/Data Mining/research project/archive\train\Malignant\2821.jpg,Malignant,1
D:/university/summer 26/Data Mining/research project/archive\train\Malignant\1004.jpg,Malignant,1
D:/university/summer 26/Data Mining/research project/archive\train\Benign\4695.jpg,Benign,0
D:/university/summer 26/Data Mining/research project/archive\train\Malignant\3014.jpg,Malignant,1
D:/university/summer 26/Data Mining/research project/archive\train\Benign\2063.jpg,Benign,0
D:/university/summer 26/Data Mining/research project/archive\train\Malignant\3955.jpg,Malignant,1
D:/university/summer 26/Data Mining/research project/archive\train\Malignant\2531.jpg,Malignant,1
D:/university/summer 26/Data Mining/research project/archive\train\Malignant\4508.jpg,Malignant,1
D:/university/summer 26/Data Mining/research project/archive\train\Malignant\2214.jpg,Malignant,1
D:/university/summer 26/Data Mining/research project/archive\train\Benign\1971.jpg,Benign,0
D:/university/summer 26/Data Mining/research project/archive\train\Benign\1278.jpg,Benign,0
D:/university/summer 26/Data Mining/research project/archive\train\Malignant\777.jpg,Malignant,1
D:/university/summer 26/Data Mining/research project/archive\train\Benign\3989.jpg,Benign,0
D:/university/summer 26/Data Mining/research project/archive\train\Benign\4407.jpg,Benign,0
D:/university/summer 26/Data Mining/research project/archive\train\Malignant\4330.jpg,Malignant,1
D:/university/summer 26/Data Mining/research project/archive\train\Malignant\3730.jpg,Malignant,1
D:/university/summer 26/Data Mining/research project/archive\train\Malignant\1608.jpg,Malignant,1
D:/university/summer 26/Data Mining/research project/archive\train\Benign\3502.jpg,Benign,0
D:/university/summer 26/Data Mining/research project/archive\train\Malignant\4225.jpg,Malignant,1
D:/university/summer 26/Data Mining/research project/archive\train\Benign\5555.jpg,Benign,0
D:/university/summer 26/Data Mining/research project/archive\train\Benign\1080.jpg,Benign,0
D:/university/summer 26/Data Mining/research project/archive\train\Benign\961.jpg,Benign,0
D:/university/summer 26/Data Mining/research project/archive\train\Benign\85.jpg,Benign,0
D:/university/summer 26/Data Mining/research project/archive\train\Malignant\4653.jpg,Malignant,1
D:/university/summer 26/Data Mining/research project/archive\train\Malignant\1217.jpg,Malignant,1
D:/university/summer 26/Data Mining/research project/archive\train\Benign\1585.jpg,Benign,0
D:/university/summer 26/Data Mining/research project/archive\train\Benign\4748.jpg,Benign,0
D:/university/summer 26/Data Mining/research project/archive\train\Benign\2333.jpg,Benign,0
D:/university/summer 26/Data Mining/research project/archive\train\Benign\5857.jpg,Benign,0
D:/university/summer 26/Data Mining/research project/archive\train\Malignant\3399.jpg,Malignant,1
D:/university/summer 26/Data Mining/research project/archive\train\Malignant\420.jpg,Malignant,1
D:/university/summer 26/Data Mining/research project/archive\train\Benign\4614.jpg,Benign,0
D:/university/summer 26/Data Mining/research project/archive\train\Malignant\1190.jpg,Malignant,1
D:/university/summer 26/Data Mining/research project/archive\train\Malignant\3800.jpg,Malignant,1
D:/university/summer 26/Data Mining/research project/archive\train\Benign\3239.jpg,Benign,0
D:/university/summer 26/Data Mining/research project/archive\train\Benign\853.jpg,Benign,0
D:/university/summer 26/Data Mining/research project/archive\train\Benign\2012.jpg,Benign,0
D:/university/summer 26/Data Mining/research project/archive\train\Benign\5996.jpg,Benign,0
D:/university/summer 26/Data Mining/research project/archive\train\Benign\2726.jpg,Benign,0
D:/university/summer 26/Data Mining/research project/archive\train\Malignant\3027.jpg,Malignant,1
D:/university/summer 26/Data Mining/research project/archive\train\Malignant\1103.jpg,Malignant,1
D:/university/summer 26/Data Mining/research project/archive\train\Benign\3910.jpg,Benign,0
D:/university/summer 26/Data Mining/research project/archive\train\Benign\631.jpg,Benign,0
D:/university/summer 26/Data Mining/research project/archive\train\Benign\5060.jpg,Benign,0
D:/university/summer 26/Data Mining/research project/archive\train\Benign\1247.jpg,Benign,0
D:/university/summer 26/Data Mining/research project/archive\train\Malignant\2981.jpg,Malignant,1
D:/university/summer 26/Data Mining/research project/archive\train\Benign\4024.jpg,Benign,0
D:/university/summer 26/Data Mining/research project/archive\train\Benign\829.jpg,Benign,0
D:/university/summer 26/Data Mining/research project/archive\train\Benign\5443.jpg,Benign,0
D:/university/summer 26/Data Mining/research project/archive\train\Benign\591.jpg,Benign,0
D:/university/summer 26/Data Mining/research project/archive\train\Malignant\2861.jpg,Malignant,1
D:/university/summer 26/Data Mining/research project/archive\train\Malignant\3276.jpg,Malignant,1
D:/university/summer 26/Data Mining/research project/archive\train\Benign\1384.jpg,Benign,0
D:/university/summer 26/Data Mining/research project/archive\train\Malignant\1558.jpg,Malignant,1
D:/university/summer 26/Data Mining/research project/archive\train\Malignant\5511.jpg,Malignant,1
D:/university/summer 26/Data Mining/research project/archive\train\Malignant\3680.jpg,Malignant,1
D:/university/summer 26/Data Mining/research project/archive\train\Benign\1548.jpg,Benign,0
D:/university/summer 26/Data Mining/research project/archive\train\Malignant\231.jpg,Malignant,1
D:/university/summer 26/Data Mining/research project/archive\train\Malignant\3588.jpg,Malignant,1
D:/university/summer 26/Data Mining/research project/archive\train\Benign\6100.jpg,Benign,0
D:/university/summer 26/Data Mining/research project/archive\train\Benign\3508.jpg,Benign,0
D:/university/summer 26/Data Mining/research project/archive\train\Malignant\1667.jpg,Malignant,1
D:/university/summer 26/Data Mining/research project/archive\train\Malignant\4794.jpg,Malignant,1
D:/university/summer 26/Data Mining/research project/archive\train\Malignant\1040.jpg,Malignant,1
D:/university/summer 26/Data Mining/research project/archive\train\Malignant\5068.jpg,Malignant,1
D:/university/summer 26/Data Mining/research project/archive\train\Malignant\4439.jpg,Malignant,1
D:/university/summer 26/Data Mining/research project/archive\train\Benign\3161.jpg,Benign,0
D:/university/summer 26/Data Mining/research project/archive\train\Malignant\1363.jpg,Malignant,1
D:/university/summer 26/Data Mining/research project/archive\train\Malignant\3927.jpg,Malignant,1
D:/university/summer 26/Data Mining/research project/archive\train\Benign\221.jpg,Benign,0
D:/university/summer 26/Data Mining/research project/archive\train\Benign\5763.jpg,Benign,0
D:/university/summer 26/Data Mining/research project/archive\train\Benign\4419.jpg,Benign,0
D:/university/summer 26/Data Mining/research project/archive\train\Malignant\3374.jpg,Malignant,1
D:/university/summer 26/Data Mining/research project/archive\train\Benign\4836.jpg,Benign,0
D:/university/summer 26/Data Mining/research project/archive\train\Benign\1949.jpg,Benign,0
D:/university/summer 26/Data Mining/research project/archive\train\Malignant\3218.jpg,Malignant,1
D:/university/summer 26/Data Mining/research project/archive\train\Malignant\5140.jpg,Malignant,1
D:/university/summer 26/Data Mining/research project/archive\train\Benign\1657.jpg,Benign,0
D:/university/summer 26/Data Mining/research project/archive\train\Benign\5161.jpg,Benign,0
D:/university/summer 26/Data Mining/research project/archive\train\Benign\1702.jpg,Benign,0
D:/university/summer 26/Data Mining/research project/archive\train\Benign\1120.jpg,Benign,0
D:/university/summer 26/Data Mining/research project/archive\train\Benign\6148.jpg,Benign,0
D:/university/summer 26/Data Mining/research project/archive\train\Malignant\4090.jpg,Malignant,1
D:/university/summer 26/Data Mining/research project/archive\train\Malignant\3703.jpg,Malignant,1
D:/university/summer 26/Data Mining/research project/archive\train\Benign\602.jpg,Benign,0
D:/university/summer 26/Data Mining/research project/archive\train\Malignant\5228.jpg,Malignant,1
D:/university/summer 26/Data Mining/research project/archive\train\Malignant\2301.jpg,Malignant,1
D:/university/summer 26/Data Mining/research project/archive\train\Benign\4433.jpg,Benign,0
D:/university/summer 26/Data Mining/research project/archive\train\Malignant\5477.jpg,Malignant,1
D:/university/summer 26/Data Mining/research project/archive\train\Benign\5880.jpg,Benign,0
D:/university/summer 26/Data Mining/research project/archive\train\Benign\4996.jpg,Benign,0
D:/university/summer 26/Data Mining/research project/archive\train\Benign\1488.jpg,Benign,0
D:/university/summer 26/Data Mining/research project/archive\train\Malignant\3557.jpg,Malignant,1
D:/university/summer 26/Data Mining/research project/archive\train\Benign\5471.jpg,Benign,0
D:/university/summer 26/Data Mining/research project/archive\train\Benign\748.jpg,Benign,0
D:/university/summer 26/Data Mining/research project/archive\train\Benign\4319.jpg,Benign,0
D:/university/summer 26/Data Mining/research project/archive\train\Benign\4889.jpg,Benign,0
D:/university/summer 26/Data Mining/research project/archive\train\Malignant\5322.jpg,Malignant,1
D:/university/summer 26/Data Mining/research project/archive\train\Malignant\4361.jpg,Malignant,1
D:/university/summer 26/Data Mining/research project/archive\train\Benign\4444.jpg,Benign,0
D:/university/summer 26/Data Mining/research project/archive\train\Malignant\2147.jpg,Malignant,1
D:/university/summer 26/Data Mining/research project/archive\train\Benign\3247.jpg,Benign,0
D:/university/summer 26/Data Mining/research project/archive\train\Malignant\2460.jpg,Malignant,1
D:/university/summer 26/Data Mining/research project/archive\train\Benign\2693.jpg,Benign,0
D:/university/summer 26/Data Mining/research project/archive\train\Malignant\9.jpg,Malignant,1
D:/university/summer 26/Data Mining/research project/archive\train\Benign\4659.jpg,Benign,0
D:/university/summer 26/Data Mining/research project/archive\train\Malignant\4092.jpg,Malignant,1
D:/university/summer 26/Data Mining/research project/archive\train\Malignant\5556.jpg,Malignant,1
D:/university/summer 26/Data Mining/research project/archive\train\Malignant\2500.jpg,Malignant,1
D:/university/summer 26/Data Mining/research project/archive\train\Malignant\371.jpg,Malignant,1
D:/university/summer 26/Data Mining/research project/archive\train\Benign\3105.jpg,Benign,0
D:/university/summer 26/Data Mining/research project/archive\train\Benign\495.jpg,Benign,0
D:/university/summer 26/Data Mining/research project/archive\train\Benign\4123.jpg,Benign,0
D:/university/summer 26/Data Mining/research project/archive\train\Benign\4437.jpg,Benign,0
D:/university/summer 26/Data Mining/research project/archive\train\Malignant\1943.jpg,Malignant,1
D:/university/summer 26/Data Mining/research project/archive\train\Malignant\4466.jpg,Malignant,1
D:/university/summer 26/Data Mining/research project/archive\train\Benign\6151.jpg,Benign,0
D:/university/summer 26/Data Mining/research project/archive\train\Malignant\2392.jpg,Malignant,1
D:/university/summer 26/Data Mining/research project/archive\train\Malignant\153.jpg,Malignant,1
D:/university/summer 26/Data Mining/research project/archive\train\Benign\1626.jpg,Benign,0
D:/university/summer 26/Data Mining/research project/archive\train\Benign\3537.jpg,Benign,0
D:/university/summer 26/Data Mining/research project/archive\train\Malignant\1531.jpg,Malignant,1
D:/university/summer 26/Data Mining/research project/archive\train\Malignant\2298.jpg,Malignant,1
D:/university/summer 26/Data Mining/research project/archive\train\Malignant\3895.jpg,Malignant,1
D:/university/summer 26/Data Mining/research project/archive\train\Malignant\3043.jpg,Malignant,1
D:/university/summer 26/Data Mining/research project/archive\train\Benign\1763.jpg,Benign,0
D:/university/summer 26/Data Mining/research project/archive\train\Benign\4036.jpg,Benign,0
D:/university/summer 26/Data Mining/research project/archive\train\Malignant\4779.jpg,Malignant,1
D:/university/summer 26/Data Mining/research project/archive\train\Malignant\5453.jpg,Malignant,1
D:/university/summer 26/Data Mining/research project/archive\train\Malignant\3918.jpg,Malignant,1
D:/university/summer 26/Data Mining/research project/archive\train\Malignant\1989.jpg,Malignant,1
D:/university/summer 26/Data Mining/research project/archive\train\Benign\5572.jpg,Benign,0
D:/university/summer 26/Data Mining/research project/archive\train\Benign\912.jpg,Benign,0
D:/university/summer 26/Data Mining/research project/archive\train\Malignant\3733.jpg,Malignant,1
D:/university/summer 26/Data Mining/research project/archive\train\Malignant\3257.jpg,Malignant,1
D:/university/summer 26/Data Mining/research project/archive\train\Malignant\17.jpg,Malignant,1
D:/university/summer 26/Data Mining/research project/archive\train\Malignant\4011.jpg,Malignant,1
D:/university/summer 26/Data Mining/research project/archive\train\Benign\1996.jpg,Benign,0
D:/university/summer 26/Data Mining/research project/archive\train\Malignant\2442.jpg,Malignant,1
D:/university/summer 26/Data Mining/research project/archive\train\Malignant\962.jpg,Malignant,1
D:/university/summer 26/Data Mining/research project/archive\train\Benign\2701.jpg,Benign,0
D:/university/summer 26/Data Mining/research project/archive\train\Benign\2477.jpg,Benign,0
D:/university/summer 26/Data Mining/research project/archive\train\Benign\1152.jpg,Benign,0
D:/university/summer 26/Data Mining/research project/archive\train\Malignant\4406.jpg,Malignant,1
D:/university/summer 26/Data Mining/research project/archive\train\Benign\3847.jpg,Benign,0
D:/university/summer 26/Data Mining/research project/archive\train\Malignant\3354.jpg,Malignant,1
D:/university/summer 26/Data Mining/research project/archive\train\Malignant\3405.jpg,Malignant,1
D:/university/summer 26/Data Mining/research project/archive\train\Benign\5715.jpg,Benign,0
D:/university/summer 26/Data Mining/research project/archive\train\Benign\3234.jpg,Benign,0
D:/university/summer 26/Data Mining/research project/archive\train\Benign\757.jpg,Benign,0
D:/university/summer 26/Data Mining/research project/archive\train\Benign\2389.jpg,Benign,0
D:/university/summer 26/Data Mining/research project/archive\train\Malignant\3681.jpg,Malignant,1
D:/university/summer 26/Data Mining/research project/archive\train\Benign\5664.jpg,Benign,0
D:/university/summer 26/Data Mining/research project/archive\train\Malignant\647.jpg,Malignant,1
D:/university/summer 26/Data Mining/research project/archive\train\Benign\4683.jpg,Benign,0
D:/university/summer 26/Data Mining/research project/archive\train\Benign\2719.jpg,Benign,0
D:/university/summer 26/Data Mining/research project/archive\train\Benign\430.jpg,Benign,0
D:/university/summer 26/Data Mining/research project/archive\train\Benign\1414.jpg,Benign,0
D:/university/summer 26/Data Mining/research project/archive\train\Benign\4414.jpg,Benign,0
D:/university/summer 26/Data Mining/research project/archive\train\Benign\3159.jpg,Benign,0
D:/university/summer 26/Data Mining/research project/archive\train\Malignant\988.jpg,Malignant,1
D:/university/summer 26/Data Mining/research project/archive\train\Malignant\2332.jpg,Malignant,1
D:/university/summer 26/Data Mining/research project/archive\train\Malignant\4385.jpg,Malignant,1
D:/university/summer 26/Data Mining/research project/archive\train\Malignant\655.jpg,Malignant,1
D:/university/summer 26/Data Mining/research project/archive\train\Benign\3920.jpg,Benign,0
D:/university/summer 26/Data Mining/research project/archive\train\Benign\1194.jpg,Benign,0
D:/university/summer 26/Data Mining/research project/archive\train\Benign\6198.jpg,Benign,0
D:/university/summer 26/Data Mining/research project/archive\train\Malignant\3573.jpg,Malignant,1
D:/university/summer 26/Data Mining/research project/archive\train\Benign\1979.jpg,Benign,0
D:/university/summer 26/Data Mining/research project/archive\train\Benign\3907.jpg,Benign,0
D:/university/summer 26/Data Mining/research project/archive\train\Malignant\5533.jpg,Malignant,1
D:/university/summer 26/Data Mining/research project/archive\train\Benign\5758.jpg,Benign,0
D:/university/summer 26/Data Mining/research project/archive\train\Benign\4151.jpg,Benign,0
D:/university/summer 26/Data Mining/research project/archive\train\Benign\5034.jpg,Benign,0
D:/university/summer 26/Data Mining/research project/archive\train\Benign\4698.jpg,Benign,0
D:/university/summer 26/Data Mining/research project/archive\train\Benign\1385.jpg,Benign,0
D:/university/summer 26/Data Mining/research project/archive\train\Benign\4430.jpg,Benign,0
D:/university/summer 26/Data Mining/research project/archive\train\Malignant\2344.jpg,Malignant,1
D:/university/summer 26/Data Mining/research project/archive\train\Malignant\3763.jpg,Malignant,1
D:/university/summer 26/Data Mining/research project/archive\train\Malignant\2355.jpg,Malignant,1
D:/university/summer 26/Data Mining/research project/archive\train\Benign\2802.jpg,Benign,0
D:/university/summer 26/Data Mining/research project/archive\train\Benign\2632.jpg,Benign,0
D:/university/summer 26/Data Mining/research project/archive\train\Benign\5833.jpg,Benign,0
D:/university/summer 26/Data Mining/research project/archive\train\Malignant\4580.jpg,Malignant,1
D:/university/summer 26/Data Mining/research project/archive\train\Malignant\5159.jpg,Malignant,1
D:/university/summer 26/Data Mining/research project/archive\train\Benign\1935.jpg,Benign,0
D:/university/summer 26/Data Mining/research project/archive\train\Malignant\2076.jpg,Malignant,1
D:/university/summer 26/Data Mining/research project/archive\train\Benign\580.jpg,Benign,0
D:/university/summer 26/Data Mining/research project/archive\train\Malignant\2610.jpg,Malignant,1
D:/university/summer 26/Data Mining/research project/archive\train\Malignant\3236.jpg,Malignant,1
D:/university/summer 26/Data Mining/research project/archive\train\Malignant\4143.jpg,Malignant,1
D:/university/summer 26/Data Mining/research project/archive\train\Malignant\3643.jpg,Malignant,1
D:/university/summer 26/Data Mining/research project/archive\train\Malignant\2113.jpg,Malignant,1
D:/university/summer 26/Data Mining/research project/archive\train\Malignant\1875.jpg,Malignant,1
D:/university/summer 26/Data Mining/research project/archive\train\Malignant\2202.jpg,Malignant,1
D:/university/summer 26/Data Mining/research project/archive\train\Benign\4317.jpg,Benign,0
D:/university/summer 26/Data Mining/research project/archive\train\Benign\2186.jpg,Benign,0
D:/university/summer 26/Data Mining/research project/archive\train\Benign\1321.jpg,Benign,0
D:/university/summer 26/Data Mining/research project/archive\train\Benign\1201.jpg,Benign,0
D:/university/summer 26/Data Mining/research project/archive\train\Malignant\4373.jpg,Malignant,1
D:/university/summer 26/Data Mining/research project/archive\train\Malignant\1754.jpg,Malignant,1
D:/university/summer 26/Data Mining/research project/archive\train\Benign\222.jpg,Benign,0
D:/university/summer 26/Data Mining/research project/archive\train\Benign\344.jpg,Benign,0
D:/university/summer 26/Data Mining/research project/archive\train\Benign\421.jpg,Benign,0
D:/university/summer 26/Data Mining/research project/archive\train\Malignant\1671.jpg,Malignant,1
D:/university/summer 26/Data Mining/research project/archive\train\Malignant\901.jpg,Malignant,1
D:/university/summer 26/Data Mining/research project/archive\train\Benign\2394.jpg,Benign,0
D:/university/summer 26/Data Mining/research project/archive\train\Benign\4677.jpg,Benign,0
D:/university/summer 26/Data Mining/research project/archive\train\Malignant\5018.jpg,Malignant,1
D:/university/summer 26/Data Mining/research project/archive\train\Malignant\1098.jpg,Malignant,1
D:/university/summer 26/Data Mining/research project/archive\train\Benign\2558.jpg,Benign,0
D:/university/summer 26/Data Mining/research project/archive\train\Benign\819.jpg,Benign,0
D:/university/summer 26/Data Mining/research project/archive\train\Malignant\4724.jpg,Malignant,1
D:/university/summer 26/Data Mining/research project/archive\train\Benign\948.jpg,Benign,0
D:/university/summer 26/Data Mining/research project/archive\train\Malignant\2476.jpg,Malignant,1
D:/university/summer 26/Data Mining/research project/archive\train\Benign\1807.jpg,Benign,0
D:/university/summer 26/Data Mining/research project/archive\train\Malignant\951.jpg,Malignant,1
D:/university/summer 26/Data Mining/research project/archive\train\Benign\3266.jpg,Benign,0
D:/university/summer 26/Data Mining/research project/archive\train\Malignant\4123.jpg,Malignant,1
D:/university/summer 26/Data Mining/research project/archive\train\Benign\2372.jpg,Benign,0
D:/university/summer 26/Data Mining/research project/archive\train\Benign\4968.jpg,Benign,0
D:/university/summer 26/Data Mining/research project/archive\train\Malignant\4195.jpg,Malignant,1
D:/university/summer 26/Data Mining/research project/archive\train\Benign\479.jpg,Benign,0
D:/university/summer 26/Data Mining/research project/archive\train\Benign\3046.jpg,Benign,0
D:/university/summer 26/Data Mining/research project/archive\train\Benign\4273.jpg,Benign,0
D:/university/summer 26/Data Mining/research project/archive\train\Benign\4781.jpg,Benign,0
D:/university/summer 26/Data Mining/research project/archive\train\Benign\1909.jpg,Benign,0
D:/university/summer 26/Data Mining/research project/archive\train\Benign\4494.jpg,Benign,0
D:/university/summer 26/Data Mining/research project/archive\train\Benign\817.jpg,Benign,0
D:/university/summer 26/Data Mining/research project/archive\train\Malignant\1350.jpg,Malignant,1
D:/university/summer 26/Data Mining/research project/archive\train\Benign\4842.jpg,Benign,0
D:/university/summer 26/Data Mining/research project/archive\train\Malignant\5275.jpg,Malignant,1
D:/university/summer 26/Data Mining/research project/archive\train\Benign\1597.jpg,Benign,0
D:/university/summer 26/Data Mining/research project/archive\train\Malignant\2140.jpg,Malignant,1
D:/university/summer 26/Data Mining/research project/archive\train\Malignant\5147.jpg,Malignant,1
D:/university/summer 26/Data Mining/research project/archive\train\Benign\651.jpg,Benign,0
D:/university/summer 26/Data Mining/research project/archive\train\Benign\229.jpg,Benign,0
D:/university/summer 26/Data Mining/research project/archive\train\Benign\534.jpg,Benign,0
D:/university/summer 26/Data Mining/research project/archive\train\Malignant\4288.jpg,Malignant,1
D:/university/summer 26/Data Mining/research project/archive\train\Benign\5899.jpg,Benign,0
D:/university/summer 26/Data Mining/research project/archive\train\Benign\911.jpg,Benign,0
D:/university/summer 26/Data Mining/research project/archive\train\Malignant\1730.jpg,Malignant,1
D:/university/summer 26/Data Mining/research project/archive\train\Malignant\2164.jpg,Malignant,1
D:/university/summer 26/Data Mining/research project/archive\train\Benign\3687.jpg,Benign,0
D:/university/summer 26/Data Mining/research project/archive\train\Malignant\3317.jpg,Malignant,1
D:/university/summer 26/Data Mining/research project/archive\train\Benign\6250.jpg,Benign,0
D:/university/summer 26/Data Mining/research project/archive\train\Malignant\3160.jpg,Malignant,1
D:/university/summer 26/Data Mining/research project/archive\train\Malignant\3903.jpg,Malignant,1
D:/university/summer 26/Data Mining/research project/archive\train\Malignant\2115.jpg,Malignant,1
D:/university/summer 26/Data Mining/research project/archive\train\Malignant\2163.jpg,Malignant,1
D:/university/summer 26/Data Mining/research project/archive\train\Malignant\1812.jpg,Malignant,1
D:/university/summer 26/Data Mining/research project/archive\train\Benign\1167.jpg,Benign,0
D:/university/summer 26/Data Mining/research project/archive\train\Malignant\354.jpg,Malignant,1
D:/university/summer 26/Data Mining/research project/archive\train\Benign\2106.jpg,Benign,0
D:/university/summer 26/Data Mining/research project/archive\train\Malignant\2656.jpg,Malignant,1
D:/university/summer 26/Data Mining/research project/archive\train\Malignant\2003.jpg,Malignant,1
D:/university/summer 26/Data Mining/research project/archive\train\Malignant\2501.jpg,Malignant,1
D:/university/summer 26/Data Mining/research project/archive\train\Benign\4902.jpg,Benign,0
D:/university/summer 26/Data Mining/research project/archive\train\Benign\676.jpg,Benign,0
D:/university/summer 26/Data Mining/research project/archive\train\Malignant\2480.jpg,Malignant,1
D:/university/summer 26/Data Mining/research project/archive\train\Malignant\234.jpg,Malignant,1
D:/university/summer 26/Data Mining/research project/archive\train\Benign\1033.jpg,Benign,0
D:/university/summer 26/Data Mining/research project/archive\train\Malignant\893.jpg,Malignant,1
D:/university/summer 26/Data Mining/research project/archive\train\Benign\2919.jpg,Benign,0
D:/university/summer 26/Data Mining/research project/archive\train\Benign\4104.jpg,Benign,0
D:/university/summer 26/Data Mining/research project/archive\train\Benign\1600.jpg,Benign,0
D:/university/summer 26/Data Mining/research project/archive\train\Benign\2779.jpg,Benign,0
D:/university/summer 26/Data Mining/research project/archive\train\Benign\921.jpg,Benign,0
D:/university/summer 26/Data Mining/research project/archive\train\Benign\3586.jpg,Benign,0
D:/university/summer 26/Data Mining/research project/archive\train\Malignant\256.jpg,Malignant,1
D:/university/summer 26/Data Mining/research project/archive\train\Benign\3714.jpg,Benign,0
D:/university/summer 26/Data Mining/research project/archive\train\Benign\2806.jpg,Benign,0
D:/university/summer 26/Data Mining/research project/archive\train\Malignant\1636.jpg,Malignant,1
D:/university/summer 26/Data Mining/research project/archive\train\Benign\5578.jpg,Benign,0
D:/university/summer 26/Data Mining/research project/archive\train\Malignant\1085.jpg,Malignant,1
D:/university/summer 26/Data Mining/research project/archive\train\Malignant\2878.jpg,Malignant,1
D:/university/summer 26/Data Mining/research project/archive\train\Benign\3417.jpg,Benign,0
D:/university/summer 26/Data Mining/research project/archive\train\Benign\4199.jpg,Benign,0
D:/university/summer 26/Data Mining/research project/archive\train\Benign\295.jpg,Benign,0
D:/university/summer 26/Data Mining/research project/archive\train\Malignant\5017.jpg,Malignant,1
D:/university/summer 26/Data Mining/research project/archive\train\Malignant\74.jpg,Malignant,1
D:/university/summer 26/Data Mining/research project/archive\train\Benign\952.jpg,Benign,0
D:/university/summer 26/Data Mining/research project/archive\train\Malignant\4171.jpg,Malignant,1
D:/university/summer 26/Data Mining/research project/archive\train\Benign\3740.jpg,Benign,0
D:/university/summer 26/Data Mining/research project/archive\train\Malignant\3157.jpg,Malignant,1
D:/university/summer 26/Data Mining/research project/archive\train\Benign\4793.jpg,Benign,0
D:/university/summer 26/Data Mining/research project/archive\train\Benign\1266.jpg,Benign,0
D:/university/summer 26/Data Mining/research project/archive\train\Benign\41.jpg,Benign,0
D:/university/summer 26/Data Mining/research project/archive\train\Benign\3364.jpg,Benign,0
D:/university/summer 26/Data Mining/research project/archive\train\Malignant\3891.jpg,Malignant,1
D:/university/summer 26/Data Mining/research project/archive\train\Malignant\4459.jpg,Malignant,1
D:/university/summer 26/Data Mining/research project/archive\train\Malignant\4080.jpg,Malignant,1
D:/university/summer 26/Data Mining/research project/archive\train\Benign\1158.jpg,Benign,0
D:/university/summer 26/Data Mining/research project/archive\train\Benign\2427.jpg,Benign,0
D:/university/summer 26/Data Mining/research project/archive\train\Malignant\3275.jpg,Malignant,1
D:/university/summer 26/Data Mining/research project/archive\train\Benign\2193.jpg,Benign,0
D:/university/summer 26/Data Mining/research project/archive\train\Malignant\66.jpg,Malignant,1
D:/university/summer 26/Data Mining/research project/archive\train\Benign\3980.jpg,Benign,0
D:/university/summer 26/Data Mining/research project/archive\train\Benign\3391.jpg,Benign,0
D:/university/summer 26/Data Mining/research project/archive\train\Benign\5230.jpg,Benign,0
D:/university/summer 26/Data Mining/research project/archive\train\Malignant\2178.jpg,Malignant,1
D:/university/summer 26/Data Mining/research project/archive\train\Benign\436.jpg,Benign,0
D:/university/summer 26/Data Mining/research project/archive\train\Malignant\4839.jpg,Malignant,1
D:/university/summer 26/Data Mining/research project/archive\train\Benign\3964.jpg,Benign,0
D:/university/summer 26/Data Mining/research project/archive\train\Benign\1317.jpg,Benign,0
D:/university/summer 26/Data Mining/research project/archive\train\Malignant\3939.jpg,Malignant,1
D:/university/summer 26/Data Mining/research project/archive\train\Benign\350.jpg,Benign,0
D:/university/summer 26/Data Mining/research project/archive\train\Benign\4259.jpg,Benign,0
D:/university/summer 26/Data Mining/research project/archive\train\Benign\3764.jpg,Benign,0
D:/university/summer 26/Data Mining/research project/archive\train\Malignant\5400.jpg,Malignant,1
D:/university/summer 26/Data Mining/research project/archive\train\Benign\2472.jpg,Benign,0
D:/university/summer 26/Data Mining/research project/archive\train\Malignant\3993.jpg,Malignant,1
D:/university/summer 26/Data Mining/research project/archive\train\Benign\3404.jpg,Benign,0
D:/university/summer 26/Data Mining/research project/archive\train\Malignant\3925.jpg,Malignant,1
D:/university/summer 26/Data Mining/research project/archive\train\Malignant\1372.jpg,Malignant,1
D:/university/summer 26/Data Mining/research project/archive\train\Benign\1005.jpg,Benign,0
D:/university/summer 26/Data Mining/research project/archive\train\Benign\2735.jpg,Benign,0
D:/university/summer 26/Data Mining/research project/archive\train\Benign\5509.jpg,Benign,0
D:/university/summer 26/Data Mining/research project/archive\train\Malignant\1530.jpg,Malignant,1
D:/university/summer 26/Data Mining/research project/archive\train\Benign\2386.jpg,Benign,0
D:/university/summer 26/Data Mining/research project/archive\train\Benign\830.jpg,Benign,0
D:/university/summer 26/Data Mining/research project/archive\train\Benign\1986.jpg,Benign,0
D:/university/summer 26/Data Mining/research project/archive\train\Benign\207.jpg,Benign,0
D:/university/summer 26/Data Mining/research project/archive\train\Benign\4922.jpg,Benign,0
D:/university/summer 26/Data Mining/research project/archive\train\Malignant\4831.jpg,Malignant,1
D:/university/summer 26/Data Mining/research project/archive\train\Malignant\483.jpg,Malignant,1
D:/university/summer 26/Data Mining/research project/archive\train\Malignant\2707.jpg,Malignant,1
D:/university/summer 26/Data Mining/research project/archive\train\Malignant\5236.jpg,Malignant,1
D:/university/summer 26/Data Mining/research project/archive\train\Benign\1571.jpg,Benign,0
D:/university/summer 26/Data Mining/research project/archive\train\Benign\3802.jpg,Benign,0
D:/university/summer 26/Data Mining/research project/archive\train\Malignant\751.jpg,Malignant,1
D:/university/summer 26/Data Mining/research project/archive\train\Malignant\4643.jpg,Malignant,1
D:/university/summer 26/Data Mining/research project/archive\train\Benign\858.jpg,Benign,0
D:/university/summer 26/Data Mining/research project/archive\train\Benign\3837.jpg,Benign,0
D:/university/summer 26/Data Mining/research project/archive\train\Benign\1790.jpg,Benign,0
D:/university/summer 26/Data Mining/research project/archive\train\Malignant\3206.jpg,Malignant,1
D:/university/summer 26/Data Mining/research project/archive\train\Malignant\3478.jpg,Malignant,1
D:/university/summer 26/Data Mining/research project/archive\train\Malignant\4131.jpg,Malignant,1
D:/university/summer 26/Data Mining/research project/archive\train\Malignant\223.jpg,Malignant,1
D:/university/summer 26/Data Mining/research project/archive\train\Benign\4949.jpg,Benign,0
D:/university/summer 26/Data Mining/research project/archive\train\Malignant\1876.jpg,Malignant,1
D:/university/summer 26/Data Mining/research project/archive\train\Malignant\3732.jpg,Malignant,1
D:/university/summer 26/Data Mining/research project/archive\train\Malignant\5014.jpg,Malignant,1
D:/university/summer 26/Data Mining/research project/archive\train\Benign\1417.jpg,Benign,0
D:/university/summer 26/Data Mining/research project/archive\train\Malignant\468.jpg,Malignant,1
D:/university/summer 26/Data Mining/research project/archive\train\Benign\3829.jpg,Benign,0
D:/university/summer 26/Data Mining/research project/archive\train\Benign\4566.jpg,Benign,0
D:/university/summer 26/Data Mining/research project/archive\train\Benign\4515.jpg,Benign,0
D:/university/summer 26/Data Mining/research project/archive\train\Malignant\1345.jpg,Malignant,1
D:/university/summer 26/Data Mining/research project/archive\train\Benign\3048.jpg,Benign,0
D:/university/summer 26/Data Mining/research project/archive\train\Benign\2603.jpg,Benign,0
D:/university/summer 26/Data Mining/research project/archive\train\Malignant\2117.jpg,Malignant,1
D:/university/summer 26/Data Mining/research project/archive\train\Benign\215.jpg,Benign,0
D:/university/summer 26/Data Mining/research project/archive\train\Benign\4305.jpg,Benign,0
D:/university/summer 26/Data Mining/research project/archive\train\Benign\5176.jpg,Benign,0
D:/university/summer 26/Data Mining/research project/archive\train\Benign\3916.jpg,Benign,0
D:/university/summer 26/Data Mining/research project/archive\train\Malignant\5307.jpg,Malignant,1
D:/university/summer 26/Data Mining/research project/archive\train\Benign\4643.jpg,Benign,0
D:/university/summer 26/Data Mining/research project/archive\train\Benign\5490.jpg,Benign,0
D:/university/summer 26/Data Mining/research project/archive\train\Malignant\4219.jpg,Malignant,1
D:/university/summer 26/Data Mining/research project/archive\train\Malignant\3229.jpg,Malignant,1
D:/university/summer 26/Data Mining/research project/archive\train\Benign\2040.jpg,Benign,0
D:/university/summer 26/Data Mining/research project/archive\train\Benign\2837.jpg,Benign,0
D:/university/summer 26/Data Mining/research project/archive\train\Malignant\3785.jpg,Malignant,1
D:/university/summer 26/Data Mining/research project/archive\train\Benign\2136.jpg,Benign,0
D:/university/summer 26/Data Mining/research project/archive\train\Malignant\4295.jpg,Malignant,1
D:/university/summer 26/Data Mining/research project/archive\train\Malignant\5080.jpg,Malignant,1
D:/university/summer 26/Data Mining/research project/archive\train\Malignant\4287.jpg,Malignant,1
D:/university/summer 26/Data Mining/research project/archive\train\Malignant\4402.jpg,Malignant,1
D:/university/summer 26/Data Mining/research project/archive\train\Malignant\3432.jpg,Malignant,1
D:/university/summer 26/Data Mining/research project/archive\train\Benign\2219.jpg,Benign,0
D:/university/summer 26/Data Mining/research project/archive\train\Malignant\1692.jpg,Malignant,1
D:/university/summer 26/Data Mining/research project/archive\train\Malignant\4299.jpg,Malignant,1
D:/university/summer 26/Data Mining/research project/archive\train\Malignant\1542.jpg,Malignant,1
D:/university/summer 26/Data Mining/research project/archive\train\Benign\5640.jpg,Benign,0
D:/university/summer 26/Data Mining/research project/archive\train\Malignant\1670.jpg,Malignant,1
D:/university/summer 26/Data Mining/research project/archive\train\Benign\426.jpg,Benign,0
D:/university/summer 26/Data Mining/research project/archive\train\Benign\6084.jpg,Benign,0
D:/university/summer 26/Data Mining/research project/archive\train\Malignant\2062.jpg,Malignant,1
D:/university/summer 26/Data Mining/research project/archive\train\Benign\2278.jpg,Benign,0
D:/university/summer 26/Data Mining/research project/archive\train\Malignant\3305.jpg,Malignant,1
D:/university/summer 26/Data Mining/research project/archive\train\Benign\332.jpg,Benign,0
D:/university/summer 26/Data Mining/research project/archive\train\Benign\5276.jpg,Benign,0
D:/university/summer 26/Data Mining/research project/archive\train\Malignant\1976.jpg,Malignant,1
D:/university/summer 26/Data Mining/research project/archive\train\Malignant\2951.jpg,Malignant,1
D:/university/summer 26/Data Mining/research project/archive\train\Benign\1062.jpg,Benign,0
D:/university/summer 26/Data Mining/research project/archive\train\Benign\5877.jpg,Benign,0
D:/university/summer 26/Data Mining/research project/archive\train\Benign\5470.jpg,Benign,0
D:/university/summer 26/Data Mining/research project/archive\train\Benign\5074.jpg,Benign,0
D:/university/summer 26/Data Mining/research project/archive\train\Benign\1238.jpg,Benign,0
D:/university/summer 26/Data Mining/research project/archive\train\Malignant\477.jpg,Malignant,1
D:/university/summer 26/Data Mining/research project/archive\train\Malignant\3547.jpg,Malignant,1
D:/university/summer 26/Data Mining/research project/archive\train\Malignant\2918.jpg,Malignant,1
D:/university/summer 26/Data Mining/research project/archive\train\Malignant\1834.jpg,Malignant,1
D:/university/summer 26/Data Mining/research project/archive\train\Malignant\931.jpg,Malignant,1
D:/university/summer 26/Data Mining/research project/archive\train\Benign\5807.jpg,Benign,0
D:/university/summer 26/Data Mining/research project/archive\train\Benign\1253.jpg,Benign,0
D:/university/summer 26/Data Mining/research project/archive\train\Malignant\3318.jpg,Malignant,1
D:/university/summer 26/Data Mining/research project/archive\train\Malignant\3308.jpg,Malignant,1
D:/university/summer 26/Data Mining/research project/archive\train\Benign\1914.jpg,Benign,0
D:/university/summer 26/Data Mining/research project/archive\train\Benign\708.jpg,Benign,0
D:/university/summer 26/Data Mining/research project/archive\train\Benign\4436.jpg,Benign,0
D:/university/summer 26/Data Mining/research project/archive\train\Benign\2353.jpg,Benign,0
D:/university/summer 26/Data Mining/research project/archive\train\Benign\1202.jpg,Benign,0
D:/university/summer 26/Data Mining/research project/archive\train\Benign\1609.jpg,Benign,0
D:/university/summer 26/Data Mining/research project/archive\train\Benign\5576.jpg,Benign,0
D:/university/summer 26/Data Mining/research project/archive\train\Benign\643.jpg,Benign,0
D:/university/summer 26/Data Mining/research project/archive\train\Benign\2690.jpg,Benign,0
D:/university/summer 26/Data Mining/research project/archive\train\Benign\3488.jpg,Benign,0
D:/university/summer 26/Data Mining/research project/archive\train\Benign\5843.jpg,Benign,0
D:/university/summer 26/Data Mining/research project/archive\train\Benign\1378.jpg,Benign,0
D:/university/summer 26/Data Mining/research project/archive\train\Benign\1036.jpg,Benign,0
D:/university/summer 26/Data Mining/research project/archive\train\Malignant\3377.jpg,Malignant,1
D:/university/summer 26/Data Mining/research project/archive\train\Benign\224.jpg,Benign,0
D:/university/summer 26/Data Mining/research project/archive\train\Benign\4734.jpg,Benign,0
D:/university/summer 26/Data Mining/research project/archive\train\Benign\6051.jpg,Benign,0
D:/university/summer 26/Data Mining/research project/archive\train\Malignant\3582.jpg,Malignant,1
D:/university/summer 26/Data Mining/research project/archive\train\Malignant\4678.jpg,Malignant,1
D:/university/summer 26/Data Mining/research project/archive\train\Benign\983.jpg,Benign,0
D:/university/summer 26/Data Mining/research project/archive\train\Benign\3777.jpg,Benign,0
D:/university/summer 26/Data Mining/research project/archive\train\Benign\5979.jpg,Benign,0
D:/university/summer 26/Data Mining/research project/archive\train\Benign\2364.jpg,Benign,0
D:/university/summer 26/Data Mining/research project/archive\train\Benign\5983.jpg,Benign,0
D:/university/summer 26/Data Mining/research project/archive\train\Benign\2487.jpg,Benign,0
D:/university/summer 26/Data Mining/research project/archive\train\Malignant\4997.jpg,Malignant,1
D:/university/summer 26/Data Mining/research project/archive\train\Malignant\208.jpg,Malignant,1
D:/university/summer 26/Data Mining/research project/archive\train\Malignant\4685.jpg,Malignant,1
D:/university/summer 26/Data Mining/research project/archive\train\Benign\1480.jpg,Benign,0
D:/university/summer 26/Data Mining/research project/archive\train\Malignant\3091.jpg,Malignant,1
D:/university/summer 26/Data Mining/research project/archive\train\Malignant\4761.jpg,Malignant,1
D:/university/summer 26/Data Mining/research project/archive\train\Benign\3856.jpg,Benign,0
D:/university/summer 26/Data Mining/research project/archive\train\Malignant\3947.jpg,Malignant,1
D:/university/summer 26/Data Mining/research project/archive\train\Benign\3277.jpg,Benign,0
D:/university/summer 26/Data Mining/research project/archive\train\Malignant\2104.jpg,Malignant,1
D:/university/summer 26/Data Mining/research project/archive\train\Malignant\4472.jpg,Malignant,1
D:/university/summer 26/Data Mining/research project/archive\train\Benign\4797.jpg,Benign,0
D:/university/summer 26/Data Mining/research project/archive\train\Malignant\598.jpg,Malignant,1
D:/university/summer 26/Data Mining/research project/archive\train\Malignant\3367.jpg,Malignant,1
D:/university/summer 26/Data Mining/research project/archive\train\Malignant\4777.jpg,Malignant,1
D:/university/summer 26/Data Mining/research project/archive\train\Malignant\5025.jpg,Malignant,1
D:/university/summer 26/Data Mining/research project/archive\train\Malignant\1867.jpg,Malignant,1
D:/university/summer 26/Data Mining/research project/archive\train\Benign\2960.jpg,Benign,0
D:/university/summer 26/Data Mining/research project/archive\train\Malignant\4738.jpg,Malignant,1
D:/university/summer 26/Data Mining/research project/archive\train\Benign\5196.jpg,Benign,0
D:/university/summer 26/Data Mining/research project/archive\train\Malignant\3025.jpg,Malignant,1
D:/university/summer 26/Data Mining/research project/archive\train\Malignant\2758.jpg,Malignant,1
D:/university/summer 26/Data Mining/research project/archive\train\Malignant\2481.jpg,Malignant,1
D:/university/summer 26/Data Mining/research project/archive\train\Malignant\5336.jpg,Malignant,1
D:/university/summer 26/Data Mining/research project/archive\train\Malignant\1931.jpg,Malignant,1
D:/university/summer 26/Data Mining/research project/archive\train\Malignant\2908.jpg,Malignant,1
D:/university/summer 26/Data Mining/research project/archive\train\Malignant\690.jpg,Malignant,1
D:/university/summer 26/Data Mining/research project/archive\train\Malignant\2886.jpg,Malignant,1
D:/university/summer 26/Data Mining/research project/archive\train\Benign\5019.jpg,Benign,0
D:/university/summer 26/Data Mining/research project/archive\train\Malignant\2563.jpg,Malignant,1
D:/university/summer 26/Data Mining/research project/archive\train\Malignant\3971.jpg,Malignant,1
D:/university/summer 26/Data Mining/research project/archive\train\Malignant\2486.jpg,Malignant,1
D:/university/summer 26/Data Mining/research project/archive\train\Malignant\970.jpg,Malignant,1
D:/university/summer 26/Data Mining/research project/archive\train\Benign\2875.jpg,Benign,0
D:/university/summer 26/Data Mining/research project/archive\train\Benign\3656.jpg,Benign,0
D:/university/summer 26/Data Mining/research project/archive\train\Malignant\5422.jpg,Malignant,1
D:/university/summer 26/Data Mining/research project/archive\train\Malignant\2530.jpg,Malignant,1
D:/university/summer 26/Data Mining/research project/archive\train\Benign\5318.jpg,Benign,0
D:/university/summer 26/Data Mining/research project/archive\train\Benign\2191.jpg,Benign,0
D:/university/summer 26/Data Mining/research project/archive\train\Malignant\4384.jpg,Malignant,1
D:/university/summer 26/Data Mining/research project/archive\train\Malignant\3562.jpg,Malignant,1
D:/university/summer 26/Data Mining/research project/archive\train\Benign\4438.jpg,Benign,0
D:/university/summer 26/Data Mining/research project/archive\train\Benign\5422.jpg,Benign,0
D:/university/summer 26/Data Mining/research project/archive\train\Benign\3513.jpg,Benign,0
D:/university/summer 26/Data Mining/research project/archive\train\Benign\5886.jpg,Benign,0
D:/university/summer 26/Data Mining/research project/archive\train\Benign\3723.jpg,Benign,0
D:/university/summer 26/Data Mining/research project/archive\train\Benign\2562.jpg,Benign,0
D:/university/summer 26/Data Mining/research project/archive\train\Benign\660.jpg,Benign,0
D:/university/summer 26/Data Mining/research project/archive\train\Benign\1302.jpg,Benign,0
D:/university/summer 26/Data Mining/research project/archive\train\Benign\4007.jpg,Benign,0
D:/university/summer 26/Data Mining/research project/archive\train\Malignant\2915.jpg,Malignant,1
D:/university/summer 26/Data Mining/research project/archive\train\Malignant\1769.jpg,Malignant,1
D:/university/summer 26/Data Mining/research project/archive\train\Malignant\2622.jpg,Malignant,1
D:/university/summer 26/Data Mining/research project/archive\train\Malignant\1925.jpg,Malignant,1
D:/university/summer 26/Data Mining/research project/archive\train\Malignant\3619.jpg,Malignant,1
D:/university/summer 26/Data Mining/research project/archive\train\Benign\1487.jpg,Benign,0
D:/university/summer 26/Data Mining/research project/archive\train\Benign\4718.jpg,Benign,0
D:/university/summer 26/Data Mining/research project/archive\train\Benign\5685.jpg,Benign,0
D:/university/summer 26/Data Mining/research project/archive\train\Malignant\3987.jpg,Malignant,1
D:/university/summer 26/Data Mining/research project/archive\train\Malignant\4902.jpg,Malignant,1
D:/university/summer 26/Data Mining/research project/archive\train\Benign\4270.jpg,Benign,0
D:/university/summer 26/Data Mining/research project/archive\train\Benign\4870.jpg,Benign,0
D:/university/summer 26/Data Mining/research project/archive\train\Malignant\2722.jpg,Malignant,1
D:/university/summer 26/Data Mining/research project/archive\train\Benign\1518.jpg,Benign,0
D:/university/summer 26/Data Mining/research project/archive\train\Malignant\2425.jpg,Malignant,1
D:/university/summer 26/Data Mining/research project/archive\train\Malignant\158.jpg,Malignant,1
D:/university/summer 26/Data Mining/research project/archive\train\Benign\4720.jpg,Benign,0
D:/university/summer 26/Data Mining/research project/archive\train\Malignant\4990.jpg,Malignant,1
D:/university/summer 26/Data Mining/research project/archive\train\Benign\734.jpg,Benign,0
D:/university/summer 26/Data Mining/research project/archive\train\Benign\888.jpg,Benign,0
D:/university/summer 26/Data Mining/research project/archive\train\Benign\2706.jpg,Benign,0
D:/university/summer 26/Data Mining/research project/archive\train\Benign\1608.jpg,Benign,0
D:/university/summer 26/Data Mining/research project/archive\train\Malignant\1942.jpg,Malignant,1
D:/university/summer 26/Data Mining/research project/archive\train\Benign\3373.jpg,Benign,0
D:/university/summer 26/Data Mining/research project/archive\train\Benign\1941.jpg,Benign,0
D:/university/summer 26/Data Mining/research project/archive\train\Malignant\387.jpg,Malignant,1
D:/university/summer 26/Data Mining/research project/archive\train\Benign\2435.jpg,Benign,0
D:/university/summer 26/Data Mining/research project/archive\train\Benign\1565.jpg,Benign,0
D:/university/summer 26/Data Mining/research project/archive\train\Malignant\4935.jpg,Malignant,1
D:/university/summer 26/Data Mining/research project/archive\train\Benign\3897.jpg,Benign,0
D:/university/summer 26/Data Mining/research project/archive\train\Malignant\910.jpg,Malignant,1
D:/university/summer 26/Data Mining/research project/archive\train\Benign\1162.jpg,Benign,0
D:/university/summer 26/Data Mining/research project/archive\train\Malignant\1997.jpg,Malignant,1
D:/university/summer 26/Data Mining/research project/archive\train\Benign\3839.jpg,Benign,0
D:/university/summer 26/Data Mining/research project/archive\train\Benign\1034.jpg,Benign,0
D:/university/summer 26/Data Mining/research project/archive\train\Benign\5876.jpg,Benign,0
D:/university/summer 26/Data Mining/research project/archive\train\Malignant\4575.jpg,Malignant,1
D:/university/summer 26/Data Mining/research project/archive\train\Malignant\1869.jpg,Malignant,1
D:/university/summer 26/Data Mining/research project/archive\train\Benign\3736.jpg,Benign,0
D:/university/summer 26/Data Mining/research project/archive\train\Malignant\465.jpg,Malignant,1
D:/university/summer 26/Data Mining/research project/archive\train\Malignant\3448.jpg,Malignant,1
D:/university/summer 26/Data Mining/research project/archive\train\Malignant\2401.jpg,Malignant,1
D:/university/summer 26/Data Mining/research project/archive\train\Malignant\1387.jpg,Malignant,1
D:/university/summer 26/Data Mining/research project/archive\train\Benign\2262.jpg,Benign,0
D:/university/summer 26/Data Mining/research project/archive\train\Benign\4636.jpg,Benign,0
D:/university/summer 26/Data Mining/research project/archive\train\Benign\3115.jpg,Benign,0
D:/university/summer 26/Data Mining/research project/archive\train\Benign\1106.jpg,Benign,0
D:/university/summer 26/Data Mining/research project/archive\train\Benign\2997.jpg,Benign,0
D:/university/summer 26/Data Mining/research project/archive\train\Benign\2850.jpg,Benign,0
D:/university/summer 26/Data Mining/research project/archive\train\Malignant\2158.jpg,Malignant,1
D:/university/summer 26/Data Mining/research project/archive\train\Benign\3268.jpg,Benign,0
D:/university/summer 26/Data Mining/research project/archive\train\Benign\2351.jpg,Benign,0
D:/university/summer 26/Data Mining/research project/archive\train\Benign\3770.jpg,Benign,0
D:/university/summer 26/Data Mining/research project/archive\train\Benign\1330.jpg,Benign,0
D:/university/summer 26/Data Mining/research project/archive\train\Malignant\500.jpg,Malignant,1
D:/university/summer 26/Data Mining/research project/archive\train\Malignant\4803.jpg,Malignant,1
D:/university/summer 26/Data Mining/research project/archive\train\Malignant\1377.jpg,Malignant,1
D:/university/summer 26/Data Mining/research project/archive\train\Malignant\648.jpg,Malignant,1
D:/university/summer 26/Data Mining/research project/archive\train\Benign\1390.jpg,Benign,0
D:/university/summer 26/Data Mining/research project/archive\train\Benign\1563.jpg,Benign,0
D:/university/summer 26/Data Mining/research project/archive\train\Benign\2017.jpg,Benign,0
D:/university/summer 26/Data Mining/research project/archive\train\Malignant\3827.jpg,Malignant,1
D:/university/summer 26/Data Mining/research project/archive\train\Benign\4488.jpg,Benign,0
D:/university/summer 26/Data Mining/research project/archive\train\Malignant\3812.jpg,Malignant,1
D:/university/summer 26/Data Mining/research project/archive\train\Benign\3444.jpg,Benign,0
D:/university/summer 26/Data Mining/research project/archive\train\Benign\6062.jpg,Benign,0
D:/university/summer 26/Data Mining/research project/archive\train\Benign\722.jpg,Benign,0
D:/university/summer 26/Data Mining/research project/archive\train\Malignant\574.jpg,Malignant,1
D:/university/summer 26/Data Mining/research project/archive\train\Malignant\834.jpg,Malignant,1
D:/university/summer 26/Data Mining/research project/archive\train\Malignant\3835.jpg,Malignant,1
D:/university/summer 26/Data Mining/research project/archive\train\Benign\4923.jpg,Benign,0
D:/university/summer 26/Data Mining/research project/archive\train\Benign\2838.jpg,Benign,0
D:/university/summer 26/Data Mining/research project/archive\train\Malignant\5137.jpg,Malignant,1
D:/university/summer 26/Data Mining/research project/archive\train\Benign\5117.jpg,Benign,0
D:/university/summer 26/Data Mining/research project/archive\train\Benign\3705.jpg,Benign,0
D:/university/summer 26/Data Mining/research project/archive\train\Benign\4271.jpg,Benign,0
D:/university/summer 26/Data Mining/research project/archive\train\Benign\5788.jpg,Benign,0
D:/university/summer 26/Data Mining/research project/archive\train\Benign\3360.jpg,Benign,0
D:/university/summer 26/Data Mining/research project/archive\train\Benign\4275.jpg,Benign,0
D:/university/summer 26/Data Mining/research project/archive\train\Benign\5469.jpg,Benign,0
D:/university/summer 26/Data Mining/research project/archive\train\Malignant\4662.jpg,Malignant,1
D:/university/summer 26/Data Mining/research project/archive\train\Benign\5812.jpg,Benign,0
D:/university/summer 26/Data Mining/research project/archive\train\Malignant\67.jpg,Malignant,1
D:/university/summer 26/Data Mining/research project/archive\train\Malignant\3024.jpg,Malignant,1
D:/university/summer 26/Data Mining/research project/archive\train\Malignant\2721.jpg,Malignant,1
D:/university/summer 26/Data Mining/research project/archive\train\Benign\1674.jpg,Benign,0
D:/university/summer 26/Data Mining/research project/archive\train\Malignant\560.jpg,Malignant,1
D:/university/summer 26/Data Mining/research project/archive\train\Malignant\2543.jpg,Malignant,1
D:/university/summer 26/Data Mining/research project/archive\train\Malignant\456.jpg,Malignant,1
D:/university/summer 26/Data Mining/research project/archive\train\Malignant\1499.jpg,Malignant,1
D:/university/summer 26/Data Mining/research project/archive\train\Malignant\2148.jpg,Malignant,1
D:/university/summer 26/Data Mining/research project/archive\train\Benign\3237.jpg,Benign,0
D:/university/summer 26/Data Mining/research project/archive\train\Benign\1970.jpg,Benign,0
D:/university/summer 26/Data Mining/research project/archive\train\Benign\4346.jpg,Benign,0
D:/university/summer 26/Data Mining/research project/archive\train\Benign\1479.jpg,Benign,0
D:/university/summer 26/Data Mining/research project/archive\train\Malignant\5073.jpg,Malignant,1
D:/university/summer 26/Data Mining/research project/archive\train\Benign\2951.jpg,Benign,0
D:/university/summer 26/Data Mining/research project/archive\train\Malignant\1263.jpg,Malignant,1
D:/university/summer 26/Data Mining/research project/archive\train\Malignant\5112.jpg,Malignant,1
D:/university/summer 26/Data Mining/research project/archive\train\Benign\2938.jpg,Benign,0
D:/university/summer 26/Data Mining/research project/archive\train\Benign\523.jpg,Benign,0
D:/university/summer 26/Data Mining/research project/archive\train\Benign\2991.jpg,Benign,0
D:/university/summer 26/Data Mining/research project/archive\train\Malignant\478.jpg,Malignant,1
D:/university/summer 26/Data Mining/research project/archive\train\Malignant\5567.jpg,Malignant,1
D:/university/summer 26/Data Mining/research project/archive\train\Benign\5362.jpg,Benign,0
D:/university/summer 26/Data Mining/research project/archive\train\Malignant\5337.jpg,Malignant,1
D:/university/summer 26/Data Mining/research project/archive\train\Malignant\3008.jpg,Malignant,1
D:/university/summer 26/Data Mining/research project/archive\train\Benign\2976.jpg,Benign,0
D:/university/summer 26/Data Mining/research project/archive\train\Benign\4263.jpg,Benign,0
D:/university/summer 26/Data Mining/research project/archive\train\Malignant\181.jpg,Malignant,1
D:/university/summer 26/Data Mining/research project/archive\train\Malignant\1784.jpg,Malignant,1
D:/university/summer 26/Data Mining/research project/archive\train\Malignant\2342.jpg,Malignant,1
D:/university/summer 26/Data Mining/research project/archive\train\Malignant\1570.jpg,Malignant,1
D:/university/summer 26/Data Mining/research project/archive\train\Malignant\432.jpg,Malignant,1
D:/university/summer 26/Data Mining/research project/archive\train\Benign\5693.jpg,Benign,0
D:/university/summer 26/Data Mining/research project/archive\train\Benign\1976.jpg,Benign,0
D:/university/summer 26/Data Mining/research project/archive\train\Benign\1576.jpg,Benign,0
D:/university/summer 26/Data Mining/research project/archive\train\Malignant\1088.jpg,Malignant,1
D:/university/summer 26/Data Mining/research project/archive\train\Malignant\3522.jpg,Malignant,1
D:/university/summer 26/Data Mining/research project/archive\train\Malignant\173.jpg,Malignant,1
D:/university/summer 26/Data Mining/research project/archive\train\Benign\1090.jpg,Benign,0
D:/university/summer 26/Data Mining/research project/archive\train\Benign\416.jpg,Benign,0
D:/university/summer 26/Data Mining/research project/archive\train\Benign\365.jpg,Benign,0
D:/university/summer 26/Data Mining/research project/archive\train\Benign\2552.jpg,Benign,0
D:/university/summer 26/Data Mining/research project/archive\train\Benign\5032.jpg,Benign,0
D:/university/summer 26/Data Mining/research project/archive\train\Benign\4563.jpg,Benign,0
D:/university/summer 26/Data Mining/research project/archive\train\Malignant\2433.jpg,Malignant,1
D:/university/summer 26/Data Mining/research project/archive\train\Benign\1910.jpg,Benign,0
D:/university/summer 26/Data Mining/research project/archive\train\Malignant\1242.jpg,Malignant,1
D:/university/summer 26/Data Mining/research project/archive\train\Malignant\1133.jpg,Malignant,1
D:/university/summer 26/Data Mining/research project/archive\train\Benign\2356.jpg,Benign,0
D:/university/summer 26/Data Mining/research project/archive\train\Malignant\4165.jpg,Malignant,1
D:/university/summer 26/Data Mining/research project/archive\train\Malignant\3268.jpg,Malignant,1
D:/university/summer 26/Data Mining/research project/archive\train\Benign\4249.jpg,Benign,0
D:/university/summer 26/Data Mining/research project/archive\train\Malignant\1037.jpg,Malignant,1
D:/university/summer 26/Data Mining/research project/archive\train\Malignant\2070.jpg,Malignant,1
D:/university/summer 26/Data Mining/research project/archive\train\Benign\5344.jpg,Benign,0
D:/university/summer 26/Data Mining/research project/archive\train\Malignant\3247.jpg,Malignant,1
D:/university/summer 26/Data Mining/research project/archive\train\Benign\3137.jpg,Benign,0
D:/university/summer 26/Data Mining/research project/archive\train\Malignant\3066.jpg,Malignant,1
D:/university/summer 26/Data Mining/research project/archive\train\Benign\3011.jpg,Benign,0
D:/university/summer 26/Data Mining/research project/archive\train\Benign\4251.jpg,Benign,0
D:/university/summer 26/Data Mining/research project/archive\train\Benign\278.jpg,Benign,0
D:/university/summer 26/Data Mining/research project/archive\train\Benign\1148.jpg,Benign,0
D:/university/summer 26/Data Mining/research project/archive\train\Malignant\3480.jpg,Malignant,1
D:/university/summer 26/Data Mining/research project/archive\train\Malignant\2314.jpg,Malignant,1
D:/university/summer 26/Data Mining/research project/archive\train\Malignant\3944.jpg,Malignant,1
D:/university/summer 26/Data Mining/research project/archive\train\Malignant\4746.jpg,Malignant,1
D:/university/summer 26/Data Mining/research project/archive\train\Malignant\1523.jpg,Malignant,1
D:/university/summer 26/Data Mining/research project/archive\train\Benign\1133.jpg,Benign,0
D:/university/summer 26/Data Mining/research project/archive\train\Benign\374.jpg,Benign,0
D:/university/summer 26/Data Mining/research project/archive\train\Malignant\3286.jpg,Malignant,1
D:/university/summer 26/Data Mining/research project/archive\train\Benign\4697.jpg,Benign,0
D:/university/summer 26/Data Mining/research project/archive\train\Benign\6040.jpg,Benign,0
D:/university/summer 26/Data Mining/research project/archive\train\Malignant\1434.jpg,Malignant,1
D:/university/summer 26/Data Mining/research project/archive\train\Benign\1932.jpg,Benign,0
D:/university/summer 26/Data Mining/research project/archive\train\Benign\3189.jpg,Benign,0
D:/university/summer 26/Data Mining/research project/archive\train\Benign\1093.jpg,Benign,0
D:/university/summer 26/Data Mining/research project/archive\train\Benign\3742.jpg,Benign,0
D:/university/summer 26/Data Mining/research project/archive\train\Benign\1315.jpg,Benign,0
D:/university/summer 26/Data Mining/research project/archive\train\Benign\5950.jpg,Benign,0
D:/university/summer 26/Data Mining/research project/archive\train\Malignant\3073.jpg,Malignant,1
D:/university/summer 26/Data Mining/research project/archive\train\Malignant\671.jpg,Malignant,1
D:/university/summer 26/Data Mining/research project/archive\train\Malignant\2413.jpg,Malignant,1
D:/university/summer 26/Data Mining/research project/archive\train\Benign\1233.jpg,Benign,0
D:/university/summer 26/Data Mining/research project/archive\train\Malignant\1481.jpg,Malignant,1
D:/university/summer 26/Data Mining/research project/archive\train\Malignant\693.jpg,Malignant,1
D:/university/summer 26/Data Mining/research project/archive\train\Malignant\4963.jpg,Malignant,1
D:/university/summer 26/Data Mining/research project/archive\train\Malignant\5382.jpg,Malignant,1
D:/university/summer 26/Data Mining/research project/archive\train\Benign\4411.jpg,Benign,0
D:/university/summer 26/Data Mining/research project/archive\train\Malignant\3234.jpg,Malignant,1
D:/university/summer 26/Data Mining/research project/archive\train\Malignant\2653.jpg,Malignant,1
D:/university/summer 26/Data Mining/research project/archive\train\Malignant\4692.jpg,Malignant,1
D:/university/summer 26/Data Mining/research project/archive\train\Benign\4860.jpg,Benign,0
D:/university/summer 26/Data Mining/research project/archive\train\Benign\3372.jpg,Benign,0
D:/university/summer 26/Data Mining/research project/archive\train\Malignant\145.jpg,Malignant,1
D:/university/summer 26/Data Mining/research project/archive\train\Malignant\4806.jpg,Malignant,1
D:/university/summer 26/Data Mining/research project/archive\train\Benign\2697.jpg,Benign,0
D:/university/summer 26/Data Mining/research project/archive\train\Malignant\2714.jpg,Malignant,1
D:/university/summer 26/Data Mining/research project/archive\train\Malignant\3919.jpg,Malignant,1
D:/university/summer 26/Data Mining/research project/archive\train\Benign\1740.jpg,Benign,0
D:/university/summer 26/Data Mining/research project/archive\train\Benign\949.jpg,Benign,0
D:/university/summer 26/Data Mining/research project/archive\train\Benign\1159.jpg,Benign,0
D:/university/summer 26/Data Mining/research project/archive\train\Benign\962.jpg,Benign,0
D:/university/summer 26/Data Mining/research project/archive\train\Benign\6108.jpg,Benign,0
D:/university/summer 26/Data Mining/research project/archive\train\Benign\4434.jpg,Benign,0
D:/university/summer 26/Data Mining/research project/archive\train\Benign\2722.jpg,Benign,0
D:/university/summer 26/Data Mining/research project/archive\train\Malignant\1764.jpg,Malignant,1
D:/university/summer 26/Data Mining/research project/archive\train\Malignant\2157.jpg,Malignant,1
D:/university/summer 26/Data Mining/research project/archive\train\Malignant\3299.jpg,Malignant,1
D:/university/summer 26/Data Mining/research project/archive\train\Malignant\1213.jpg,Malignant,1
D:/university/summer 26/Data Mining/research project/archive\train\Malignant\2256.jpg,Malignant,1
D:/university/summer 26/Data Mining/research project/archive\train\Benign\3168.jpg,Benign,0
D:/university/summer 26/Data Mining/research project/archive\train\Malignant\4704.jpg,Malignant,1
D:/university/summer 26/Data Mining/research project/archive\train\Benign\1032.jpg,Benign,0
D:/university/summer 26/Data Mining/research project/archive\train\Benign\5146.jpg,Benign,0
D:/university/summer 26/Data Mining/research project/archive\train\Benign\4711.jpg,Benign,0
D:/university/summer 26/Data Mining/research project/archive\train\Benign\382.jpg,Benign,0
D:/university/summer 26/Data Mining/research project/archive\train\Benign\4028.jpg,Benign,0
D:/university/summer 26/Data Mining/research project/archive\train\Benign\854.jpg,Benign,0
D:/university/summer 26/Data Mining/research project/archive\train\Malignant\3961.jpg,Malignant,1
D:/university/summer 26/Data Mining/research project/archive\train\Benign\4485.jpg,Benign,0
D:/university/summer 26/Data Mining/research project/archive\train\Benign\2116.jpg,Benign,0
D:/university/summer 26/Data Mining/research project/archive\train\Malignant\920.jpg,Malignant,1
D:/university/summer 26/Data Mining/research project/archive\train\Malignant\1581.jpg,Malignant,1
D:/university/summer 26/Data Mining/research project/archive\train\Malignant\4587.jpg,Malignant,1
D:/university/summer 26/Data Mining/research project/archive\train\Malignant\3967.jpg,Malignant,1
D:/university/summer 26/Data Mining/research project/archive\train\Benign\380.jpg,Benign,0
D:/university/summer 26/Data Mining/research project/archive\train\Malignant\5491.jpg,Malignant,1
D:/university/summer 26/Data Mining/research project/archive\train\Malignant\4290.jpg,Malignant,1
D:/university/summer 26/Data Mining/research project/archive\train\Benign\5024.jpg,Benign,0
D:/university/summer 26/Data Mining/research project/archive\train\Benign\3617.jpg,Benign,0
D:/university/summer 26/Data Mining/research project/archive\train\Malignant\2974.jpg,Malignant,1
D:/university/summer 26/Data Mining/research project/archive\train\Malignant\1324.jpg,Malignant,1
D:/university/summer 26/Data Mining/research project/archive\train\Malignant\2917.jpg,Malignant,1
D:/university/summer 26/Data Mining/research project/archive\train\Benign\3826.jpg,Benign,0
D:/university/summer 26/Data Mining/research project/archive\train\Malignant\4695.jpg,Malignant,1
D:/university/summer 26/Data Mining/research project/archive\train\Benign\2696.jpg,Benign,0
D:/university/summer 26/Data Mining/research project/archive\train\Benign\4205.jpg,Benign,0
D:/university/summer 26/Data Mining/research project/archive\train\Benign\2554.jpg,Benign,0
D:/university/summer 26/Data Mining/research project/archive\train\Malignant\5163.jpg,Malignant,1
D:/university/summer 26/Data Mining/research project/archive\train\Benign\2067.jpg,Benign,0
D:/university/summer 26/Data Mining/research project/archive\train\Malignant\2346.jpg,Malignant,1
D:/university/summer 26/Data Mining/research project/archive\train\Benign\6028.jpg,Benign,0
D:/university/summer 26/Data Mining/research project/archive\train\Benign\966.jpg,Benign,0
D:/university/summer 26/Data Mining/research project/archive\train\Benign\5085.jpg,Benign,0
D:/university/summer 26/Data Mining/research project/archive\train\Benign\5980.jpg,Benign,0
D:/university/summer 26/Data Mining/research project/archive\train\Malignant\3489.jpg,Malignant,1
D:/university/summer 26/Data Mining/research project/archive\train\Benign\3226.jpg,Benign,0
D:/university/summer 26/Data Mining/research project/archive\train\Malignant\612.jpg,Malignant,1
D:/university/summer 26/Data Mining/research project/archive\train\Malignant\2149.jpg,Malignant,1
D:/university/summer 26/Data Mining/research project/archive\train\Malignant\2660.jpg,Malignant,1
D:/university/summer 26/Data Mining/research project/archive\train\Malignant\4837.jpg,Malignant,1
D:/university/summer 26/Data Mining/research project/archive\train\Benign\1558.jpg,Benign,0
D:/university/summer 26/Data Mining/research project/archive\train\Benign\4761.jpg,Benign,0
D:/university/summer 26/Data Mining/research project/archive\train\Benign\2258.jpg,Benign,0
D:/university/summer 26/Data Mining/research project/archive\train\Benign\3286.jpg,Benign,0
D:/university/summer 26/Data Mining/research project/archive\train\Benign\3314.jpg,Benign,0
D:/university/summer 26/Data Mining/research project/archive\train\Benign\2857.jpg,Benign,0
D:/university/summer 26/Data Mining/research project/archive\train\Benign\1453.jpg,Benign,0
D:/university/summer 26/Data Mining/research project/archive\train\Benign\3786.jpg,Benign,0
D:/university/summer 26/Data Mining/research project/archive\train\Malignant\1985.jpg,Malignant,1
D:/university/summer 26/Data Mining/research project/archive\train\Benign\875.jpg,Benign,0
D:/university/summer 26/Data Mining/research project/archive\train\Malignant\5574.jpg,Malignant,1
D:/university/summer 26/Data Mining/research project/archive\train\Benign\4318.jpg,Benign,0
D:/university/summer 26/Data Mining/research project/archive\train\Benign\8.jpg,Benign,0
D:/university/summer 26/Data Mining/research project/archive\train\Benign\1978.jpg,Benign,0
D:/university/summer 26/Data Mining/research project/archive\train\Benign\537.jpg,Benign,0
D:/university/summer 26/Data Mining/research project/archive\train\Malignant\3266.jpg,Malignant,1
D:/university/summer 26/Data Mining/research project/archive\train\Benign\5994.jpg,Benign,0
D:/university/summer 26/Data Mining/research project/archive\train\Malignant\303.jpg,Malignant,1
D:/university/summer 26/Data Mining/research project/archive\train\Malignant\2549.jpg,Malignant,1
D:/university/summer 26/Data Mining/research project/archive\train\Benign\3724.jpg,Benign,0
D:/university/summer 26/Data Mining/research project/archive\train\Benign\4004.jpg,Benign,0
D:/university/summer 26/Data Mining/research project/archive\train\Malignant\888.jpg,Malignant,1
D:/university/summer 26/Data Mining/research project/archive\train\Malignant\4693.jpg,Malignant,1
D:/university/summer 26/Data Mining/research project/archive\train\Benign\3344.jpg,Benign,0
D:/university/summer 26/Data Mining/research project/archive\train\Benign\5472.jpg,Benign,0
D:/university/summer 26/Data Mining/research project/archive\train\Benign\6159.jpg,Benign,0
D:/university/summer 26/Data Mining/research project/archive\train\Benign\2742.jpg,Benign,0
D:/university/summer 26/Data Mining/research project/archive\train\Malignant\1455.jpg,Malignant,1
D:/university/summer 26/Data Mining/research project/archive\train\Malignant\2180.jpg,Malignant,1
D:/university/summer 26/Data Mining/research project/archive\train\Malignant\1785.jpg,Malignant,1
D:/university/summer 26/Data Mining/research project/archive\train\Benign\1894.jpg,Benign,0
D:/university/summer 26/Data Mining/research project/archive\train\Benign\5704.jpg,Benign,0
D:/university/summer 26/Data Mining/research project/archive\train\Malignant\320.jpg,Malignant,1
D:/university/summer 26/Data Mining/research project/archive\train\Benign\2597.jpg,Benign,0
D:/university/summer 26/Data Mining/research project/archive\train\Benign\3650.jpg,Benign,0
D:/university/summer 26/Data Mining/research project/archive\train\Benign\6266.jpg,Benign,0
D:/university/summer 26/Data Mining/research project/archive\train\Malignant\1248.jpg,Malignant,1
D:/university/summer 26/Data Mining/research project/archive\train\Benign\1994.jpg,Benign,0
D:/university/summer 26/Data Mining/research project/archive\train\Malignant\791.jpg,Malignant,1
D:/university/summer 26/Data Mining/research project/archive\train\Malignant\1283.jpg,Malignant,1
D:/university/summer 26/Data Mining/research project/archive\train\Malignant\3973.jpg,Malignant,1
D:/university/summer 26/Data Mining/research project/archive\train\Malignant\5392.jpg,Malignant,1
D:/university/summer 26/Data Mining/research project/archive\train\Benign\4670.jpg,Benign,0
D:/university/summer 26/Data Mining/research project/archive\train\Benign\2730.jpg,Benign,0
D:/university/summer 26/Data Mining/research project/archive\train\Malignant\3398.jpg,Malignant,1
D:/university/summer 26/Data Mining/research project/archive\train\Malignant\3682.jpg,Malignant,1
D:/university/summer 26/Data Mining/research project/archive\train\Malignant\1625.jpg,Malignant,1
D:/university/summer 26/Data Mining/research project/archive\train\Benign\4508.jpg,Benign,0
D:/university/summer 26/Data Mining/research project/archive\train\Malignant\3252.jpg,Malignant,1
D:/university/summer 26/Data Mining/research project/archive\train\Malignant\2570.jpg,Malignant,1
D:/university/summer 26/Data Mining/research project/archive\train\Benign\700.jpg,Benign,0
D:/university/summer 26/Data Mining/research project/archive\train\Malignant\447.jpg,Malignant,1
D:/university/summer 26/Data Mining/research project/archive\train\Benign\2060.jpg,Benign,0
D:/university/summer 26/Data Mining/research project/archive\train\Malignant\1166.jpg,Malignant,1
D:/university/summer 26/Data Mining/research project/archive\train\Benign\211.jpg,Benign,0
D:/university/summer 26/Data Mining/research project/archive\train\Malignant\1508.jpg,Malignant,1
D:/university/summer 26/Data Mining/research project/archive\train\Malignant\4868.jpg,Malignant,1
D:/university/summer 26/Data Mining/research project/archive\train\Benign\2526.jpg,Benign,0
D:/university/summer 26/Data Mining/research project/archive\train\Benign\1264.jpg,Benign,0
D:/university/summer 26/Data Mining/research project/archive\train\Malignant\358.jpg,Malignant,1
D:/university/summer 26/Data Mining/research project/archive\train\Malignant\1808.jpg,Malignant,1
D:/university/summer 26/Data Mining/research project/archive\train\Benign\5113.jpg,Benign,0
D:/university/summer 26/Data Mining/research project/archive\train\Benign\3954.jpg,Benign,0
D:/university/summer 26/Data Mining/research project/archive\train\Benign\286.jpg,Benign,0
D:/university/summer 26/Data Mining/research project/archive\train\Benign\5001.jpg,Benign,0
D:/university/summer 26/Data Mining/research project/archive\train\Malignant\692.jpg,Malignant,1
D:/university/summer 26/Data Mining/research project/archive\train\Benign\5302.jpg,Benign,0
D:/university/summer 26/Data Mining/research project/archive\train\Benign\3269.jpg,Benign,0
D:/university/summer 26/Data Mining/research project/archive\train\Malignant\3520.jpg,Malignant,1
D:/university/summer 26/Data Mining/research project/archive\train\Benign\3603.jpg,Benign,0
D:/university/summer 26/Data Mining/research project/archive\train\Malignant\4244.jpg,Malignant,1
D:/university/summer 26/Data Mining/research project/archive\train\Malignant\534.jpg,Malignant,1
D:/university/summer 26/Data Mining/research project/archive\train\Benign\3145.jpg,Benign,0
D:/university/summer 26/Data Mining/research project/archive\train\Benign\5368.jpg,Benign,0
D:/university/summer 26/Data Mining/research project/archive\train\Benign\4523.jpg,Benign,0
D:/university/summer 26/Data Mining/research project/archive\train\Benign\2491.jpg,Benign,0
D:/university/summer 26/Data Mining/research project/archive\train\Benign\309.jpg,Benign,0
D:/university/summer 26/Data Mining/research project/archive\train\Benign\3830.jpg,Benign,0
D:/university/summer 26/Data Mining/research project/archive\train\Benign\4391.jpg,Benign,0
D:/university/summer 26/Data Mining/research project/archive\train\Malignant\2825.jpg,Malignant,1
D:/university/summer 26/Data Mining/research project/archive\train\Malignant\312.jpg,Malignant,1
D:/university/summer 26/Data Mining/research project/archive\train\Malignant\2005.jpg,Malignant,1
D:/university/summer 26/Data Mining/research project/archive\train\Benign\3077.jpg,Benign,0
D:/university/summer 26/Data Mining/research project/archive\train\Benign\3343.jpg,Benign,0
D:/university/summer 26/Data Mining/research project/archive\train\Malignant\3710.jpg,Malignant,1
D:/university/summer 26/Data Mining/research project/archive\train\Benign\3594.jpg,Benign,0
D:/university/summer 26/Data Mining/research project/archive\train\Malignant\889.jpg,Malignant,1
D:/university/summer 26/Data Mining/research project/archive\train\Benign\2489.jpg,Benign,0
D:/university/summer 26/Data Mining/research project/archive\train\Malignant\411.jpg,Malignant,1
D:/university/summer 26/Data Mining/research project/archive\train\Benign\1171.jpg,Benign,0
D:/university/summer 26/Data Mining/research project/archive\train\Benign\5761.jpg,Benign,0
D:/university/summer 26/Data Mining/research project/archive\train\Benign\1467.jpg,Benign,0
D:/university/summer 26/Data Mining/research project/archive\train\Benign\3116.jpg,Benign,0
D:/university/summer 26/Data Mining/research project/archive\train\Benign\4198.jpg,Benign,0
D:/university/summer 26/Data Mining/research project/archive\train\Malignant\2105.jpg,Malignant,1
D:/university/summer 26/Data Mining/research project/archive\train\Benign\2273.jpg,Benign,0
D:/university/summer 26/Data Mining/research project/archive\train\Benign\2281.jpg,Benign,0
D:/university/summer 26/Data Mining/research project/archive\train\Benign\2043.jpg,Benign,0
D:/university/summer 26/Data Mining/research project/archive\train\Malignant\11.jpg,Malignant,1
D:/university/summer 26/Data Mining/research project/archive\train\Malignant\1364.jpg,Malignant,1
D:/university/summer 26/Data Mining/research project/archive\train\Benign\1635.jpg,Benign,0
D:/university/summer 26/Data Mining/research project/archive\train\Malignant\4376.jpg,Malignant,1
D:/university/summer 26/Data Mining/research project/archive\train\Benign\1983.jpg,Benign,0
D:/university/summer 26/Data Mining/research project/archive\train\Benign\3149.jpg,Benign,0
D:/university/summer 26/Data Mining/research project/archive\train\Benign\3946.jpg,Benign,0
D:/university/summer 26/Data Mining/research project/archive\train\Malignant\2848.jpg,Malignant,1
D:/university/summer 26/Data Mining/research project/archive\train\Malignant\3005.jpg,Malignant,1
D:/university/summer 26/Data Mining/research project/archive\train\Malignant\56.jpg,Malignant,1
D:/university/summer 26/Data Mining/research project/archive\train\Benign\5096.jpg,Benign,0
D:/university/summer 26/Data Mining/research project/archive\train\Benign\3538.jpg,Benign,0
D:/university/summer 26/Data Mining/research project/archive\train\Malignant\1294.jpg,Malignant,1
D:/university/summer 26/Data Mining/research project/archive\train\Malignant\567.jpg,Malignant,1
D:/university/summer 26/Data Mining/research project/archive\train\Benign\4489.jpg,Benign,0
D:/university/summer 26/Data Mining/research project/archive\train\Benign\1753.jpg,Benign,0
D:/university/summer 26/Data Mining/research project/archive\train\Benign\1590.jpg,Benign,0
D:/university/summer 26/Data Mining/research project/archive\train\Benign\2767.jpg,Benign,0
D:/university/summer 26/Data Mining/research project/archive\train\Benign\3795.jpg,Benign,0
D:/university/summer 26/Data Mining/research project/archive\train\Benign\5519.jpg,Benign,0
D:/university/summer 26/Data Mining/research project/archive\train\Malignant\528.jpg,Malignant,1
D:/university/summer 26/Data Mining/research project/archive\train\Benign\437.jpg,Benign,0
D:/university/summer 26/Data Mining/research project/archive\train\Benign\5439.jpg,Benign,0
D:/university/summer 26/Data Mining/research project/archive\train\Benign\6088.jpg,Benign,0
D:/university/summer 26/Data Mining/research project/archive\train\Benign\5563.jpg,Benign,0
D:/university/summer 26/Data Mining/research project/archive\train\Malignant\1863.jpg,Malignant,1
D:/university/summer 26/Data Mining/research project/archive\train\Benign\2108.jpg,Benign,0
D:/university/summer 26/Data Mining/research project/archive\train\Benign\3466.jpg,Benign,0
D:/university/summer 26/Data Mining/research project/archive\train\Benign\2605.jpg,Benign,0
D:/university/summer 26/Data Mining/research project/archive\train\Malignant\5516.jpg,Malignant,1
D:/university/summer 26/Data Mining/research project/archive\train\Malignant\2361.jpg,Malignant,1
D:/university/summer 26/Data Mining/research project/archive\train\Benign\4089.jpg,Benign,0
D:/university/summer 26/Data Mining/research project/archive\train\Benign\6086.jpg,Benign,0
D:/university/summer 26/Data Mining/research project/archive\train\Benign\2795.jpg,Benign,0
D:/university/summer 26/Data Mining/research project/archive\train\Benign\5907.jpg,Benign,0
D:/university/summer 26/Data Mining/research project/archive\train\Malignant\1708.jpg,Malignant,1
D:/university/summer 26/Data Mining/research project/archive\train\Benign\2821.jpg,Benign,0
D:/university/summer 26/Data Mining/research project/archive\train\Benign\4603.jpg,Benign,0
D:/university/summer 26/Data Mining/research project/archive\train\Benign\4548.jpg,Benign,0
D:/university/summer 26/Data Mining/research project/archive\train\Benign\1579.jpg,Benign,0
D:/university/summer 26/Data Mining/research project/archive\train\Benign\2203.jpg,Benign,0
D:/university/summer 26/Data Mining/research project/archive\train\Malignant\2172.jpg,Malignant,1
D:/university/summer 26/Data Mining/research project/archive\train\Benign\1681.jpg,Benign,0
D:/university/summer 26/Data Mining/research project/archive\train\Malignant\2339.jpg,Malignant,1
D:/university/summer 26/Data Mining/research project/archive\train\Malignant\1766.jpg,Malignant,1
D:/university/summer 26/Data Mining/research project/archive\train\Benign\5069.jpg,Benign,0
D:/university/summer 26/Data Mining/research project/archive\train\Malignant\2287.jpg,Malignant,1
D:/university/summer 26/Data Mining/research project/archive\train\Malignant\4684.jpg,Malignant,1
D:/university/summer 26/Data Mining/research project/archive\train\Benign\1454.jpg,Benign,0
D:/university/summer 26/Data Mining/research project/archive\train\Benign\5558.jpg,Benign,0
D:/university/summer 26/Data Mining/research project/archive\train\Benign\2502.jpg,Benign,0
D:/university/summer 26/Data Mining/research project/archive\train\Malignant\3842.jpg,Malignant,1
D:/university/summer 26/Data Mining/research project/archive\train\Benign\3007.jpg,Benign,0
D:/university/summer 26/Data Mining/research project/archive\train\Benign\3965.jpg,Benign,0
D:/university/summer 26/Data Mining/research project/archive\train\Malignant\3353.jpg,Malignant,1
D:/university/summer 26/Data Mining/research project/archive\train\Malignant\4957.jpg,Malignant,1
D:/university/summer 26/Data Mining/research project/archive\train\Benign\3334.jpg,Benign,0
D:/university/summer 26/Data Mining/research project/archive\train\Benign\3110.jpg,Benign,0
D:/university/summer 26/Data Mining/research project/archive\train\Benign\3112.jpg,Benign,0
D:/university/summer 26/Data Mining/research project/archive\train\Benign\1698.jpg,Benign,0
D:/university/summer 26/Data Mining/research project/archive\train\Benign\4583.jpg,Benign,0
D:/university/summer 26/Data Mining/research project/archive\train\Benign\1728.jpg,Benign,0
D:/university/summer 26/Data Mining/research project/archive\train\Malignant\1743.jpg,Malignant,1
D:/university/summer 26/Data Mining/research project/archive\train\Malignant\2930.jpg,Malignant,1
D:/university/summer 26/Data Mining/research project/archive\train\Malignant\2693.jpg,Malignant,1
D:/university/summer 26/Data Mining/research project/archive\train\Malignant\2702.jpg,Malignant,1
D:/university/summer 26/Data Mining/research project/archive\train\Benign\2215.jpg,Benign,0
D:/university/summer 26/Data Mining/research project/archive\train\Benign\593.jpg,Benign,0
D:/university/summer 26/Data Mining/research project/archive\train\Benign\1237.jpg,Benign,0
D:/university/summer 26/Data Mining/research project/archive\train\Benign\4315.jpg,Benign,0
D:/university/summer 26/Data Mining/research project/archive\train\Malignant\2548.jpg,Malignant,1
D:/university/summer 26/Data Mining/research project/archive\train\Malignant\1584.jpg,Malignant,1
D:/university/summer 26/Data Mining/research project/archive\train\Malignant\948.jpg,Malignant,1
D:/university/summer 26/Data Mining/research project/archive\train\Malignant\61.jpg,Malignant,1
D:/university/summer 26/Data Mining/research project/archive\train\Malignant\389.jpg,Malignant,1
D:/university/summer 26/Data Mining/research project/archive\train\Benign\4338.jpg,Benign,0
D:/university/summer 26/Data Mining/research project/archive\train\Benign\2163.jpg,Benign,0
D:/university/summer 26/Data Mining/research project/archive\train\Malignant\4670.jpg,Malignant,1
D:/university/summer 26/Data Mining/research project/archive\train\Malignant\4125.jpg,Malignant,1
D:/university/summer 26/Data Mining/research project/archive\train\Malignant\431.jpg,Malignant,1
D:/university/summer 26/Data Mining/research project/archive\train\Benign\6184.jpg,Benign,0
D:/university/summer 26/Data Mining/research project/archive\train\Malignant\2447.jpg,Malignant,1
D:/university/summer 26/Data Mining/research project/archive\train\Benign\5680.jpg,Benign,0
D:/university/summer 26/Data Mining/research project/archive\train\Benign\1642.jpg,Benign,0
D:/university/summer 26/Data Mining/research project/archive\train\Malignant\1956.jpg,Malignant,1
D:/university/summer 26/Data Mining/research project/archive\train\Malignant\2108.jpg,Malignant,1
D:/university/summer 26/Data Mining/research project/archive\train\Malignant\5401.jpg,Malignant,1
D:/university/summer 26/Data Mining/research project/archive\train\Benign\270.jpg,Benign,0
D:/university/summer 26/Data Mining/research project/archive\train\Malignant\1121.jpg,Malignant,1
D:/university/summer 26/Data Mining/research project/archive\train\Benign\4212.jpg,Benign,0
D:/university/summer 26/Data Mining/research project/archive\train\Malignant\2015.jpg,Malignant,1
D:/university/summer 26/Data Mining/research project/archive\train\Benign\5732.jpg,Benign,0
D:/university/summer 26/Data Mining/research project/archive\train\Benign\2444.jpg,Benign,0
D:/university/summer 26/Data Mining/research project/archive\train\Malignant\2437.jpg,Malignant,1
D:/university/summer 26/Data Mining/research project/archive\train\Benign\4162.jpg,Benign,0
D:/university/summer 26/Data Mining/research project/archive\train\Malignant\5008.jpg,Malignant,1
D:/university/summer 26/Data Mining/research project/archive\train\Malignant\3148.jpg,Malignant,1
D:/university/summer 26/Data Mining/research project/archive\train\Malignant\4893.jpg,Malignant,1
D:/university/summer 26/Data Mining/research project/archive\train\Malignant\2806.jpg,Malignant,1
D:/university/summer 26/Data Mining/research project/archive\train\Benign\6137.jpg,Benign,0
D:/university/summer 26/Data Mining/research project/archive\train\Malignant\668.jpg,Malignant,1
D:/university/summer 26/Data Mining/research project/archive\train\Malignant\4810.jpg,Malignant,1
D:/university/summer 26/Data Mining/research project/archive\train\Benign\161.jpg,Benign,0
D:/university/summer 26/Data Mining/research project/archive\train\Malignant\3767.jpg,Malignant,1
D:/university/summer 26/Data Mining/research project/archive\train\Benign\3276.jpg,Benign,0
D:/university/summer 26/Data Mining/research project/archive\train\Malignant\1075.jpg,Malignant,1
D:/university/summer 26/Data Mining/research project/archive\train\Benign\5082.jpg,Benign,0
D:/university/summer 26/Data Mining/research project/archive\train\Malignant\2052.jpg,Malignant,1
D:/university/summer 26/Data Mining/research project/archive\train\Benign\1406.jpg,Benign,0
D:/university/summer 26/Data Mining/research project/archive\train\Malignant\3752.jpg,Malignant,1
D:/university/summer 26/Data Mining/research project/archive\train\Benign\335.jpg,Benign,0
D:/university/summer 26/Data Mining/research project/archive\train\Benign\1082.jpg,Benign,0
D:/university/summer 26/Data Mining/research project/archive\train\Benign\3090.jpg,Benign,0
D:/university/summer 26/Data Mining/research project/archive\train\Malignant\176.jpg,Malignant,1
D:/university/summer 26/Data Mining/research project/archive\train\Malignant\1862.jpg,Malignant,1
D:/university/summer 26/Data Mining/research project/archive\train\Benign\2950.jpg,Benign,0
D:/university/summer 26/Data Mining/research project/archive\train\Benign\6142.jpg,Benign,0
D:/university/summer 26/Data Mining/research project/archive\train\Malignant\955.jpg,Malignant,1
D:/university/summer 26/Data Mining/research project/archive\train\Malignant\867.jpg,Malignant,1
D:/university/summer 26/Data Mining/research project/archive\train\Benign\2551.jpg,Benign,0
D:/university/summer 26/Data Mining/research project/archive\train\Benign\2528.jpg,Benign,0
D:/university/summer 26/Data Mining/research project/archive\train\Benign\3759.jpg,Benign,0
D:/university/summer 26/Data Mining/research project/archive\train\Benign\5557.jpg,Benign,0
D:/university/summer 26/Data Mining/research project/archive\train\Malignant\5326.jpg,Malignant,1
D:/university/summer 26/Data Mining/research project/archive\train\Benign\5269.jpg,Benign,0
D:/university/summer 26/Data Mining/research project/archive\train\Malignant\3502.jpg,Malignant,1
D:/university/summer 26/Data Mining/research project/archive\train\Malignant\4211.jpg,Malignant,1
D:/university/summer 26/Data Mining/research project/archive\train\Benign\1442.jpg,Benign,0
D:/university/summer 26/Data Mining/research project/archive\train\Malignant\4272.jpg,Malignant,1
D:/university/summer 26/Data Mining/research project/archive\train\Malignant\4778.jpg,Malignant,1
D:/university/summer 26/Data Mining/research project/archive\train\Benign\5803.jpg,Benign,0
D:/university/summer 26/Data Mining/research project/archive\train\Benign\879.jpg,Benign,0
D:/university/summer 26/Data Mining/research project/archive\train\Benign\3498.jpg,Benign,0
D:/university/summer 26/Data Mining/research project/archive\train\Benign\1742.jpg,Benign,0
D:/university/summer 26/Data Mining/research project/archive\train\Benign\4363.jpg,Benign,0
D:/university/summer 26/Data Mining/research project/archive\train\Malignant\2679.jpg,Malignant,1
D:/university/summer 26/Data Mining/research project/archive\train\Malignant\2827.jpg,Malignant,1
D:/university/summer 26/Data Mining/research project/archive\train\Malignant\2272.jpg,Malignant,1
D:/university/summer 26/Data Mining/research project/archive\train\Malignant\4120.jpg,Malignant,1
D:/university/summer 26/Data Mining/research project/archive\train\Benign\5915.jpg,Benign,0
D:/university/summer 26/Data Mining/research project/archive\train\Malignant\653.jpg,Malignant,1
D:/university/summer 26/Data Mining/research project/archive\train\Benign\2303.jpg,Benign,0
D:/university/summer 26/Data Mining/research project/archive\train\Malignant\5177.jpg,Malignant,1
D:/university/summer 26/Data Mining/research project/archive\train\Benign\2473.jpg,Benign,0
D:/university/summer 26/Data Mining/research project/archive\train\Malignant\2048.jpg,Malignant,1
D:/university/summer 26/Data Mining/research project/archive\train\Benign\904.jpg,Benign,0
D:/university/summer 26/Data Mining/research project/archive\train\Malignant\2403.jpg,Malignant,1
D:/university/summer 26/Data Mining/research project/archive\train\Malignant\2080.jpg,Malignant,1
D:/university/summer 26/Data Mining/research project/archive\train\Malignant\1298.jpg,Malignant,1
D:/university/summer 26/Data Mining/research project/archive\train\Malignant\5366.jpg,Malignant,1
D:/university/summer 26/Data Mining/research project/archive\train\Benign\3358.jpg,Benign,0
D:/university/summer 26/Data Mining/research project/archive\train\Malignant\3077.jpg,Malignant,1
D:/university/summer 26/Data Mining/research project/archive\train\Benign\1397.jpg,Benign,0
D:/university/summer 26/Data Mining/research project/archive\train\Malignant\5344.jpg,Malignant,1
D:/university/summer 26/Data Mining/research project/archive\train\Benign\5172.jpg,Benign,0
D:/university/summer 26/Data Mining/research project/archive\train\Benign\946.jpg,Benign,0
D:/university/summer 26/Data Mining/research project/archive\train\Malignant\3075.jpg,Malignant,1
D:/university/summer 26/Data Mining/research project/archive\train\Benign\5530.jpg,Benign,0
D:/university/summer 26/Data Mining/research project/archive\train\Malignant\95.jpg,Malignant,1
D:/university/summer 26/Data Mining/research project/archive\train\Malignant\2767.jpg,Malignant,1
D:/university/summer 26/Data Mining/research project/archive\train\Benign\2028.jpg,Benign,0
D:/university/summer 26/Data Mining/research project/archive\train\Malignant\3387.jpg,Malignant,1
D:/university/summer 26/Data Mining/research project/archive\train\Benign\3506.jpg,Benign,0
D:/university/summer 26/Data Mining/research project/archive\train\Malignant\4254.jpg,Malignant,1
D:/university/summer 26/Data Mining/research project/archive\train\Benign\1598.jpg,Benign,0
D:/university/summer 26/Data Mining/research project/archive\train\Malignant\3408.jpg,Malignant,1
D:/university/summer 26/Data Mining/research project/archive\train\Benign\4246.jpg,Benign,0
D:/university/summer 26/Data Mining/research project/archive\train\Benign\2987.jpg,Benign,0
D:/university/summer 26/Data Mining/research project/archive\train\Malignant\4559.jpg,Malignant,1
D:/university/summer 26/Data Mining/research project/archive\train\Benign\2252.jpg,Benign,0
D:/university/summer 26/Data Mining/research project/archive\train\Benign\2463.jpg,Benign,0
D:/university/summer 26/Data Mining/research project/archive\train\Benign\499.jpg,Benign,0
D:/university/summer 26/Data Mining/research project/archive\train\Malignant\1613.jpg,Malignant,1
D:/university/summer 26/Data Mining/research project/archive\train\Malignant\3936.jpg,Malignant,1
D:/university/summer 26/Data Mining/research project/archive\train\Benign\5052.jpg,Benign,0
D:/university/summer 26/Data Mining/research project/archive\train\Benign\2102.jpg,Benign,0
D:/university/summer 26/Data Mining/research project/archive\train\Benign\112.jpg,Benign,0
D:/university/summer 26/Data Mining/research project/archive\train\Malignant\51.jpg,Malignant,1
D:/university/summer 26/Data Mining/research project/archive\train\Benign\3272.jpg,Benign,0
D:/university/summer 26/Data Mining/research project/archive\train\Benign\1954.jpg,Benign,0
D:/university/summer 26/Data Mining/research project/archive\train\Benign\311.jpg,Benign,0
D:/university/summer 26/Data Mining/research project/archive\train\Malignant\1915.jpg,Malignant,1
D:/university/summer 26/Data Mining/research project/archive\train\Malignant\4807.jpg,Malignant,1
D:/university/summer 26/Data Mining/research project/archive\train\Benign\4424.jpg,Benign,0
D:/university/summer 26/Data Mining/research project/archive\train\Benign\2565.jpg,Benign,0
D:/university/summer 26/Data Mining/research project/archive\train\Benign\4905.jpg,Benign,0
D:/university/summer 26/Data Mining/research project/archive\train\Benign\3052.jpg,Benign,0
D:/university/summer 26/Data Mining/research project/archive\train\Malignant\1646.jpg,Malignant,1
D:/university/summer 26/Data Mining/research project/archive\train\Benign\1040.jpg,Benign,0
D:/university/summer 26/Data Mining/research project/archive\train\Benign\384.jpg,Benign,0
D:/university/summer 26/Data Mining/research project/archive\train\Malignant\4819.jpg,Malignant,1
D:/university/summer 26/Data Mining/research project/archive\train\Benign\2514.jpg,Benign,0
D:/university/summer 26/Data Mining/research project/archive\train\Malignant\5098.jpg,Malignant,1
D:/university/summer 26/Data Mining/research project/archive\train\Malignant\3673.jpg,Malignant,1
D:/university/summer 26/Data Mining/research project/archive\train\Benign\1045.jpg,Benign,0
D:/university/summer 26/Data Mining/research project/archive\train\Benign\487.jpg,Benign,0
D:/university/summer 26/Data Mining/research project/archive\train\Benign\323.jpg,Benign,0
D:/university/summer 26/Data Mining/research project/archive\train\Malignant\4923.jpg,Malignant,1
D:/university/summer 26/Data Mining/research project/archive\train\Benign\5208.jpg,Benign,0
D:/university/summer 26/Data Mining/research project/archive\train\Benign\4869.jpg,Benign,0
D:/university/summer 26/Data Mining/research project/archive\train\Malignant\417.jpg,Malignant,1
D:/university/summer 26/Data Mining/research project/archive\train\Benign\3340.jpg,Benign,0
D:/university/summer 26/Data Mining/research project/archive\train\Malignant\4913.jpg,Malignant,1
D:/university/summer 26/Data Mining/research project/archive\train\Benign\2648.jpg,Benign,0
D:/university/summer 26/Data Mining/research project/archive\train\Malignant\3688.jpg,Malignant,1
D:/university/summer 26/Data Mining/research project/archive\train\Malignant\1563.jpg,Malignant,1
D:/university/summer 26/Data Mining/research project/archive\train\Malignant\491.jpg,Malignant,1
D:/university/summer 26/Data Mining/research project/archive\train\Malignant\3844.jpg,Malignant,1
D:/university/summer 26/Data Mining/research project/archive\train\Malignant\4041.jpg,Malignant,1
D:/university/summer 26/Data Mining/research project/archive\train\Benign\615.jpg,Benign,0
D:/university/summer 26/Data Mining/research project/archive\train\Malignant\3357.jpg,Malignant,1
D:/university/summer 26/Data Mining/research project/archive\train\Benign\528.jpg,Benign,0
D:/university/summer 26/Data Mining/research project/archive\train\Malignant\4501.jpg,Malignant,1
D:/university/summer 26/Data Mining/research project/archive\train\Benign\5391.jpg,Benign,0
D:/university/summer 26/Data Mining/research project/archive\train\Malignant\2276.jpg,Malignant,1
D:/university/summer 26/Data Mining/research project/archive\train\Benign\4035.jpg,Benign,0
D:/university/summer 26/Data Mining/research project/archive\train\Benign\1685.jpg,Benign,0
D:/university/summer 26/Data Mining/research project/archive\train\Benign\5632.jpg,Benign,0
D:/university/summer 26/Data Mining/research project/archive\train\Benign\3477.jpg,Benign,0
D:/university/summer 26/Data Mining/research project/archive\train\Malignant\4848.jpg,Malignant,1
D:/university/summer 26/Data Mining/research project/archive\train\Benign\4336.jpg,Benign,0
D:/university/summer 26/Data Mining/research project/archive\train\Malignant\5394.jpg,Malignant,1
D:/university/summer 26/Data Mining/research project/archive\train\Malignant\5131.jpg,Malignant,1
D:/university/summer 26/Data Mining/research project/archive\train\Benign\4726.jpg,Benign,0
D:/university/summer 26/Data Mining/research project/archive\train\Benign\2827.jpg,Benign,0
D:/university/summer 26/Data Mining/research project/archive\train\Malignant\863.jpg,Malignant,1
D:/university/summer 26/Data Mining/research project/archive\train\Benign\1371.jpg,Benign,0
D:/university/summer 26/Data Mining/research project/archive\train\Benign\2679.jpg,Benign,0
D:/university/summer 26/Data Mining/research project/archive\train\Benign\1055.jpg,Benign,0
D:/university/summer 26/Data Mining/research project/archive\train\Benign\1174.jpg,Benign,0
D:/university/summer 26/Data Mining/research project/archive\train\Benign\2238.jpg,Benign,0
D:/university/summer 26/Data Mining/research project/archive\train\Benign\2673.jpg,Benign,0
D:/university/summer 26/Data Mining/research project/archive\train\Benign\5434.jpg,Benign,0
D:/university/summer 26/Data Mining/research project/archive\train\Benign\2926.jpg,Benign,0
D:/university/summer 26/Data Mining/research project/archive\train\Benign\823.jpg,Benign,0
D:/university/summer 26/Data Mining/research project/archive\train\Malignant\3857.jpg,Malignant,1
D:/university/summer 26/Data Mining/research project/archive\train\Benign\1774.jpg,Benign,0
D:/university/summer 26/Data Mining/research project/archive\train\Benign\2062.jpg,Benign,0
D:/university/summer 26/Data Mining/research project/archive\train\Benign\4737.jpg,Benign,0
D:/university/summer 26/Data Mining/research project/archive\train\Benign\5526.jpg,Benign,0
D:/university/summer 26/Data Mining/research project/archive\train\Malignant\2438.jpg,Malignant,1
D:/university/summer 26/Data Mining/research project/archive\train\Malignant\4551.jpg,Malignant,1
D:/university/summer 26/Data Mining/research project/archive\train\Malignant\5235.jpg,Malignant,1
D:/university/summer 26/Data Mining/research project/archive\train\Malignant\2255.jpg,Malignant,1
D:/university/summer 26/Data Mining/research project/archive\train\Malignant\3168.jpg,Malignant,1
D:/university/summer 26/Data Mining/research project/archive\train\Malignant\3316.jpg,Malignant,1
D:/university/summer 26/Data Mining/research project/archive\train\Benign\5723.jpg,Benign,0
D:/university/summer 26/Data Mining/research project/archive\train\Benign\5319.jpg,Benign,0
D:/university/summer 26/Data Mining/research project/archive\train\Benign\5586.jpg,Benign,0
D:/university/summer 26/Data Mining/research project/archive\train\Benign\2016.jpg,Benign,0
D:/university/summer 26/Data Mining/research project/archive\train\Benign\4648.jpg,Benign,0
D:/university/summer 26/Data Mining/research project/archive\train\Benign\220.jpg,Benign,0
D:/university/summer 26/Data Mining/research project/archive\train\Benign\3667.jpg,Benign,0
D:/university/summer 26/Data Mining/research project/archive\train\Malignant\3253.jpg,Malignant,1
D:/university/summer 26/Data Mining/research project/archive\train\Malignant\3975.jpg,Malignant,1
D:/university/summer 26/Data Mining/research project/archive\train\Benign\1682.jpg,Benign,0
D:/university/summer 26/Data Mining/research project/archive\train\Benign\2022.jpg,Benign,0
D:/university/summer 26/Data Mining/research project/archive\train\Benign\4211.jpg,Benign,0
D:/university/summer 26/Data Mining/research project/archive\train\Malignant\3872.jpg,Malignant,1
D:/university/summer 26/Data Mining/research project/archive\train\Malignant\3309.jpg,Malignant,1
D:/university/summer 26/Data Mining/research project/archive\train\Malignant\4002.jpg,Malignant,1
D:/university/summer 26/Data Mining/research project/archive\train\Benign\1995.jpg,Benign,0
D:/university/summer 26/Data Mining/research project/archive\train\Malignant\973.jpg,Malignant,1
D:/university/summer 26/Data Mining/research project/archive\train\Benign\1086.jpg,Benign,0
D:/university/summer 26/Data Mining/research project/archive\train\Benign\5848.jpg,Benign,0
D:/university/summer 26/Data Mining/research project/archive\train\Benign\4530.jpg,Benign,0
D:/university/summer 26/Data Mining/research project/archive\train\Malignant\4595.jpg,Malignant,1
D:/university/summer 26/Data Mining/research project/archive\train\Malignant\3348.jpg,Malignant,1
D:/university/summer 26/Data Mining/research project/archive\train\Malignant\4065.jpg,Malignant,1
D:/university/summer 26/Data Mining/research project/archive\train\Malignant\4898.jpg,Malignant,1
D:/university/summer 26/Data Mining/research project/archive\train\Benign\2852.jpg,Benign,0
D:/university/summer 26/Data Mining/research project/archive\train\Malignant\3213.jpg,Malignant,1
D:/university/summer 26/Data Mining/research project/archive\train\Benign\5566.jpg,Benign,0
D:/university/summer 26/Data Mining/research project/archive\train\Benign\4635.jpg,Benign,0
D:/university/summer 26/Data Mining/research project/archive\train\Malignant\508.jpg,Malignant,1
D:/university/summer 26/Data Mining/research project/archive\train\Benign\2707.jpg,Benign,0
D:/university/summer 26/Data Mining/research project/archive\train\Benign\1134.jpg,Benign,0
D:/university/summer 26/Data Mining/research project/archive\train\Malignant\1788.jpg,Malignant,1
D:/university/summer 26/Data Mining/research project/archive\train\Malignant\5160.jpg,Malignant,1
D:/university/summer 26/Data Mining/research project/archive\train\Malignant\1284.jpg,Malignant,1
D:/university/summer 26/Data Mining/research project/archive\train\Malignant\225.jpg,Malignant,1
D:/university/summer 26/Data Mining/research project/archive\train\Malignant\758.jpg,Malignant,1
D:/university/summer 26/Data Mining/research project/archive\train\Benign\1844.jpg,Benign,0
D:/university/summer 26/Data Mining/research project/archive\train\Benign\4918.jpg,Benign,0
D:/university/summer 26/Data Mining/research project/archive\train\Benign\5697.jpg,Benign,0
D:/university/summer 26/Data Mining/research project/archive\train\Malignant\1463.jpg,Malignant,1
D:/university/summer 26/Data Mining/research project/archive\train\Benign\897.jpg,Benign,0
D:/university/summer 26/Data Mining/research project/archive\train\Malignant\142.jpg,Malignant,1
D:/university/summer 26/Data Mining/research project/archive\train\Benign\1786.jpg,Benign,0
D:/university/summer 26/Data Mining/research project/archive\train\Benign\1096.jpg,Benign,0
D:/university/summer 26/Data Mining/research project/archive\train\Malignant\1853.jpg,Malignant,1
D:/university/summer 26/Data Mining/research project/archive\train\Benign\3600.jpg,Benign,0
D:/university/summer 26/Data Mining/research project/archive\train\Benign\5168.jpg,Benign,0
D:/university/summer 26/Data Mining/research project/archive\train\Malignant\986.jpg,Malignant,1
D:/university/summer 26/Data Mining/research project/archive\train\Benign\2566.jpg,Benign,0
D:/university/summer 26/Data Mining/research project/archive\train\Benign\6254.jpg,Benign,0
D:/university/summer 26/Data Mining/research project/archive\train\Malignant\1592.jpg,Malignant,1
D:/university/summer 26/Data Mining/research project/archive\train\Malignant\5571.jpg,Malignant,1
D:/university/summer 26/Data Mining/research project/archive\train\Malignant\4950.jpg,Malignant,1
D:/university/summer 26/Data Mining/research project/archive\train\Benign\5752.jpg,Benign,0
D:/university/summer 26/Data Mining/research project/archive\train\Malignant\4759.jpg,Malignant,1
D:/university/summer 26/Data Mining/research project/archive\train\Benign\958.jpg,Benign,0
D:/university/summer 26/Data Mining/research project/archive\train\Malignant\4675.jpg,Malignant,1
D:/university/summer 26/Data Mining/research project/archive\train\Benign\4709.jpg,Benign,0
D:/university/summer 26/Data Mining/research project/archive\train\Malignant\4173.jpg,Malignant,1
D:/university/summer 26/Data Mining/research project/archive\train\Benign\3745.jpg,Benign,0
D:/university/summer 26/Data Mining/research project/archive\train\Benign\4941.jpg,Benign,0
D:/university/summer 26/Data Mining/research project/archive\train\Benign\2829.jpg,Benign,0
D:/university/summer 26/Data Mining/research project/archive\train\Malignant\2350.jpg,Malignant,1
D:/university/summer 26/Data Mining/research project/archive\train\Malignant\4110.jpg,Malignant,1
D:/university/summer 26/Data Mining/research project/archive\train\Benign\6001.jpg,Benign,0
D:/university/summer 26/Data Mining/research project/archive\train\Malignant\2880.jpg,Malignant,1
D:/university/summer 26/Data Mining/research project/archive\train\Benign\650.jpg,Benign,0
D:/university/summer 26/Data Mining/research project/archive\train\Malignant\4465.jpg,Malignant,1
D:/university/summer 26/Data Mining/research project/archive\train\Malignant\1011.jpg,Malignant,1
D:/university/summer 26/Data Mining/research project/archive\train\Malignant\182.jpg,Malignant,1
D:/university/summer 26/Data Mining/research project/archive\train\Malignant\4634.jpg,Malignant,1
D:/university/summer 26/Data Mining/research project/archive\train\Malignant\5386.jpg,Malignant,1
D:/university/summer 26/Data Mining/research project/archive\train\Malignant\108.jpg,Malignant,1
D:/university/summer 26/Data Mining/research project/archive\train\Benign\763.jpg,Benign,0
D:/university/summer 26/Data Mining/research project/archive\train\Malignant\4482.jpg,Malignant,1
D:/university/summer 26/Data Mining/research project/archive\train\Malignant\3314.jpg,Malignant,1
D:/university/summer 26/Data Mining/research project/archive\train\Malignant\5287.jpg,Malignant,1
D:/university/summer 26/Data Mining/research project/archive\train\Benign\5606.jpg,Benign,0
D:/university/summer 26/Data Mining/research project/archive\train\Malignant\3.jpg,Malignant,1
D:/university/summer 26/Data Mining/research project/archive\train\Malignant\217.jpg,Malignant,1
D:/university/summer 26/Data Mining/research project/archive\train\Benign\5838.jpg,Benign,0
D:/university/summer 26/Data Mining/research project/archive\train\Benign\432.jpg,Benign,0
D:/university/summer 26/Data Mining/research project/archive\train\Malignant\2769.jpg,Malignant,1
D:/university/summer 26/Data Mining/research project/archive\train\Malignant\772.jpg,Malignant,1
D:/university/summer 26/Data Mining/research project/archive\train\Malignant\2555.jpg,Malignant,1
D:/university/summer 26/Data Mining/research project/archive\train\Benign\4343.jpg,Benign,0
D:/university/summer 26/Data Mining/research project/archive\train\Benign\259.jpg,Benign,0
D:/university/summer 26/Data Mining/research project/archive\train\Malignant\458.jpg,Malignant,1
D:/university/summer 26/Data Mining/research project/archive\train\Benign\2530.jpg,Benign,0
D:/university/summer 26/Data Mining/research project/archive\train\Benign\2128.jpg,Benign,0
D:/university/summer 26/Data Mining/research project/archive\train\Malignant\4979.jpg,Malignant,1
D:/university/summer 26/Data Mining/research project/archive\train\Benign\5049.jpg,Benign,0
D:/university/summer 26/Data Mining/research project/archive\train\Malignant\4500.jpg,Malignant,1
D:/university/summer 26/Data Mining/research project/archive\train\Malignant\4865.jpg,Malignant,1
D:/university/summer 26/Data Mining/research project/archive\train\Benign\3244.jpg,Benign,0
D:/university/summer 26/Data Mining/research project/archive\train\Malignant\1588.jpg,Malignant,1
D:/university/summer 26/Data Mining/research project/archive\train\Malignant\1691.jpg,Malignant,1
D:/university/summer 26/Data Mining/research project/archive\train\Malignant\1926.jpg,Malignant,1
D:/university/summer 26/Data Mining/research project/archive\train\Benign\3179.jpg,Benign,0
D:/university/summer 26/Data Mining/research project/archive\train\Benign\2209.jpg,Benign,0
D:/university/summer 26/Data Mining/research project/archive\train\Benign\1937.jpg,Benign,0
D:/university/summer 26/Data Mining/research project/archive\train\Benign\3492.jpg,Benign,0
D:/university/summer 26/Data Mining/research project/archive\train\Malignant\2790.jpg,Malignant,1
D:/university/summer 26/Data Mining/research project/archive\train\Malignant\2655.jpg,Malignant,1
D:/university/summer 26/Data Mining/research project/archive\train\Benign\5597.jpg,Benign,0
D:/university/summer 26/Data Mining/research project/archive\train\Malignant\252.jpg,Malignant,1
D:/university/summer 26/Data Mining/research project/archive\train\Benign\1357.jpg,Benign,0
D:/university/summer 26/Data Mining/research project/archive\train\Benign\540.jpg,Benign,0
D:/university/summer 26/Data Mining/research project/archive\train\Benign\341.jpg,Benign,0
D:/university/summer 26/Data Mining/research project/archive\train\Benign\2277.jpg,Benign,0
D:/university/summer 26/Data Mining/research project/archive\train\Benign\5910.jpg,Benign,0
D:/university/summer 26/Data Mining/research project/archive\train\Benign\4017.jpg,Benign,0
D:/university/summer 26/Data Mining/research project/archive\train\Benign\4552.jpg,Benign,0
D:/university/summer 26/Data Mining/research project/archive\train\Benign\5850.jpg,Benign,0
D:/university/summer 26/Data Mining/research project/archive\train\Benign\1827.jpg,Benign,0
D:/university/summer 26/Data Mining/research project/archive\train\Benign\5791.jpg,Benign,0
D:/university/summer 26/Data Mining/research project/archive\train\Benign\1536.jpg,Benign,0
D:/university/summer 26/Data Mining/research project/archive\train\Benign\5554.jpg,Benign,0
D:/university/summer 26/Data Mining/research project/archive\train\Malignant\3058.jpg,Malignant,1
D:/university/summer 26/Data Mining/research project/archive\train\Benign\764.jpg,Benign,0
D:/university/summer 26/Data Mining/research project/archive\train\Benign\393.jpg,Benign,0
D:/university/summer 26/Data Mining/research project/archive\train\Malignant\342.jpg,Malignant,1
D:/university/summer 26/Data Mining/research project/archive\train\Malignant\3826.jpg,Malignant,1
D:/university/summer 26/Data Mining/research project/archive\train\Benign\3808.jpg,Benign,0
D:/university/summer 26/Data Mining/research project/archive\train\Malignant\2132.jpg,Malignant,1
D:/university/summer 26/Data Mining/research project/archive\train\Benign\42.jpg,Benign,0
D:/university/summer 26/Data Mining/research project/archive\train\Malignant\3922.jpg,Malignant,1
D:/university/summer 26/Data Mining/research project/archive\train\Malignant\3810.jpg,Malignant,1
D:/university/summer 26/Data Mining/research project/archive\train\Benign\1463.jpg,Benign,0
D:/university/summer 26/Data Mining/research project/archive\train\Malignant\4277.jpg,Malignant,1
D:/university/summer 26/Data Mining/research project/archive\train\Benign\2569.jpg,Benign,0
D:/university/summer 26/Data Mining/research project/archive\train\Malignant\131.jpg,Malignant,1
D:/university/summer 26/Data Mining/research project/archive\train\Malignant\2547.jpg,Malignant,1
D:/university/summer 26/Data Mining/research project/archive\train\Malignant\1351.jpg,Malignant,1
D:/university/summer 26/Data Mining/research project/archive\train\Malignant\499.jpg,Malignant,1
D:/university/summer 26/Data Mining/research project/archive\train\Malignant\2705.jpg,Malignant,1
D:/university/summer 26/Data Mining/research project/archive\train\Malignant\1892.jpg,Malignant,1
D:/university/summer 26/Data Mining/research project/archive\train\Benign\3270.jpg,Benign,0
D:/university/summer 26/Data Mining/research project/archive\train\Malignant\5600.jpg,Malignant,1
D:/university/summer 26/Data Mining/research project/archive\train\Malignant\3368.jpg,Malignant,1
D:/university/summer 26/Data Mining/research project/archive\train\Benign\3811.jpg,Benign,0
D:/university/summer 26/Data Mining/research project/archive\train\Malignant\981.jpg,Malignant,1
D:/university/summer 26/Data Mining/research project/archive\train\Benign\5651.jpg,Benign,0
D:/university/summer 26/Data Mining/research project/archive\train\Benign\917.jpg,Benign,0
D:/university/summer 26/Data Mining/research project/archive\train\Malignant\1062.jpg,Malignant,1
D:/university/summer 26/Data Mining/research project/archive\train\Benign\5773.jpg,Benign,0
D:/university/summer 26/Data Mining/research project/archive\train\Malignant\1846.jpg,Malignant,1
D:/university/summer 26/Data Mining/research project/archive\train\Benign\2015.jpg,Benign,0
D:/university/summer 26/Data Mining/research project/archive\train\Malignant\233.jpg,Malignant,1
D:/university/summer 26/Data Mining/research project/archive\train\Benign\859.jpg,Benign,0
D:/university/summer 26/Data Mining/research project/archive\train\Benign\72.jpg,Benign,0
D:/university/summer 26/Data Mining/research project/archive\train\Benign\3903.jpg,Benign,0
D:/university/summer 26/Data Mining/research project/archive\train\Malignant\3533.jpg,Malignant,1
D:/university/summer 26/Data Mining/research project/archive\train\Benign\5842.jpg,Benign,0
D:/university/summer 26/Data Mining/research project/archive\train\Malignant\812.jpg,Malignant,1
D:/university/summer 26/Data Mining/research project/archive\train\Malignant\369.jpg,Malignant,1
D:/university/summer 26/Data Mining/research project/archive\train\Benign\2075.jpg,Benign,0
D:/university/summer 26/Data Mining/research project/archive\train\Benign\4964.jpg,Benign,0
D:/university/summer 26/Data Mining/research project/archive\train\Benign\1529.jpg,Benign,0
D:/university/summer 26/Data Mining/research project/archive\train\Benign\4331.jpg,Benign,0
D:/university/summer 26/Data Mining/research project/archive\train\Malignant\3853.jpg,Malignant,1
D:/university/summer 26/Data Mining/research project/archive\train\Malignant\1479.jpg,Malignant,1
D:/university/summer 26/Data Mining/research project/archive\train\Malignant\186.jpg,Malignant,1
D:/university/summer 26/Data Mining/research project/archive\train\Benign\5852.jpg,Benign,0
D:/university/summer 26/Data Mining/research project/archive\train\Malignant\4028.jpg,Malignant,1
D:/university/summer 26/Data Mining/research project/archive\train\Benign\3009.jpg,Benign,0
D:/university/summer 26/Data Mining/research project/archive\train\Malignant\2988.jpg,Malignant,1
D:/university/summer 26/Data Mining/research project/archive\train\Benign\427.jpg,Benign,0
D:/university/summer 26/Data Mining/research project/archive\train\Malignant\3111.jpg,Malignant,1
D:/university/summer 26/Data Mining/research project/archive\train\Malignant\537.jpg,Malignant,1
D:/university/summer 26/Data Mining/research project/archive\train\Malignant\1634.jpg,Malignant,1
D:/university/summer 26/Data Mining/research project/archive\train\Benign\4713.jpg,Benign,0
D:/university/summer 26/Data Mining/research project/archive\train\Malignant\496.jpg,Malignant,1
D:/university/summer 26/Data Mining/research project/archive\train\Malignant\539.jpg,Malignant,1
D:/university/summer 26/Data Mining/research project/archive\train\Malignant\4793.jpg,Malignant,1
D:/university/summer 26/Data Mining/research project/archive\train\Benign\5307.jpg,Benign,0
D:/university/summer 26/Data Mining/research project/archive\train\Malignant\2274.jpg,Malignant,1
D:/university/summer 26/Data Mining/research project/archive\train\Benign\1060.jpg,Benign,0
D:/university/summer 26/Data Mining/research project/archive\train\Benign\5881.jpg,Benign,0
D:/university/summer 26/Data Mining/research project/archive\train\Benign\5548.jpg,Benign,0
D:/university/summer 26/Data Mining/research project/archive\train\Malignant\5101.jpg,Malignant,1
D:/university/summer 26/Data Mining/research project/archive\train\Benign\5518.jpg,Benign,0
D:/university/summer 26/Data Mining/research project/archive\train\Malignant\4486.jpg,Malignant,1
D:/university/summer 26/Data Mining/research project/archive\train\Malignant\571.jpg,Malignant,1
D:/university/summer 26/Data Mining/research project/archive\train\Benign\152.jpg,Benign,0
D:/university/summer 26/Data Mining/research project/archive\train\Malignant\1697.jpg,Malignant,1
D:/university/summer 26/Data Mining/research project/archive\train\Benign\733.jpg,Benign,0
D:/university/summer 26/Data Mining/research project/archive\train\Benign\1593.jpg,Benign,0
D:/university/summer 26/Data Mining/research project/archive\train\Malignant\903.jpg,Malignant,1
D:/university/summer 26/Data Mining/research project/archive\train\Malignant\2812.jpg,Malignant,1
D:/university/summer 26/Data Mining/research project/archive\train\Malignant\3694.jpg,Malignant,1
D:/university/summer 26/Data Mining/research project/archive\train\Benign\920.jpg,Benign,0
D:/university/summer 26/Data Mining/research project/archive\train\Benign\867.jpg,Benign,0
D:/university/summer 26/Data Mining/research project/archive\train\Benign\5246.jpg,Benign,0
D:/university/summer 26/Data Mining/research project/archive\train\Benign\1998.jpg,Benign,0
D:/university/summer 26/Data Mining/research project/archive\train\Benign\5627.jpg,Benign,0
D:/university/summer 26/Data Mining/research project/archive\train\Benign\2581.jpg,Benign,0
D:/university/summer 26/Data Mining/research project/archive\train\Malignant\2495.jpg,Malignant,1
D:/university/summer 26/Data Mining/research project/archive\train\Benign\594.jpg,Benign,0
D:/university/summer 26/Data Mining/research project/archive\train\Malignant\761.jpg,Malignant,1
D:/university/summer 26/Data Mining/research project/archive\train\Malignant\2627.jpg,Malignant,1
D:/university/summer 26/Data Mining/research project/archive\train\Benign\596.jpg,Benign,0
D:/university/summer 26/Data Mining/research project/archive\train\Malignant\1747.jpg,Malignant,1
D:/university/summer 26/Data Mining/research project/archive\train\Benign\2671.jpg,Benign,0
D:/university/summer 26/Data Mining/research project/archive\train\Malignant\2357.jpg,Malignant,1
D:/university/summer 26/Data Mining/research project/archive\train\Malignant\2309.jpg,Malignant,1
D:/university/summer 26/Data Mining/research project/archive\train\Benign\5892.jpg,Benign,0
D:/university/summer 26/Data Mining/research project/archive\train\Malignant\4661.jpg,Malignant,1
D:/university/summer 26/Data Mining/research project/archive\train\Malignant\2744.jpg,Malignant,1
D:/university/summer 26/Data Mining/research project/archive\train\Malignant\2771.jpg,Malignant,1
D:/university/summer 26/Data Mining/research project/archive\train\Malignant\1232.jpg,Malignant,1
D:/university/summer 26/Data Mining/research project/archive\train\Benign\2088.jpg,Benign,0
D:/university/summer 26/Data Mining/research project/archive\train\Malignant\60.jpg,Malignant,1
D:/university/summer 26/Data Mining/research project/archive\train\Benign\4281.jpg,Benign,0
D:/university/summer 26/Data Mining/research project/archive\train\Malignant\1887.jpg,Malignant,1
D:/university/summer 26/Data Mining/research project/archive\train\Benign\2760.jpg,Benign,0
D:/university/summer 26/Data Mining/research project/archive\train\Benign\1236.jpg,Benign,0
D:/university/summer 26/Data Mining/research project/archive\train\Benign\2151.jpg,Benign,0
D:/university/summer 26/Data Mining/research project/archive\train\Benign\4376.jpg,Benign,0
D:/university/summer 26/Data Mining/research project/archive\train\Benign\3781.jpg,Benign,0
D:/university/summer 26/Data Mining/research project/archive\train\Benign\1197.jpg,Benign,0
D:/university/summer 26/Data Mining/research project/archive\train\Malignant\883.jpg,Malignant,1
D:/university/summer 26/Data Mining/research project/archive\train\Malignant\2868.jpg,Malignant,1
D:/university/summer 26/Data Mining/research project/archive\train\Benign\4534.jpg,Benign,0
D:/university/summer 26/Data Mining/research project/archive\train\Malignant\3760.jpg,Malignant,1
D:/university/summer 26/Data Mining/research project/archive\train\Malignant\5193.jpg,Malignant,1
D:/university/summer 26/Data Mining/research project/archive\train\Benign\5505.jpg,Benign,0
D:/university/summer 26/Data Mining/research project/archive\train\Malignant\909.jpg,Malignant,1
D:/university/summer 26/Data Mining/research project/archive\train\Benign\3589.jpg,Benign,0
D:/university/summer 26/Data Mining/research project/archive\train\Benign\3246.jpg,Benign,0
D:/university/summer 26/Data Mining/research project/archive\train\Benign\3716.jpg,Benign,0
D:/university/summer 26/Data Mining/research project/archive\train\Benign\975.jpg,Benign,0
D:/university/summer 26/Data Mining/research project/archive\train\Benign\4479.jpg,Benign,0
D:/university/summer 26/Data Mining/research project/archive\train\Benign\1136.jpg,Benign,0
D:/university/summer 26/Data Mining/research project/archive\train\Benign\5413.jpg,Benign,0
D:/university/summer 26/Data Mining/research project/archive\train\Benign\2403.jpg,Benign,0
D:/university/summer 26/Data Mining/research project/archive\train\Malignant\306.jpg,Malignant,1
D:/university/summer 26/Data Mining/research project/archive\train\Benign\4742.jpg,Benign,0
D:/university/summer 26/Data Mining/research project/archive\train\Benign\2799.jpg,Benign,0
D:/university/summer 26/Data Mining/research project/archive\train\Malignant\1130.jpg,Malignant,1
D:/university/summer 26/Data Mining/research project/archive\train\Malignant\1042.jpg,Malignant,1
D:/university/summer 26/Data Mining/research project/archive\train\Benign\1942.jpg,Benign,0
D:/university/summer 26/Data Mining/research project/archive\train\Benign\4741.jpg,Benign,0
D:/university/summer 26/Data Mining/research project/archive\train\Benign\5249.jpg,Benign,0
D:/university/summer 26/Data Mining/research project/archive\train\Malignant\2985.jpg,Malignant,1
D:/university/summer 26/Data Mining/research project/archive\train\Benign\5569.jpg,Benign,0
D:/university/summer 26/Data Mining/research project/archive\train\Benign\1761.jpg,Benign,0
D:/university/summer 26/Data Mining/research project/archive\train\Malignant\3676.jpg,Malignant,1
D:/university/summer 26/Data Mining/research project/archive\train\Malignant\2517.jpg,Malignant,1
D:/university/summer 26/Data Mining/research project/archive\train\Benign\5037.jpg,Benign,0
D:/university/summer 26/Data Mining/research project/archive\train\Benign\3435.jpg,Benign,0
D:/university/summer 26/Data Mining/research project/archive\train\Benign\3646.jpg,Benign,0
D:/university/summer 26/Data Mining/research project/archive\train\Benign\3192.jpg,Benign,0
D:/university/summer 26/Data Mining/research project/archive\train\Benign\1360.jpg,Benign,0
D:/university/summer 26/Data Mining/research project/archive\train\Benign\2488.jpg,Benign,0
D:/university/summer 26/Data Mining/research project/archive\train\Benign\5170.jpg,Benign,0
D:/university/summer 26/Data Mining/research project/archive\train\Benign\2382.jpg,Benign,0
D:/university/summer 26/Data Mining/research project/archive\train\Benign\4650.jpg,Benign,0
D:/university/summer 26/Data Mining/research project/archive\train\Benign\4956.jpg,Benign,0
D:/university/summer 26/Data Mining/research project/archive\train\Benign\2263.jpg,Benign,0
D:/university/summer 26/Data Mining/research project/archive\train\Malignant\2380.jpg,Malignant,1
D:/university/summer 26/Data Mining/research project/archive\train\Malignant\1845.jpg,Malignant,1
D:/university/summer 26/Data Mining/research project/archive\train\Benign\3043.jpg,Benign,0
D:/university/summer 26/Data Mining/research project/archive\train\Malignant\3371.jpg,Malignant,1
D:/university/summer 26/Data Mining/research project/archive\train\Malignant\1505.jpg,Malignant,1
D:/university/summer 26/Data Mining/research project/archive\train\Benign\5998.jpg,Benign,0
D:/university/summer 26/Data Mining/research project/archive\train\Malignant\1854.jpg,Malignant,1
D:/university/summer 26/Data Mining/research project/archive\train\Malignant\735.jpg,Malignant,1
D:/university/summer 26/Data Mining/research project/archive\train\Benign\3339.jpg,Benign,0
D:/university/summer 26/Data Mining/research project/archive\train\Malignant\2623.jpg,Malignant,1
D:/university/summer 26/Data Mining/research project/archive\train\Malignant\366.jpg,Malignant,1
D:/university/summer 26/Data Mining/research project/archive\train\Benign\359.jpg,Benign,0
D:/university/summer 26/Data Mining/research project/archive\train\Benign\1770.jpg,Benign,0
D:/university/summer 26/Data Mining/research project/archive\train\Benign\453.jpg,Benign,0
D:/university/summer 26/Data Mining/research project/archive\train\Malignant\4630.jpg,Malignant,1
D:/university/summer 26/Data Mining/research project/archive\train\Malignant\2100.jpg,Malignant,1
D:/university/summer 26/Data Mining/research project/archive\train\Benign\6188.jpg,Benign,0
D:/university/summer 26/Data Mining/research project/archive\train\Malignant\632.jpg,Malignant,1
D:/university/summer 26/Data Mining/research project/archive\train\Benign\4970.jpg,Benign,0
D:/university/summer 26/Data Mining/research project/archive\train\Malignant\3101.jpg,Malignant,1
D:/university/summer 26/Data Mining/research project/archive\train\Malignant\2695.jpg,Malignant,1
D:/university/summer 26/Data Mining/research project/archive\train\Malignant\1939.jpg,Malignant,1
D:/university/summer 26/Data Mining/research project/archive\train\Malignant\2960.jpg,Malignant,1
D:/university/summer 26/Data Mining/research project/archive\train\Benign\5224.jpg,Benign,0
D:/university/summer 26/Data Mining/research project/archive\train\Malignant\4300.jpg,Malignant,1
D:/university/summer 26/Data Mining/research project/archive\train\Malignant\1923.jpg,Malignant,1
D:/university/summer 26/Data Mining/research project/archive\train\Malignant\4436.jpg,Malignant,1
D:/university/summer 26/Data Mining/research project/archive\train\Malignant\1273.jpg,Malignant,1
D:/university/summer 26/Data Mining/research project/archive\train\Benign\5042.jpg,Benign,0
D:/university/summer 26/Data Mining/research project/archive\train\Malignant\1825.jpg,Malignant,1
D:/university/summer 26/Data Mining/research project/archive\train\Benign\1509.jpg,Benign,0
D:/university/summer 26/Data Mining/research project/archive\train\Benign\39.jpg,Benign,0
D:/university/summer 26/Data Mining/research project/archive\train\Benign\3055.jpg,Benign,0
D:/university/summer 26/Data Mining/research project/archive\train\Benign\3625.jpg,Benign,0
D:/university/summer 26/Data Mining/research project/archive\train\Benign\825.jpg,Benign,0
D:/university/summer 26/Data Mining/research project/archive\train\Benign\2851.jpg,Benign,0
D:/university/summer 26/Data Mining/research project/archive\train\Malignant\1737.jpg,Malignant,1
D:/university/summer 26/Data Mining/research project/archive\train\Benign\3177.jpg,Benign,0
D:/university/summer 26/Data Mining/research project/archive\train\Malignant\1916.jpg,Malignant,1
D:/university/summer 26/Data Mining/research project/archive\train\Malignant\2260.jpg,Malignant,1
D:/university/summer 26/Data Mining/research project/archive\train\Malignant\2021.jpg,Malignant,1
D:/university/summer 26/Data Mining/research project/archive\train\Malignant\1950.jpg,Malignant,1
D:/university/summer 26/Data Mining/research project/archive\train\Malignant\2053.jpg,Malignant,1
D:/university/summer 26/Data Mining/research project/archive\train\Benign\4894.jpg,Benign,0
D:/university/summer 26/Data Mining/research project/archive\train\Malignant\3230.jpg,Malignant,1
D:/university/summer 26/Data Mining/research project/archive\train\Malignant\3063.jpg,Malignant,1
D:/university/summer 26/Data Mining/research project/archive\train\Benign\1325.jpg,Benign,0
D:/university/summer 26/Data Mining/research project/archive\train\Malignant\2720.jpg,Malignant,1
D:/university/summer 26/Data Mining/research project/archive\train\Malignant\1990.jpg,Malignant,1
D:/university/summer 26/Data Mining/research project/archive\train\Malignant\3751.jpg,Malignant,1
D:/university/summer 26/Data Mining/research project/archive\train\Benign\5926.jpg,Benign,0
D:/university/summer 26/Data Mining/research project/archive\train\Malignant\1422.jpg,Malignant,1
D:/university/summer 26/Data Mining/research project/archive\train\Malignant\2376.jpg,Malignant,1
D:/university/summer 26/Data Mining/research project/archive\train\Benign\6005.jpg,Benign,0
D:/university/summer 26/Data Mining/research project/archive\train\Benign\4300.jpg,Benign,0
D:/university/summer 26/Data Mining/research project/archive\train\Malignant\3381.jpg,Malignant,1
D:/university/summer 26/Data Mining/research project/archive\train\Malignant\5427.jpg,Malignant,1
D:/university/summer 26/Data Mining/research project/archive\train\Benign\303.jpg,Benign,0
D:/university/summer 26/Data Mining/research project/archive\train\Malignant\4696.jpg,Malignant,1
D:/university/summer 26/Data Mining/research project/archive\train\Malignant\4307.jpg,Malignant,1
D:/university/summer 26/Data Mining/research project/archive\train\Malignant\912.jpg,Malignant,1
D:/university/summer 26/Data Mining/research project/archive\train\Malignant\3603.jpg,Malignant,1
D:/university/summer 26/Data Mining/research project/archive\train\Benign\78.jpg,Benign,0
D:/university/summer 26/Data Mining/research project/archive\train\Malignant\1046.jpg,Malignant,1
D:/university/summer 26/Data Mining/research project/archive\train\Malignant\493.jpg,Malignant,1
D:/university/summer 26/Data Mining/research project/archive\train\Benign\5959.jpg,Benign,0
D:/university/summer 26/Data Mining/research project/archive\train\Benign\6152.jpg,Benign,0
D:/university/summer 26/Data Mining/research project/archive\train\Malignant\4375.jpg,Malignant,1
D:/university/summer 26/Data Mining/research project/archive\train\Benign\813.jpg,Benign,0
D:/university/summer 26/Data Mining/research project/archive\train\Benign\1992.jpg,Benign,0
D:/university/summer 26/Data Mining/research project/archive\train\Malignant\5588.jpg,Malignant,1
D:/university/summer 26/Data Mining/research project/archive\train\Malignant\5470.jpg,Malignant,1
D:/university/summer 26/Data Mining/research project/archive\train\Malignant\5250.jpg,Malignant,1
D:/university/summer 26/Data Mining/research project/archive\train\Malignant\3997.jpg,Malignant,1
D:/university/summer 26/Data Mining/research project/archive\train\Benign\3218.jpg,Benign,0
D:/university/summer 26/Data Mining/research project/archive\train\Malignant\1983.jpg,Malignant,1
D:/university/summer 26/Data Mining/research project/archive\train\Malignant\3325.jpg,Malignant,1
D:/university/summer 26/Data Mining/research project/archive\train\Benign\2887.jpg,Benign,0
D:/university/summer 26/Data Mining/research project/archive\train\Malignant\4208.jpg,Malignant,1
D:/university/summer 26/Data Mining/research project/archive\train\Benign\5789.jpg,Benign,0
D:/university/summer 26/Data Mining/research project/archive\train\Benign\3120.jpg,Benign,0
D:/university/summer 26/Data Mining/research project/archive\train\Benign\3648.jpg,Benign,0
D:/university/summer 26/Data Mining/research project/archive\train\Benign\2024.jpg,Benign,0
D:/university/summer 26/Data Mining/research project/archive\train\Benign\1701.jpg,Benign,0
D:/university/summer 26/Data Mining/research project/archive\train\Malignant\3302.jpg,Malignant,1
D:/university/summer 26/Data Mining/research project/archive\train\Benign\5428.jpg,Benign,0
D:/university/summer 26/Data Mining/research project/archive\train\Benign\1281.jpg,Benign,0
D:/university/summer 26/Data Mining/research project/archive\train\Benign\71.jpg,Benign,0
D:/university/summer 26/Data Mining/research project/archive\train\Benign\4667.jpg,Benign,0
D:/university/summer 26/Data Mining/research project/archive\train\Benign\490.jpg,Benign,0
D:/university/summer 26/Data Mining/research project/archive\train\Benign\2167.jpg,Benign,0
D:/university/summer 26/Data Mining/research project/archive\train\Malignant\5315.jpg,Malignant,1
D:/university/summer 26/Data Mining/research project/archive\train\Benign\5814.jpg,Benign,0
D:/university/summer 26/Data Mining/research project/archive\train\Benign\5102.jpg,Benign,0
D:/university/summer 26/Data Mining/research project/archive\train\Benign\442.jpg,Benign,0
D:/university/summer 26/Data Mining/research project/archive\train\Benign\2820.jpg,Benign,0
D:/university/summer 26/Data Mining/research project/archive\train\Malignant\563.jpg,Malignant,1
D:/university/summer 26/Data Mining/research project/archive\train\Benign\5376.jpg,Benign,0
D:/university/summer 26/Data Mining/research project/archive\train\Benign\3085.jpg,Benign,0
D:/university/summer 26/Data Mining/research project/archive\train\Malignant\2006.jpg,Malignant,1
D:/university/summer 26/Data Mining/research project/archive\train\Malignant\3590.jpg,Malignant,1
D:/university/summer 26/Data Mining/research project/archive\train\Benign\1380.jpg,Benign,0
D:/university/summer 26/Data Mining/research project/archive\train\Benign\865.jpg,Benign,0
D:/university/summer 26/Data Mining/research project/archive\train\Benign\4517.jpg,Benign,0
D:/university/summer 26/Data Mining/research project/archive\train\Malignant\4547.jpg,Malignant,1
D:/university/summer 26/Data Mining/research project/archive\train\Benign\5726.jpg,Benign,0
D:/university/summer 26/Data Mining/research project/archive\train\Benign\584.jpg,Benign,0
D:/university/summer 26/Data Mining/research project/archive\train\Benign\368.jpg,Benign,0
D:/university/summer 26/Data Mining/research project/archive\train\Malignant\4400.jpg,Malignant,1
D:/university/summer 26/Data Mining/research project/archive\train\Malignant\1000.jpg,Malignant,1
D:/university/summer 26/Data Mining/research project/archive\train\Malignant\5424.jpg,Malignant,1
D:/university/summer 26/Data Mining/research project/archive\train\Benign\6073.jpg,Benign,0
D:/university/summer 26/Data Mining/research project/archive\train\Malignant\5323.jpg,Malignant,1
D:/university/summer 26/Data Mining/research project/archive\train\Benign\3215.jpg,Benign,0
D:/university/summer 26/Data Mining/research project/archive\train\Benign\3261.jpg,Benign,0
D:/university/summer 26/Data Mining/research project/archive\train\Malignant\1653.jpg,Malignant,1
D:/university/summer 26/Data Mining/research project/archive\train\Benign\3615.jpg,Benign,0
D:/university/summer 26/Data Mining/research project/archive\train\Benign\1991.jpg,Benign,0
D:/university/summer 26/Data Mining/research project/archive\train\Malignant\2670.jpg,Malignant,1
D:/university/summer 26/Data Mining/research project/archive\train\Malignant\4153.jpg,Malignant,1
D:/university/summer 26/Data Mining/research project/archive\train\Benign\5275.jpg,Benign,0
D:/university/summer 26/Data Mining/research project/archive\train\Benign\3429.jpg,Benign,0
D:/university/summer 26/Data Mining/research project/archive\train\Malignant\2889.jpg,Malignant,1
D:/university/summer 26/Data Mining/research project/archive\train\Benign\5272.jpg,Benign,0
D:/university/summer 26/Data Mining/research project/archive\train\Benign\2205.jpg,Benign,0
D:/university/summer 26/Data Mining/research project/archive\train\Malignant\4505.jpg,Malignant,1
D:/university/summer 26/Data Mining/research project/archive\train\Malignant\4187.jpg,Malignant,1
D:/university/summer 26/Data Mining/research project/archive\train\Malignant\4464.jpg,Malignant,1
D:/university/summer 26/Data Mining/research project/archive\train\Malignant\1645.jpg,Malignant,1
D:/university/summer 26/Data Mining/research project/archive\train\Benign\5756.jpg,Benign,0
D:/university/summer 26/Data Mining/research project/archive\train\Malignant\2984.jpg,Malignant,1
D:/university/summer 26/Data Mining/research project/archive\train\Malignant\805.jpg,Malignant,1
D:/university/summer 26/Data Mining/research project/archive\train\Benign\6279.jpg,Benign,0
D:/university/summer 26/Data Mining/research project/archive\train\Benign\6275.jpg,Benign,0
D:/university/summer 26/Data Mining/research project/archive\train\Malignant\2153.jpg,Malignant,1
D:/university/summer 26/Data Mining/research project/archive\train\Benign\4958.jpg,Benign,0
D:/university/summer 26/Data Mining/research project/archive\train\Benign\1988.jpg,Benign,0
D:/university/summer 26/Data Mining/research project/archive\train\Malignant\3080.jpg,Malignant,1
D:/university/summer 26/Data Mining/research project/archive\train\Benign\3815.jpg,Benign,0
D:/university/summer 26/Data Mining/research project/archive\train\Benign\5800.jpg,Benign,0
D:/university/summer 26/Data Mining/research project/archive\train\Malignant\3635.jpg,Malignant,1
D:/university/summer 26/Data Mining/research project/archive\train\Benign\5750.jpg,Benign,0
D:/university/summer 26/Data Mining/research project/archive\train\Malignant\763.jpg,Malignant,1
D:/university/summer 26/Data Mining/research project/archive\train\Malignant\4415.jpg,Malignant,1
D:/university/summer 26/Data Mining/research project/archive\train\Malignant\2308.jpg,Malignant,1
D:/university/summer 26/Data Mining/research project/archive\train\Malignant\482.jpg,Malignant,1
D:/university/summer 26/Data Mining/research project/archive\train\Malignant\916.jpg,Malignant,1
D:/university/summer 26/Data Mining/research project/archive\train\Malignant\3914.jpg,Malignant,1
D:/university/summer 26/Data Mining/research project/archive\train\Benign\300.jpg,Benign,0
D:/university/summer 26/Data Mining/research project/archive\train\Malignant\180.jpg,Malignant,1
D:/university/summer 26/Data Mining/research project/archive\train\Benign\4297.jpg,Benign,0
D:/university/summer 26/Data Mining/research project/archive\train\Benign\5735.jpg,Benign,0
D:/university/summer 26/Data Mining/research project/archive\train\Benign\668.jpg,Benign,0
D:/university/summer 26/Data Mining/research project/archive\train\Benign\1254.jpg,Benign,0
D:/university/summer 26/Data Mining/research project/archive\train\Benign\2996.jpg,Benign,0
D:/university/summer 26/Data Mining/research project/archive\train\Benign\1101.jpg,Benign,0
D:/university/summer 26/Data Mining/research project/archive\train\Benign\3223.jpg,Benign,0
D:/university/summer 26/Data Mining/research project/archive\train\Malignant\3341.jpg,Malignant,1
D:/university/summer 26/Data Mining/research project/archive\train\Benign\1340.jpg,Benign,0
D:/university/summer 26/Data Mining/research project/archive\train\Malignant\4932.jpg,Malignant,1
D:/university/summer 26/Data Mining/research project/archive\train\Malignant\185.jpg,Malignant,1
D:/university/summer 26/Data Mining/research project/archive\train\Benign\4904.jpg,Benign,0
D:/university/summer 26/Data Mining/research project/archive\train\Malignant\1335.jpg,Malignant,1
D:/university/summer 26/Data Mining/research project/archive\train\Benign\2270.jpg,Benign,0
D:/university/summer 26/Data Mining/research project/archive\train\Malignant\5118.jpg,Malignant,1
D:/university/summer 26/Data Mining/research project/archive\train\Malignant\5170.jpg,Malignant,1
D:/university/summer 26/Data Mining/research project/archive\train\Benign\1011.jpg,Benign,0
D:/university/summer 26/Data Mining/research project/archive\train\Benign\4306.jpg,Benign,0
D:/university/summer 26/Data Mining/research project/archive\train\Malignant\2027.jpg,Malignant,1
D:/university/summer 26/Data Mining/research project/archive\train\Benign\5888.jpg,Benign,0
D:/university/summer 26/Data Mining/research project/archive\train\Benign\1124.jpg,Benign,0
D:/university/summer 26/Data Mining/research project/archive\train\Benign\2424.jpg,Benign,0
D:/university/summer 26/Data Mining/research project/archive\train\Malignant\971.jpg,Malignant,1
D:/university/summer 26/Data Mining/research project/archive\train\Benign\4770.jpg,Benign,0
D:/university/summer 26/Data Mining/research project/archive\train\Malignant\4655.jpg,Malignant,1
D:/university/summer 26/Data Mining/research project/archive\train\Benign\609.jpg,Benign,0
D:/university/summer 26/Data Mining/research project/archive\train\Benign\4785.jpg,Benign,0
D:/university/summer 26/Data Mining/research project/archive\train\Malignant\3064.jpg,Malignant,1
D:/university/summer 26/Data Mining/research project/archive\train\Benign\5345.jpg,Benign,0
D:/university/summer 26/Data Mining/research project/archive\train\Malignant\750.jpg,Malignant,1
D:/university/summer 26/Data Mining/research project/archive\train\Benign\2086.jpg,Benign,0
D:/university/summer 26/Data Mining/research project/archive\train\Malignant\4646.jpg,Malignant,1
D:/university/summer 26/Data Mining/research project/archive\train\Benign\4196.jpg,Benign,0
D:/university/summer 26/Data Mining/research project/archive\train\Benign\5284.jpg,Benign,0
D:/university/summer 26/Data Mining/research project/archive\train\Malignant\4817.jpg,Malignant,1
D:/university/summer 26/Data Mining/research project/archive\train\Benign\3447.jpg,Benign,0
D:/university/summer 26/Data Mining/research project/archive\train\Benign\4827.jpg,Benign,0
D:/university/summer 26/Data Mining/research project/archive\train\Malignant\3554.jpg,Malignant,1
D:/university/summer 26/Data Mining/research project/archive\train\Malignant\1116.jpg,Malignant,1
D:/university/summer 26/Data Mining/research project/archive\train\Benign\6281.jpg,Benign,0
D:/university/summer 26/Data Mining/research project/archive\train\Malignant\2882.jpg,Malignant,1
D:/university/summer 26/Data Mining/research project/archive\train\Benign\2545.jpg,Benign,0
D:/university/summer 26/Data Mining/research project/archive\train\Benign\5245.jpg,Benign,0
D:/university/summer 26/Data Mining/research project/archive\train\Benign\1021.jpg,Benign,0
D:/university/summer 26/Data Mining/research project/archive\train\Benign\2131.jpg,Benign,0
D:/university/summer 26/Data Mining/research project/archive\train\Malignant\1817.jpg,Malignant,1
D:/university/summer 26/Data Mining/research project/archive\train\Benign\1874.jpg,Benign,0
D:/university/summer 26/Data Mining/research project/archive\train\Benign\3501.jpg,Benign,0
D:/university/summer 26/Data Mining/research project/archive\train\Benign\6178.jpg,Benign,0
D:/university/summer 26/Data Mining/research project/archive\train\Malignant\5478.jpg,Malignant,1
D:/university/summer 26/Data Mining/research project/archive\train\Benign\5864.jpg,Benign,0
D:/university/summer 26/Data Mining/research project/archive\train\Benign\5593.jpg,Benign,0
D:/university/summer 26/Data Mining/research project/archive\train\Benign\3540.jpg,Benign,0
D:/university/summer 26/Data Mining/research project/archive\train\Benign\719.jpg,Benign,0
D:/university/summer 26/Data Mining/research project/archive\train\Malignant\2323.jpg,Malignant,1
D:/university/summer 26/Data Mining/research project/archive\train\Malignant\2473.jpg,Malignant,1
D:/university/summer 26/Data Mining/research project/archive\train\Benign\4194.jpg,Benign,0
D:/university/summer 26/Data Mining/research project/archive\train\Malignant\5398.jpg,Malignant,1
D:/university/summer 26/Data Mining/research project/archive\train\Malignant\2193.jpg,Malignant,1
D:/university/summer 26/Data Mining/research project/archive\train\Malignant\3443.jpg,Malignant,1
D:/university/summer 26/Data Mining/research project/archive\train\Malignant\1895.jpg,Malignant,1
D:/university/summer 26/Data Mining/research project/archive\train\Benign\516.jpg,Benign,0
D:/university/summer 26/Data Mining/research project/archive\train\Malignant\3450.jpg,Malignant,1
D:/university/summer 26/Data Mining/research project/archive\train\Benign\605.jpg,Benign,0
D:/university/summer 26/Data Mining/research project/archive\train\Malignant\3006.jpg,Malignant,1
D:/university/summer 26/Data Mining/research project/archive\train\Benign\4885.jpg,Benign,0
D:/university/summer 26/Data Mining/research project/archive\train\Benign\235.jpg,Benign,0
D:/university/summer 26/Data Mining/research project/archive\train\Malignant\1560.jpg,Malignant,1
D:/university/summer 26/Data Mining/research project/archive\train\Benign\4167.jpg,Benign,0
D:/university/summer 26/Data Mining/research project/archive\train\Benign\937.jpg,Benign,0
D:/university/summer 26/Data Mining/research project/archive\train\Benign\5016.jpg,Benign,0
D:/university/summer 26/Data Mining/research project/archive\train\Benign\5646.jpg,Benign,0
D:/university/summer 26/Data Mining/research project/archive\train\Benign\4882.jpg,Benign,0
D:/university/summer 26/Data Mining/research project/archive\train\Benign\3176.jpg,Benign,0
D:/university/summer 26/Data Mining/research project/archive\train\Malignant\113.jpg,Malignant,1
D:/university/summer 26/Data Mining/research project/archive\train\Malignant\4594.jpg,Malignant,1
D:/university/summer 26/Data Mining/research project/archive\train\Benign\30.jpg,Benign,0
D:/university/summer 26/Data Mining/research project/archive\train\Malignant\1219.jpg,Malignant,1
D:/university/summer 26/Data Mining/research project/archive\train\Benign\3767.jpg,Benign,0
D:/university/summer 26/Data Mining/research project/archive\train\Benign\1141.jpg,Benign,0
D:/university/summer 26/Data Mining/research project/archive\train\Benign\5796.jpg,Benign,0
D:/university/summer 26/Data Mining/research project/archive\train\Malignant\2375.jpg,Malignant,1
D:/university/summer 26/Data Mining/research project/archive\train\Malignant\617.jpg,Malignant,1
D:/university/summer 26/Data Mining/research project/archive\train\Benign\2981.jpg,Benign,0
D:/university/summer 26/Data Mining/research project/archive\train\Malignant\730.jpg,Malignant,1
D:/university/summer 26/Data Mining/research project/archive\train\Malignant\2042.jpg,Malignant,1
D:/university/summer 26/Data Mining/research project/archive\train\Benign\3539.jpg,Benign,0
D:/university/summer 26/Data Mining/research project/archive\train\Malignant\2793.jpg,Malignant,1
D:/university/summer 26/Data Mining/research project/archive\train\Benign\3685.jpg,Benign,0
D:/university/summer 26/Data Mining/research project/archive\train\Benign\419.jpg,Benign,0
D:/university/summer 26/Data Mining/research project/archive\train\Malignant\677.jpg,Malignant,1
D:/university/summer 26/Data Mining/research project/archive\train\Benign\3562.jpg,Benign,0
D:/university/summer 26/Data Mining/research project/archive\train\Benign\14.jpg,Benign,0
D:/university/summer 26/Data Mining/research project/archive\train\Benign\5944.jpg,Benign,0
D:/university/summer 26/Data Mining/research project/archive\train\Malignant\611.jpg,Malignant,1
D:/university/summer 26/Data Mining/research project/archive\train\Benign\3846.jpg,Benign,0
D:/university/summer 26/Data Mining/research project/archive\train\Benign\623.jpg,Benign,0
D:/university/summer 26/Data Mining/research project/archive\train\Benign\3715.jpg,Benign,0
D:/university/summer 26/Data Mining/research project/archive\train\Malignant\2857.jpg,Malignant,1
D:/university/summer 26/Data Mining/research project/archive\train\Benign\468.jpg,Benign,0
D:/university/summer 26/Data Mining/research project/archive\train\Malignant\5233.jpg,Malignant,1
D:/university/summer 26/Data Mining/research project/archive\train\Benign\2290.jpg,Benign,0
D:/university/summer 26/Data Mining/research project/archive\train\Malignant\5590.jpg,Malignant,1
D:/university/summer 26/Data Mining/research project/archive\train\Malignant\2289.jpg,Malignant,1
D:/university/summer 26/Data Mining/research project/archive\train\Benign\1424.jpg,Benign,0
D:/university/summer 26/Data Mining/research project/archive\train\Malignant\5268.jpg,Malignant,1
D:/university/summer 26/Data Mining/research project/archive\train\Benign\6253.jpg,Benign,0
D:/university/summer 26/Data Mining/research project/archive\train\Malignant\4147.jpg,Malignant,1
D:/university/summer 26/Data Mining/research project/archive\train\Benign\2257.jpg,Benign,0
D:/university/summer 26/Data Mining/research project/archive\train\Malignant\1934.jpg,Malignant,1
D:/university/summer 26/Data Mining/research project/archive\train\Benign\639.jpg,Benign,0
D:/university/summer 26/Data Mining/research project/archive\train\Malignant\4052.jpg,Malignant,1
D:/university/summer 26/Data Mining/research project/archive\train\Benign\4773.jpg,Benign,0
D:/university/summer 26/Data Mining/research project/archive\train\Benign\5258.jpg,Benign,0
D:/university/summer 26/Data Mining/research project/archive\train\Benign\5988.jpg,Benign,0
D:/university/summer 26/Data Mining/research project/archive\train\Benign\3668.jpg,Benign,0
D:/university/summer 26/Data Mining/research project/archive\train\Benign\1128.jpg,Benign,0
D:/university/summer 26/Data Mining/research project/archive\train\Malignant\4202.jpg,Malignant,1
D:/university/summer 26/Data Mining/research project/archive\train\Benign\2486.jpg,Benign,0
D:/university/summer 26/Data Mining/research project/archive\train\Malignant\1568.jpg,Malignant,1
D:/university/summer 26/Data Mining/research project/archive\train\Benign\1879.jpg,Benign,0
D:/university/summer 26/Data Mining/research project/archive\train\Benign\4751.jpg,Benign,0
D:/university/summer 26/Data Mining/research project/archive\train\Benign\3114.jpg,Benign,0
D:/university/summer 26/Data Mining/research project/archive\train\Malignant\2409.jpg,Malignant,1
D:/university/summer 26/Data Mining/research project/archive\train\Benign\1621.jpg,Benign,0
D:/university/summer 26/Data Mining/research project/archive\train\Malignant\3657.jpg,Malignant,1
D:/university/summer 26/Data Mining/research project/archive\train\Benign\6186.jpg,Benign,0
D:/university/summer 26/Data Mining/research project/archive\train\Malignant\1920.jpg,Malignant,1
D:/university/summer 26/Data Mining/research project/archive\train\Benign\598.jpg,Benign,0
D:/university/summer 26/Data Mining/research project/archive\train\Benign\3316.jpg,Benign,0
D:/university/summer 26/Data Mining/research project/archive\train\Malignant\1556.jpg,Malignant,1
D:/university/summer 26/Data Mining/research project/archive\train\Malignant\5356.jpg,Malignant,1
D:/university/summer 26/Data Mining/research project/archive\train\Malignant\3658.jpg,Malignant,1
D:/university/summer 26/Data Mining/research project/archive\train\Benign\5931.jpg,Benign,0
D:/university/summer 26/Data Mining/research project/archive\train\Malignant\3709.jpg,Malignant,1
D:/university/summer 26/Data Mining/research project/archive\train\Benign\3732.jpg,Benign,0
D:/university/summer 26/Data Mining/research project/archive\train\Benign\5728.jpg,Benign,0
D:/university/summer 26/Data Mining/research project/archive\train\Malignant\1590.jpg,Malignant,1
D:/university/summer 26/Data Mining/research project/archive\train\Benign\538.jpg,Benign,0
D:/university/summer 26/Data Mining/research project/archive\train\Malignant\1494.jpg,Malignant,1
D:/university/summer 26/Data Mining/research project/archive\train\Benign\4327.jpg,Benign,0
D:/university/summer 26/Data Mining/research project/archive\train\Malignant\4838.jpg,Malignant,1
D:/university/summer 26/Data Mining/research project/archive\train\Benign\792.jpg,Benign,0
D:/university/summer 26/Data Mining/research project/archive\train\Benign\1436.jpg,Benign,0
D:/university/summer 26/Data Mining/research project/archive\train\Benign\2118.jpg,Benign,0
D:/university/summer 26/Data Mining/research project/archive\train\Benign\2005.jpg,Benign,0
D:/university/summer 26/Data Mining/research project/archive\train\Benign\5971.jpg,Benign,0
D:/university/summer 26/Data Mining/research project/archive\train\Malignant\62.jpg,Malignant,1
D:/university/summer 26/Data Mining/research project/archive\train\Benign\3195.jpg,Benign,0
D:/university/summer 26/Data Mining/research project/archive\train\Malignant\2683.jpg,Malignant,1
D:/university/summer 26/Data Mining/research project/archive\train\Malignant\2293.jpg,Malignant,1
D:/university/summer 26/Data Mining/research project/archive\train\Malignant\3175.jpg,Malignant,1
D:/university/summer 26/Data Mining/research project/archive\train\Malignant\3749.jpg,Malignant,1
D:/university/summer 26/Data Mining/research project/archive\train\Malignant\2970.jpg,Malignant,1
D:/university/summer 26/Data Mining/research project/archive\train\Benign\3682.jpg,Benign,0
D:/university/summer 26/Data Mining/research project/archive\train\Benign\6099.jpg,Benign,0
D:/university/summer 26/Data Mining/research project/archive\train\Benign\4674.jpg,Benign,0
D:/university/summer 26/Data Mining/research project/archive\train\Malignant\4720.jpg,Malignant,1
D:/university/summer 26/Data Mining/research project/archive\train\Benign\1631.jpg,Benign,0
D:/university/summer 26/Data Mining/research project/archive\train\Malignant\4210.jpg,Malignant,1
D:/university/summer 26/Data Mining/research project/archive\train\Benign\6127.jpg,Benign,0
D:/university/summer 26/Data Mining/research project/archive\train\Malignant\3758.jpg,Malignant,1
D:/university/summer 26/Data Mining/research project/archive\train\Malignant\3352.jpg,Malignant,1
D:/university/summer 26/Data Mining/research project/archive\train\Malignant\216.jpg,Malignant,1
D:/university/summer 26/Data Mining/research project/archive\train\Benign\403.jpg,Benign,0
D:/university/summer 26/Data Mining/research project/archive\train\Benign\1286.jpg,Benign,0
D:/university/summer 26/Data Mining/research project/archive\train\Malignant\1881.jpg,Malignant,1
D:/university/summer 26/Data Mining/research project/archive\train\Benign\6143.jpg,Benign,0
D:/university/summer 26/Data Mining/research project/archive\train\Malignant\201.jpg,Malignant,1
D:/university/summer 26/Data Mining/research project/archive\train\Malignant\4063.jpg,Malignant,1
D:/university/summer 26/Data Mining/research project/archive\train\Benign\1292.jpg,Benign,0
D:/university/summer 26/Data Mining/research project/archive\train\Benign\2731.jpg,Benign,0
D:/university/summer 26/Data Mining/research project/archive\train\Benign\6282.jpg,Benign,0
D:/university/summer 26/Data Mining/research project/archive\train\Malignant\2232.jpg,Malignant,1
D:/university/summer 26/Data Mining/research project/archive\train\Malignant\2007.jpg,Malignant,1
D:/university/summer 26/Data Mining/research project/archive\train\Benign\5394.jpg,Benign,0
D:/university/summer 26/Data Mining/research project/archive\train\Malignant\4350.jpg,Malignant,1
D:/university/summer 26/Data Mining/research project/archive\train\Malignant\3617.jpg,Malignant,1
D:/university/summer 26/Data Mining/research project/archive\train\Benign\3463.jpg,Benign,0
D:/university/summer 26/Data Mining/research project/archive\train\Benign\4020.jpg,Benign,0
D:/university/summer 26/Data Mining/research project/archive\train\Malignant\4540.jpg,Malignant,1
D:/university/summer 26/Data Mining/research project/archive\train\Malignant\5350.jpg,Malignant,1
D:/university/summer 26/Data Mining/research project/archive\train\Benign\1426.jpg,Benign,0
D:/university/summer 26/Data Mining/research project/archive\train\Malignant\3731.jpg,Malignant,1
D:/university/summer 26/Data Mining/research project/archive\train\Malignant\2818.jpg,Malignant,1
D:/university/summer 26/Data Mining/research project/archive\train\Benign\429.jpg,Benign,0
D:/university/summer 26/Data Mining/research project/archive\train\Malignant\944.jpg,Malignant,1
D:/university/summer 26/Data Mining/research project/archive\train\Benign\5628.jpg,Benign,0
D:/university/summer 26/Data Mining/research project/archive\train\Benign\4290.jpg,Benign,0
D:/university/summer 26/Data Mining/research project/archive\train\Malignant\1972.jpg,Malignant,1
D:/university/summer 26/Data Mining/research project/archive\train\Benign\3355.jpg,Benign,0
D:/university/summer 26/Data Mining/research project/archive\train\Malignant\4706.jpg,Malignant,1
D:/university/summer 26/Data Mining/research project/archive\train\Malignant\1614.jpg,Malignant,1
D:/university/summer 26/Data Mining/research project/archive\train\Benign\5686.jpg,Benign,0
D:/university/summer 26/Data Mining/research project/archive\train\Malignant\3121.jpg,Malignant,1
D:/university/summer 26/Data Mining/research project/archive\train\Malignant\2657.jpg,Malignant,1
D:/university/summer 26/Data Mining/research project/archive\train\Malignant\2712.jpg,Malignant,1
D:/university/summer 26/Data Mining/research project/archive\train\Malignant\5242.jpg,Malignant,1
D:/university/summer 26/Data Mining/research project/archive\train\Malignant\5212.jpg,Malignant,1
D:/university/summer 26/Data Mining/research project/archive\train\Benign\4934.jpg,Benign,0
D:/university/summer 26/Data Mining/research project/archive\train\Malignant\997.jpg,Malignant,1
D:/university/summer 26/Data Mining/research project/archive\train\Benign\2250.jpg,Benign,0
D:/university/summer 26/Data Mining/research project/archive\train\Benign\896.jpg,Benign,0
D:/university/summer 26/Data Mining/research project/archive\train\Benign\556.jpg,Benign,0
D:/university/summer 26/Data Mining/research project/archive\train\Malignant\4967.jpg,Malignant,1
D:/university/summer 26/Data Mining/research project/archive\train\Malignant\4528.jpg,Malignant,1
D:/university/summer 26/Data Mining/research project/archive\train\Malignant\152.jpg,Malignant,1
D:/university/summer 26/Data Mining/research project/archive\train\Benign\518.jpg,Benign,0
D:/university/summer 26/Data Mining/research project/archive\train\Benign\4546.jpg,Benign,0
D:/university/summer 26/Data Mining/research project/archive\train\Malignant\2448.jpg,Malignant,1
D:/university/summer 26/Data Mining/research project/archive\train\Malignant\900.jpg,Malignant,1
D:/university/summer 26/Data Mining/research project/archive\train\Malignant\2545.jpg,Malignant,1
D:/university/summer 26/Data Mining/research project/archive\train\Malignant\2927.jpg,Malignant,1
D:/university/summer 26/Data Mining/research project/archive\train\Malignant\2598.jpg,Malignant,1
D:/university/summer 26/Data Mining/research project/archive\train\Benign\2844.jpg,Benign,0
D:/university/summer 26/Data Mining/research project/archive\train\Malignant\204.jpg,Malignant,1
D:/university/summer 26/Data Mining/research project/archive\train\Malignant\4970.jpg,Malignant,1
D:/university/summer 26/Data Mining/research project/archive\train\Malignant\2942.jpg,Malignant,1
D:/university/summer 26/Data Mining/research project/archive\train\Benign\2738.jpg,Benign,0
D:/university/summer 26/Data Mining/research project/archive\train\Malignant\5388.jpg,Malignant,1
D:/university/summer 26/Data Mining/research project/archive\train\Malignant\5175.jpg,Malignant,1
D:/university/summer 26/Data Mining/research project/archive\train\Benign\1871.jpg,Benign,0
D:/university/summer 26/Data Mining/research project/archive\train\Malignant\1346.jpg,Malignant,1
D:/university/summer 26/Data Mining/research project/archive\train\Benign\1189.jpg,Benign,0
D:/university/summer 26/Data Mining/research project/archive\train\Benign\1715.jpg,Benign,0
D:/university/summer 26/Data Mining/research project/archive\train\Malignant\1402.jpg,Malignant,1
D:/university/summer 26/Data Mining/research project/archive\train\Benign\5956.jpg,Benign,0
D:/university/summer 26/Data Mining/research project/archive\train\Malignant\1433.jpg,Malignant,1
D:/university/summer 26/Data Mining/research project/archive\train\Malignant\2849.jpg,Malignant,1
D:/university/summer 26/Data Mining/research project/archive\train\Malignant\2336.jpg,Malignant,1
D:/university/summer 26/Data Mining/research project/archive\train\Benign\6140.jpg,Benign,0
D:/university/summer 26/Data Mining/research project/archive\train\Benign\2520.jpg,Benign,0
D:/university/summer 26/Data Mining/research project/archive\train\Malignant\4013.jpg,Malignant,1
D:/university/summer 26/Data Mining/research project/archive\train\Malignant\3735.jpg,Malignant,1
D:/university/summer 26/Data Mining/research project/archive\train\Malignant\4773.jpg,Malignant,1
D:/university/summer 26/Data Mining/research project/archive\train\Malignant\3149.jpg,Malignant,1
D:/university/summer 26/Data Mining/research project/archive\train\Benign\653.jpg,Benign,0
D:/university/summer 26/Data Mining/research project/archive\train\Benign\847.jpg,Benign,0
D:/university/summer 26/Data Mining/research project/archive\train\Malignant\4083.jpg,Malignant,1
D:/university/summer 26/Data Mining/research project/archive\train\Malignant\631.jpg,Malignant,1
D:/university/summer 26/Data Mining/research project/archive\train\Benign\1211.jpg,Benign,0
D:/university/summer 26/Data Mining/research project/archive\train\Benign\3988.jpg,Benign,0
D:/university/summer 26/Data Mining/research project/archive\train\Malignant\310.jpg,Malignant,1
D:/university/summer 26/Data Mining/research project/archive\train\Malignant\4294.jpg,Malignant,1
D:/university/summer 26/Data Mining/research project/archive\train\Malignant\5471.jpg,Malignant,1
D:/university/summer 26/Data Mining/research project/archive\train\Malignant\2134.jpg,Malignant,1
D:/university/summer 26/Data Mining/research project/archive\train\Benign\1675.jpg,Benign,0
D:/university/summer 26/Data Mining/research project/archive\train\Benign\331.jpg,Benign,0
D:/university/summer 26/Data Mining/research project/archive\train\Malignant\4926.jpg,Malignant,1
D:/university/summer 26/Data Mining/research project/archive\train\Benign\5514.jpg,Benign,0
D:/university/summer 26/Data Mining/research project/archive\train\Malignant\4328.jpg,Malignant,1
D:/university/summer 26/Data Mining/research project/archive\train\Benign\3889.jpg,Benign,0
D:/university/summer 26/Data Mining/research project/archive\train\Benign\329.jpg,Benign,0
D:/university/summer 26/Data Mining/research project/archive\train\Malignant\1368.jpg,Malignant,1
D:/university/summer 26/Data Mining/research project/archive\train\Benign\4565.jpg,Benign,0
D:/university/summer 26/Data Mining/research project/archive\train\Malignant\3170.jpg,Malignant,1
D:/university/summer 26/Data Mining/research project/archive\train\Malignant\5494.jpg,Malignant,1
D:/university/summer 26/Data Mining/research project/archive\train\Malignant\2719.jpg,Malignant,1
D:/university/summer 26/Data Mining/research project/archive\train\Benign\6096.jpg,Benign,0
D:/university/summer 26/Data Mining/research project/archive\train\Malignant\3255.jpg,Malignant,1
D:/university/summer 26/Data Mining/research project/archive\train\Benign\1054.jpg,Benign,0
D:/university/summer 26/Data Mining/research project/archive\train\Benign\526.jpg,Benign,0
D:/university/summer 26/Data Mining/research project/archive\train\Malignant\2065.jpg,Malignant,1
D:/university/summer 26/Data Mining/research project/archive\train\Malignant\3338.jpg,Malignant,1
D:/university/summer 26/Data Mining/research project/archive\train\Malignant\2330.jpg,Malignant,1
D:/university/summer 26/Data Mining/research project/archive\train\Benign\1138.jpg,Benign,0
D:/university/summer 26/Data Mining/research project/archive\train\Benign\2098.jpg,Benign,0
D:/university/summer 26/Data Mining/research project/archive\train\Benign\3148.jpg,Benign,0
D:/university/summer 26/Data Mining/research project/archive\train\Benign\5620.jpg,Benign,0
D:/university/summer 26/Data Mining/research project/archive\train\Benign\4171.jpg,Benign,0
D:/university/summer 26/Data Mining/research project/archive\train\Malignant\5535.jpg,Malignant,1
D:/university/summer 26/Data Mining/research project/archive\train\Malignant\3051.jpg,Malignant,1
D:/university/summer 26/Data Mining/research project/archive\train\Malignant\3200.jpg,Malignant,1
D:/university/summer 26/Data Mining/research project/archive\train\Benign\6162.jpg,Benign,0
D:/university/summer 26/Data Mining/research project/archive\train\Malignant\5404.jpg,Malignant,1
D:/university/summer 26/Data Mining/research project/archive\train\Malignant\1358.jpg,Malignant,1
D:/university/summer 26/Data Mining/research project/archive\train\Benign\210.jpg,Benign,0
D:/university/summer 26/Data Mining/research project/archive\train\Malignant\4966.jpg,Malignant,1
D:/university/summer 26/Data Mining/research project/archive\train\Malignant\1704.jpg,Malignant,1
D:/university/summer 26/Data Mining/research project/archive\train\Malignant\1027.jpg,Malignant,1
D:/university/summer 26/Data Mining/research project/archive\train\Benign\1119.jpg,Benign,0
D:/university/summer 26/Data Mining/research project/archive\train\Malignant\1289.jpg,Malignant,1
D:/university/summer 26/Data Mining/research project/archive\train\Malignant\2436.jpg,Malignant,1
D:/university/summer 26/Data Mining/research project/archive\train\Benign\352.jpg,Benign,0
D:/university/summer 26/Data Mining/research project/archive\train\Benign\3433.jpg,Benign,0
D:/university/summer 26/Data Mining/research project/archive\train\Benign\257.jpg,Benign,0
D:/university/summer 26/Data Mining/research project/archive\train\Malignant\326.jpg,Malignant,1
D:/university/summer 26/Data Mining/research project/archive\train\Malignant\1198.jpg,Malignant,1
D:/university/summer 26/Data Mining/research project/archive\train\Malignant\605.jpg,Malignant,1
D:/university/summer 26/Data Mining/research project/archive\train\Malignant\2352.jpg,Malignant,1
D:/university/summer 26/Data Mining/research project/archive\train\Benign\428.jpg,Benign,0
D:/university/summer 26/Data Mining/research project/archive\train\Benign\5669.jpg,Benign,0
D:/university/summer 26/Data Mining/research project/archive\train\Malignant\3508.jpg,Malignant,1
D:/university/summer 26/Data Mining/research project/archive\train\Malignant\2948.jpg,Malignant,1
D:/university/summer 26/Data Mining/research project/archive\train\Benign\1936.jpg,Benign,0
D:/university/summer 26/Data Mining/research project/archive\train\Benign\2599.jpg,Benign,0
D:/university/summer 26/Data Mining/research project/archive\train\Benign\6120.jpg,Benign,0
D:/university/summer 26/Data Mining/research project/archive\train\Malignant\4281.jpg,Malignant,1
D:/university/summer 26/Data Mining/research project/archive\train\Benign\4298.jpg,Benign,0
D:/university/summer 26/Data Mining/research project/archive\train\Malignant\1337.jpg,Malignant,1
D:/university/summer 26/Data Mining/research project/archive\train\Benign\2918.jpg,Benign,0
D:/university/summer 26/Data Mining/research project/archive\train\Benign\5821.jpg,Benign,0
D:/university/summer 26/Data Mining/research project/archive\train\Malignant\3282.jpg,Malignant,1
D:/university/summer 26/Data Mining/research project/archive\train\Malignant\4702.jpg,Malignant,1
D:/university/summer 26/Data Mining/research project/archive\train\Malignant\2602.jpg,Malignant,1
D:/university/summer 26/Data Mining/research project/archive\train\Benign\3255.jpg,Benign,0
D:/university/summer 26/Data Mining/research project/archive\train\Malignant\4554.jpg,Malignant,1
D:/university/summer 26/Data Mining/research project/archive\train\Benign\877.jpg,Benign,0
D:/university/summer 26/Data Mining/research project/archive\train\Benign\1903.jpg,Benign,0
D:/university/summer 26/Data Mining/research project/archive\train\Malignant\5378.jpg,Malignant,1
D:/university/summer 26/Data Mining/research project/archive\train\Malignant\793.jpg,Malignant,1
D:/university/summer 26/Data Mining/research project/archive\train\Malignant\24.jpg,Malignant,1
D:/university/summer 26/Data Mining/research project/archive\train\Malignant\1522.jpg,Malignant,1
D:/university/summer 26/Data Mining/research project/archive\train\Benign\4124.jpg,Benign,0
D:/university/summer 26/Data Mining/research project/archive\train\Benign\1944.jpg,Benign,0
D:/university/summer 26/Data Mining/research project/archive\train\Benign\1035.jpg,Benign,0
D:/university/summer 26/Data Mining/research project/archive\train\Benign\4705.jpg,Benign,0
D:/university/summer 26/Data Mining/research project/archive\train\Benign\2134.jpg,Benign,0
D:/university/summer 26/Data Mining/research project/archive\train\Benign\3637.jpg,Benign,0
D:/university/summer 26/Data Mining/research project/archive\train\Malignant\83.jpg,Malignant,1
D:/university/summer 26/Data Mining/research project/archive\train\Benign\2659.jpg,Benign,0
D:/university/summer 26/Data Mining/research project/archive\train\Malignant\1842.jpg,Malignant,1
D:/university/summer 26/Data Mining/research project/archive\train\Benign\5136.jpg,Benign,0
D:/university/summer 26/Data Mining/research project/archive\train\Benign\2593.jpg,Benign,0
D:/university/summer 26/Data Mining/research project/archive\train\Malignant\374.jpg,Malignant,1
D:/university/summer 26/Data Mining/research project/archive\train\Malignant\494.jpg,Malignant,1
D:/university/summer 26/Data Mining/research project/archive\train\Benign\994.jpg,Benign,0
D:/university/summer 26/Data Mining/research project/archive\train\Malignant\285.jpg,Malignant,1
D:/university/summer 26/Data Mining/research project/archive\train\Malignant\1587.jpg,Malignant,1
D:/university/summer 26/Data Mining/research project/archive\train\Malignant\925.jpg,Malignant,1
D:/university/summer 26/Data Mining/research project/archive\train\Malignant\2946.jpg,Malignant,1
D:/university/summer 26/Data Mining/research project/archive\train\Malignant\2870.jpg,Malignant,1
D:/university/summer 26/Data Mining/research project/archive\train\Malignant\4881.jpg,Malignant,1
D:/university/summer 26/Data Mining/research project/archive\train\Malignant\5007.jpg,Malignant,1
D:/university/summer 26/Data Mining/research project/archive\train\Benign\1806.jpg,Benign,0
D:/university/summer 26/Data Mining/research project/archive\train\Benign\1820.jpg,Benign,0
D:/university/summer 26/Data Mining/research project/archive\train\Benign\1764.jpg,Benign,0
D:/university/summer 26/Data Mining/research project/archive\train\Malignant\1545.jpg,Malignant,1
D:/university/summer 26/Data Mining/research project/archive\train\Malignant\548.jpg,Malignant,1
D:/university/summer 26/Data Mining/research project/archive\train\Benign\4406.jpg,Benign,0
D:/university/summer 26/Data Mining/research project/archive\train\Benign\6033.jpg,Benign,0
D:/university/summer 26/Data Mining/research project/archive\train\Benign\1950.jpg,Benign,0
D:/university/summer 26/Data Mining/research project/archive\train\Malignant\3647.jpg,Malignant,1
D:/university/summer 26/Data Mining/research project/archive\train\Malignant\1580.jpg,Malignant,1
D:/university/summer 26/Data Mining/research project/archive\train\Benign\336.jpg,Benign,0
D:/university/summer 26/Data Mining/research project/archive\train\Benign\3701.jpg,Benign,0
D:/university/summer 26/Data Mining/research project/archive\train\Malignant\397.jpg,Malignant,1
D:/university/summer 26/Data Mining/research project/archive\train\Benign\1427.jpg,Benign,0
D:/university/summer 26/Data Mining/research project/archive\train\Malignant\2611.jpg,Malignant,1
D:/university/summer 26/Data Mining/research project/archive\train\Malignant\3087.jpg,Malignant,1
D:/university/summer 26/Data Mining/research project/archive\train\Benign\866.jpg,Benign,0
D:/university/summer 26/Data Mining/research project/archive\train\Benign\669.jpg,Benign,0
D:/university/summer 26/Data Mining/research project/archive\train\Malignant\5405.jpg,Malignant,1
D:/university/summer 26/Data Mining/research project/archive\train\Benign\5141.jpg,Benign,0
D:/university/summer 26/Data Mining/research project/archive\train\Malignant\1957.jpg,Malignant,1
D:/university/summer 26/Data Mining/research project/archive\train\Malignant\5243.jpg,Malignant,1
D:/university/summer 26/Data Mining/research project/archive\train\Benign\5185.jpg,Benign,0
D:/university/summer 26/Data Mining/research project/archive\train\Benign\6135.jpg,Benign,0
D:/university/summer 26/Data Mining/research project/archive\train\Malignant\1454.jpg,Malignant,1
D:/university/summer 26/Data Mining/research project/archive\train\Malignant\827.jpg,Malignant,1
D:/university/summer 26/Data Mining/research project/archive\train\Benign\1272.jpg,Benign,0
D:/university/summer 26/Data Mining/research project/archive\train\Malignant\2457.jpg,Malignant,1
D:/university/summer 26/Data Mining/research project/archive\train\Malignant\3625.jpg,Malignant,1
D:/university/summer 26/Data Mining/research project/archive\train\Benign\2647.jpg,Benign,0
D:/university/summer 26/Data Mining/research project/archive\train\Benign\3588.jpg,Benign,0
D:/university/summer 26/Data Mining/research project/archive\train\Benign\325.jpg,Benign,0
D:/university/summer 26/Data Mining/research project/archive\train\Benign\1771.jpg,Benign,0
D:/university/summer 26/Data Mining/research project/archive\train\Benign\3691.jpg,Benign,0
D:/university/summer 26/Data Mining/research project/archive\train\Malignant\4371.jpg,Malignant,1
D:/university/summer 26/Data Mining/research project/archive\train\Malignant\2499.jpg,Malignant,1
D:/university/summer 26/Data Mining/research project/archive\train\Benign\5298.jpg,Benign,0
D:/university/summer 26/Data Mining/research project/archive\train\Malignant\2400.jpg,Malignant,1
D:/university/summer 26/Data Mining/research project/archive\train\Benign\2188.jpg,Benign,0
D:/university/summer 26/Data Mining/research project/archive\train\Benign\5125.jpg,Benign,0
D:/university/summer 26/Data Mining/research project/archive\train\Benign\4257.jpg,Benign,0
D:/university/summer 26/Data Mining/research project/archive\train\Malignant\5093.jpg,Malignant,1
D:/university/summer 26/Data Mining/research project/archive\train\Malignant\4135.jpg,Malignant,1
D:/university/summer 26/Data Mining/research project/archive\train\Benign\3729.jpg,Benign,0
D:/university/summer 26/Data Mining/research project/archive\train\Benign\1837.jpg,Benign,0
D:/university/summer 26/Data Mining/research project/archive\train\Benign\1853.jpg,Benign,0
D:/university/summer 26/Data Mining/research project/archive\train\Malignant\1109.jpg,Malignant,1
D:/university/summer 26/Data Mining/research project/archive\train\Malignant\4875.jpg,Malignant,1
D:/university/summer 26/Data Mining/research project/archive\train\Benign\4370.jpg,Benign,0
D:/university/summer 26/Data Mining/research project/archive\train\Benign\396.jpg,Benign,0
D:/university/summer 26/Data Mining/research project/archive\train\Benign\281.jpg,Benign,0
D:/university/summer 26/Data Mining/research project/archive\train\Benign\1434.jpg,Benign,0
D:/university/summer 26/Data Mining/research project/archive\train\Benign\5599.jpg,Benign,0
D:/university/summer 26/Data Mining/research project/archive\train\Malignant\3808.jpg,Malignant,1
D:/university/summer 26/Data Mining/research project/archive\train\Benign\5913.jpg,Benign,0
D:/university/summer 26/Data Mining/research project/archive\train\Benign\1591.jpg,Benign,0
D:/university/summer 26/Data Mining/research project/archive\train\Malignant\2642.jpg,Malignant,1
D:/university/summer 26/Data Mining/research project/archive\train\Benign\6111.jpg,Benign,0
D:/university/summer 26/Data Mining/research project/archive\train\Benign\3030.jpg,Benign,0
D:/university/summer 26/Data Mining/research project/archive\train\Malignant\3243.jpg,Malignant,1
D:/university/summer 26/Data Mining/research project/archive\train\Malignant\311.jpg,Malignant,1
D:/university/summer 26/Data Mining/research project/archive\train\Benign\4459.jpg,Benign,0
D:/university/summer 26/Data Mining/research project/archive\train\Malignant\1070.jpg,Malignant,1
D:/university/summer 26/Data Mining/research project/archive\train\Benign\3649.jpg,Benign,0
D:/university/summer 26/Data Mining/research project/archive\train\Benign\2100.jpg,Benign,0
D:/university/summer 26/Data Mining/research project/archive\train\Malignant\2373.jpg,Malignant,1
D:/university/summer 26/Data Mining/research project/archive\train\Benign\1947.jpg,Benign,0
D:/university/summer 26/Data Mining/research project/archive\train\Benign\1893.jpg,Benign,0
D:/university/summer 26/Data Mining/research project/archive\train\Benign\4191.jpg,Benign,0
D:/university/summer 26/Data Mining/research project/archive\train\Benign\1717.jpg,Benign,0
D:/university/summer 26/Data Mining/research project/archive\train\Benign\166.jpg,Benign,0
D:/university/summer 26/Data Mining/research project/archive\train\Benign\456.jpg,Benign,0
D:/university/summer 26/Data Mining/research project/archive\train\Benign\129.jpg,Benign,0
D:/university/summer 26/Data Mining/research project/archive\train\Benign\3879.jpg,Benign,0
D:/university/summer 26/Data Mining/research project/archive\train\Malignant\542.jpg,Malignant,1
D:/university/summer 26/Data Mining/research project/archive\train\Benign\1550.jpg,Benign,0
D:/university/summer 26/Data Mining/research project/archive\train\Malignant\3822.jpg,Malignant,1
D:/university/summer 26/Data Mining/research project/archive\train\Malignant\3941.jpg,Malignant,1
D:/university/summer 26/Data Mining/research project/archive\train\Benign\3690.jpg,Benign,0
D:/university/summer 26/Data Mining/research project/archive\train\Malignant\2504.jpg,Malignant,1
D:/university/summer 26/Data Mining/research project/archive\train\Malignant\2954.jpg,Malignant,1
D:/university/summer 26/Data Mining/research project/archive\train\Malignant\5379.jpg,Malignant,1
D:/university/summer 26/Data Mining/research project/archive\train\Benign\3528.jpg,Benign,0
D:/university/summer 26/Data Mining/research project/archive\train\Malignant\775.jpg,Malignant,1
D:/university/summer 26/Data Mining/research project/archive\train\Benign\1841.jpg,Benign,0
D:/university/summer 26/Data Mining/research project/archive\train\Benign\997.jpg,Benign,0
D:/university/summer 26/Data Mining/research project/archive\train\Malignant\1383.jpg,Malignant,1
D:/university/summer 26/Data Mining/research project/archive\train\Malignant\4822.jpg,Malignant,1
D:/university/summer 26/Data Mining/research project/archive\train\Benign\5740.jpg,Benign,0
D:/university/summer 26/Data Mining/research project/archive\train\Malignant\5495.jpg,Malignant,1
D:/university/summer 26/Data Mining/research project/archive\train\Benign\5355.jpg,Benign,0
D:/university/summer 26/Data Mining/research project/archive\train\Benign\76.jpg,Benign,0
D:/university/summer 26/Data Mining/research project/archive\train\Benign\860.jpg,Benign,0
D:/university/summer 26/Data Mining/research project/archive\train\Malignant\107.jpg,Malignant,1
D:/university/summer 26/Data Mining/research project/archive\train\Malignant\4941.jpg,Malignant,1
D:/university/summer 26/Data Mining/research project/archive\train\Benign\3971.jpg,Benign,0
